ISO-10303-21;
HEADER;
FILE_DESCRIPTION(('Open CASCADE Model'),'2;1');
FILE_NAME('Open CASCADE Shape Model','2026-08-14T20:37:42',('Author'),(
    'Open CASCADE'),'Open CASCADE STEP processor 7.5','Open CASCADE 7.5'
  ,'Unknown');
FILE_SCHEMA(('AUTOMOTIVE_DESIGN { 1 0 10303 214 1 1 1 1 }'));
ENDSEC;
DATA;
#1 = APPLICATION_PROTOCOL_DEFINITION('international standard',
  'automotive_design',2000,#2);
#2 = APPLICATION_CONTEXT(
  'core data for automotive mechanical design processes');
#3 = SHAPE_DEFINITION_REPRESENTATION(#4,#10);
#4 = PRODUCT_DEFINITION_SHAPE('','',#5);
#5 = PRODUCT_DEFINITION('design','',#6,#9);
#6 = PRODUCT_DEFINITION_FORMATION('','',#7);
#7 = PRODUCT('PCB','PCB','',(#8));
#8 = PRODUCT_CONTEXT('',#2,'mechanical');
#9 = PRODUCT_DEFINITION_CONTEXT('part definition',#2,'design');
#10 = SHAPE_REPRESENTATION('',(#11,#15,#19,#23,#27,#31,#35,#39),#43);
#11 = AXIS2_PLACEMENT_3D('',#12,#13,#14);
#12 = CARTESIAN_POINT('',(0.,0.,0.));
#13 = DIRECTION('',(0.,0.,1.));
#14 = DIRECTION('',(1.,0.,-0.));
#15 = AXIS2_PLACEMENT_3D('',#16,#17,#18);
#16 = CARTESIAN_POINT('',(0.,0.,0.));
#17 = DIRECTION('',(0.,0.,1.));
#18 = DIRECTION('',(1.,0.,-0.));
#19 = AXIS2_PLACEMENT_3D('',#20,#21,#22);
#20 = CARTESIAN_POINT('',(0.,0.,0.));
#21 = DIRECTION('',(0.,0.,1.));
#22 = DIRECTION('',(1.,0.,-0.));
#23 = AXIS2_PLACEMENT_3D('',#24,#25,#26);
#24 = CARTESIAN_POINT('',(0.,0.,0.));
#25 = DIRECTION('',(0.,0.,1.));
#26 = DIRECTION('',(1.,0.,-0.));
#27 = AXIS2_PLACEMENT_3D('',#28,#29,#30);
#28 = CARTESIAN_POINT('',(0.,0.,0.));
#29 = DIRECTION('',(0.,0.,1.));
#30 = DIRECTION('',(1.,0.,-0.));
#31 = AXIS2_PLACEMENT_3D('',#32,#33,#34);
#32 = CARTESIAN_POINT('',(0.,0.,0.));
#33 = DIRECTION('',(0.,0.,1.));
#34 = DIRECTION('',(1.,0.,-0.));
#35 = AXIS2_PLACEMENT_3D('',#36,#37,#38);
#36 = CARTESIAN_POINT('',(0.,0.,0.));
#37 = DIRECTION('',(0.,0.,1.));
#38 = DIRECTION('',(1.,0.,-0.));
#39 = AXIS2_PLACEMENT_3D('',#40,#41,#42);
#40 = CARTESIAN_POINT('',(0.,0.,0.));
#41 = DIRECTION('',(0.,0.,1.));
#42 = DIRECTION('',(1.,0.,-0.));
#43 = ( GEOMETRIC_REPRESENTATION_CONTEXT(3) 
GLOBAL_UNCERTAINTY_ASSIGNED_CONTEXT((#47)) GLOBAL_UNIT_ASSIGNED_CONTEXT(
(#44,#45,#46)) REPRESENTATION_CONTEXT('Context #1',
  '3D Context with UNIT and UNCERTAINTY') );
#44 = ( LENGTH_UNIT() NAMED_UNIT(*) SI_UNIT(.MILLI.,.METRE.) );
#45 = ( NAMED_UNIT(*) PLANE_ANGLE_UNIT() SI_UNIT($,.RADIAN.) );
#46 = ( NAMED_UNIT(*) SI_UNIT($,.STERADIAN.) SOLID_ANGLE_UNIT() );
#47 = UNCERTAINTY_MEASURE_WITH_UNIT(LENGTH_MEASURE(2.E-07),#44,
  'distance_accuracy_value','confusion accuracy');
#48 = PRODUCT_RELATED_PRODUCT_CATEGORY('part',$,(#7));
#49 = SHAPE_DEFINITION_REPRESENTATION(#50,#56);
#50 = PRODUCT_DEFINITION_SHAPE('','',#51);
#51 = PRODUCT_DEFINITION('design','',#52,#55);
#52 = PRODUCT_DEFINITION_FORMATION('','',#53);
#53 = PRODUCT('Board','Board','',(#54));
#54 = PRODUCT_CONTEXT('',#2,'mechanical');
#55 = PRODUCT_DEFINITION_CONTEXT('part definition',#2,'design');
#56 = SHAPE_REPRESENTATION('',(#11,#57),#61);
#57 = AXIS2_PLACEMENT_3D('',#58,#59,#60);
#58 = CARTESIAN_POINT('',(0.,0.,-0.41148));
#59 = DIRECTION('',(0.,0.,1.));
#60 = DIRECTION('',(1.,0.,-0.));
#61 = ( GEOMETRIC_REPRESENTATION_CONTEXT(3) 
GLOBAL_UNCERTAINTY_ASSIGNED_CONTEXT((#65)) GLOBAL_UNIT_ASSIGNED_CONTEXT(
(#62,#63,#64)) REPRESENTATION_CONTEXT('Context #1',
  '3D Context with UNIT and UNCERTAINTY') );
#62 = ( LENGTH_UNIT() NAMED_UNIT(*) SI_UNIT(.MILLI.,.METRE.) );
#63 = ( NAMED_UNIT(*) PLANE_ANGLE_UNIT() SI_UNIT($,.RADIAN.) );
#64 = ( NAMED_UNIT(*) SI_UNIT($,.STERADIAN.) SOLID_ANGLE_UNIT() );
#65 = UNCERTAINTY_MEASURE_WITH_UNIT(LENGTH_MEASURE(1.E-07),#62,
  'distance_accuracy_value','confusion accuracy');
#66 = ADVANCED_BREP_SHAPE_REPRESENTATION('',(#11,#67),#435);
#67 = MANIFOLD_SOLID_BREP('',#68);
#68 = CLOSED_SHELL('',(#69,#109,#142,#173,#206,#237,#270,#301,#325,#358,
    #391,#413));
#69 = ADVANCED_FACE('',(#70),#104,.T.);
#70 = FACE_BOUND('',#71,.T.);
#71 = EDGE_LOOP('',(#72,#82,#90,#98));
#72 = ORIENTED_EDGE('',*,*,#73,.T.);
#73 = EDGE_CURVE('',#74,#76,#78,.T.);
#74 = VERTEX_POINT('',#75);
#75 = CARTESIAN_POINT('',(48.895,53.98,0.));
#76 = VERTEX_POINT('',#77);
#77 = CARTESIAN_POINT('',(48.895,53.98,0.41148));
#78 = LINE('',#79,#80);
#79 = CARTESIAN_POINT('',(48.895,53.98,0.));
#80 = VECTOR('',#81,1.);
#81 = DIRECTION('',(0.,0.,1.));
#82 = ORIENTED_EDGE('',*,*,#83,.T.);
#83 = EDGE_CURVE('',#76,#84,#86,.T.);
#84 = VERTEX_POINT('',#85);
#85 = CARTESIAN_POINT('',(48.895,101.62,0.41148));
#86 = LINE('',#87,#88);
#87 = CARTESIAN_POINT('',(48.895,53.98,0.41148));
#88 = VECTOR('',#89,1.);
#89 = DIRECTION('',(0.,1.,0.));
#90 = ORIENTED_EDGE('',*,*,#91,.F.);
#91 = EDGE_CURVE('',#92,#84,#94,.T.);
#92 = VERTEX_POINT('',#93);
#93 = CARTESIAN_POINT('',(48.895,101.62,0.));
#94 = LINE('',#95,#96);
#95 = CARTESIAN_POINT('',(48.895,101.62,0.));
#96 = VECTOR('',#97,1.);
#97 = DIRECTION('',(0.,0.,1.));
#98 = ORIENTED_EDGE('',*,*,#99,.F.);
#99 = EDGE_CURVE('',#74,#92,#100,.T.);
#100 = LINE('',#101,#102);
#101 = CARTESIAN_POINT('',(48.895,53.98,0.));
#102 = VECTOR('',#103,1.);
#103 = DIRECTION('',(0.,1.,0.));
#104 = PLANE('',#105);
#105 = AXIS2_PLACEMENT_3D('',#106,#107,#108);
#106 = CARTESIAN_POINT('',(48.895,53.98,0.));
#107 = DIRECTION('',(-1.,0.,0.));
#108 = DIRECTION('',(0.,1.,0.));
#109 = ADVANCED_FACE('',(#110),#137,.T.);
#110 = FACE_BOUND('',#111,.T.);
#111 = EDGE_LOOP('',(#112,#113,#122,#130));
#112 = ORIENTED_EDGE('',*,*,#91,.T.);
#113 = ORIENTED_EDGE('',*,*,#114,.T.);
#114 = EDGE_CURVE('',#84,#115,#117,.T.);
#115 = VERTEX_POINT('',#116);
#116 = CARTESIAN_POINT('',(52.075,104.8,0.41148));
#117 = CIRCLE('',#118,3.178633829375);
#118 = AXIS2_PLACEMENT_3D('',#119,#120,#121);
#119 = CARTESIAN_POINT('',(52.07363353566,101.62136646434,0.41148));
#120 = DIRECTION('',(0.,0.,-1.));
#121 = DIRECTION('',(-0.999999907597,-4.298904539685E-04,-0.));
#122 = ORIENTED_EDGE('',*,*,#123,.F.);
#123 = EDGE_CURVE('',#124,#115,#126,.T.);
#124 = VERTEX_POINT('',#125);
#125 = CARTESIAN_POINT('',(52.075,104.8,0.));
#126 = LINE('',#127,#128);
#127 = CARTESIAN_POINT('',(52.075,104.8,0.));
#128 = VECTOR('',#129,1.);
#129 = DIRECTION('',(0.,0.,1.));
#130 = ORIENTED_EDGE('',*,*,#131,.F.);
#131 = EDGE_CURVE('',#92,#124,#132,.T.);
#132 = CIRCLE('',#133,3.178633829375);
#133 = AXIS2_PLACEMENT_3D('',#134,#135,#136);
#134 = CARTESIAN_POINT('',(52.07363353566,101.62136646434,0.));
#135 = DIRECTION('',(0.,0.,-1.));
#136 = DIRECTION('',(-0.999999907597,-4.298904539685E-04,-0.));
#137 = CYLINDRICAL_SURFACE('',#138,3.178633829375);
#138 = AXIS2_PLACEMENT_3D('',#139,#140,#141);
#139 = CARTESIAN_POINT('',(52.07363353566,101.62136646434,0.));
#140 = DIRECTION('',(0.,0.,-1.));
#141 = DIRECTION('',(-0.999999907597,-4.298904539685E-04,-0.));
#142 = ADVANCED_FACE('',(#143),#168,.T.);
#143 = FACE_BOUND('',#144,.T.);
#144 = EDGE_LOOP('',(#145,#146,#154,#162));
#145 = ORIENTED_EDGE('',*,*,#123,.T.);
#146 = ORIENTED_EDGE('',*,*,#147,.T.);
#147 = EDGE_CURVE('',#115,#148,#150,.T.);
#148 = VERTEX_POINT('',#149);
#149 = CARTESIAN_POINT('',(131.315,104.8,0.41148));
#150 = LINE('',#151,#152);
#151 = CARTESIAN_POINT('',(52.075,104.8,0.41148));
#152 = VECTOR('',#153,1.);
#153 = DIRECTION('',(1.,0.,0.));
#154 = ORIENTED_EDGE('',*,*,#155,.F.);
#155 = EDGE_CURVE('',#156,#148,#158,.T.);
#156 = VERTEX_POINT('',#157);
#157 = CARTESIAN_POINT('',(131.315,104.8,0.));
#158 = LINE('',#159,#160);
#159 = CARTESIAN_POINT('',(131.315,104.8,0.));
#160 = VECTOR('',#161,1.);
#161 = DIRECTION('',(0.,0.,1.));
#162 = ORIENTED_EDGE('',*,*,#163,.F.);
#163 = EDGE_CURVE('',#124,#156,#164,.T.);
#164 = LINE('',#165,#166);
#165 = CARTESIAN_POINT('',(52.075,104.8,0.));
#166 = VECTOR('',#167,1.);
#167 = DIRECTION('',(1.,0.,0.));
#168 = PLANE('',#169);
#169 = AXIS2_PLACEMENT_3D('',#170,#171,#172);
#170 = CARTESIAN_POINT('',(52.075,104.8,0.));
#171 = DIRECTION('',(0.,1.,0.));
#172 = DIRECTION('',(1.,0.,0.));
#173 = ADVANCED_FACE('',(#174),#201,.T.);
#174 = FACE_BOUND('',#175,.T.);
#175 = EDGE_LOOP('',(#176,#177,#186,#194));
#176 = ORIENTED_EDGE('',*,*,#155,.T.);
#177 = ORIENTED_EDGE('',*,*,#178,.T.);
#178 = EDGE_CURVE('',#148,#179,#181,.T.);
#179 = VERTEX_POINT('',#180);
#180 = CARTESIAN_POINT('',(134.495,101.62,0.41148));
#181 = CIRCLE('',#182,3.178633829375);
#182 = AXIS2_PLACEMENT_3D('',#183,#184,#185);
#183 = CARTESIAN_POINT('',(131.31636646434,101.62136646434,0.41148));
#184 = DIRECTION('',(0.,0.,-1.));
#185 = DIRECTION('',(-4.298904539729E-04,0.999999907597,0.));
#186 = ORIENTED_EDGE('',*,*,#187,.F.);
#187 = EDGE_CURVE('',#188,#179,#190,.T.);
#188 = VERTEX_POINT('',#189);
#189 = CARTESIAN_POINT('',(134.495,101.62,0.));
#190 = LINE('',#191,#192);
#191 = CARTESIAN_POINT('',(134.495,101.62,0.));
#192 = VECTOR('',#193,1.);
#193 = DIRECTION('',(0.,0.,1.));
#194 = ORIENTED_EDGE('',*,*,#195,.F.);
#195 = EDGE_CURVE('',#156,#188,#196,.T.);
#196 = CIRCLE('',#197,3.178633829375);
#197 = AXIS2_PLACEMENT_3D('',#198,#199,#200);
#198 = CARTESIAN_POINT('',(131.31636646434,101.62136646434,0.));
#199 = DIRECTION('',(0.,0.,-1.));
#200 = DIRECTION('',(-4.298904539729E-04,0.999999907597,0.));
#201 = CYLINDRICAL_SURFACE('',#202,3.178633829375);
#202 = AXIS2_PLACEMENT_3D('',#203,#204,#205);
#203 = CARTESIAN_POINT('',(131.31636646434,101.62136646434,0.));
#204 = DIRECTION('',(0.,0.,-1.));
#205 = DIRECTION('',(-4.298904539729E-04,0.999999907597,0.));
#206 = ADVANCED_FACE('',(#207),#232,.T.);
#207 = FACE_BOUND('',#208,.T.);
#208 = EDGE_LOOP('',(#209,#210,#218,#226));
#209 = ORIENTED_EDGE('',*,*,#187,.T.);
#210 = ORIENTED_EDGE('',*,*,#211,.T.);
#211 = EDGE_CURVE('',#179,#212,#214,.T.);
#212 = VERTEX_POINT('',#213);
#213 = CARTESIAN_POINT('',(134.495,53.98,0.41148));
#214 = LINE('',#215,#216);
#215 = CARTESIAN_POINT('',(134.495,101.62,0.41148));
#216 = VECTOR('',#217,1.);
#217 = DIRECTION('',(0.,-1.,0.));
#218 = ORIENTED_EDGE('',*,*,#219,.F.);
#219 = EDGE_CURVE('',#220,#212,#222,.T.);
#220 = VERTEX_POINT('',#221);
#221 = CARTESIAN_POINT('',(134.495,53.98,0.));
#222 = LINE('',#223,#224);
#223 = CARTESIAN_POINT('',(134.495,53.98,0.));
#224 = VECTOR('',#225,1.);
#225 = DIRECTION('',(0.,0.,1.));
#226 = ORIENTED_EDGE('',*,*,#227,.F.);
#227 = EDGE_CURVE('',#188,#220,#228,.T.);
#228 = LINE('',#229,#230);
#229 = CARTESIAN_POINT('',(134.495,101.62,0.));
#230 = VECTOR('',#231,1.);
#231 = DIRECTION('',(0.,-1.,0.));
#232 = PLANE('',#233);
#233 = AXIS2_PLACEMENT_3D('',#234,#235,#236);
#234 = CARTESIAN_POINT('',(134.495,101.62,0.));
#235 = DIRECTION('',(1.,0.,-0.));
#236 = DIRECTION('',(0.,-1.,0.));
#237 = ADVANCED_FACE('',(#238),#265,.T.);
#238 = FACE_BOUND('',#239,.T.);
#239 = EDGE_LOOP('',(#240,#241,#250,#258));
#240 = ORIENTED_EDGE('',*,*,#219,.T.);
#241 = ORIENTED_EDGE('',*,*,#242,.T.);
#242 = EDGE_CURVE('',#212,#243,#245,.T.);
#243 = VERTEX_POINT('',#244);
#244 = CARTESIAN_POINT('',(131.315,50.8,0.41148));
#245 = CIRCLE('',#246,3.178633829375);
#246 = AXIS2_PLACEMENT_3D('',#247,#248,#249);
#247 = CARTESIAN_POINT('',(131.31636646434,53.97863353566,0.41148));
#248 = DIRECTION('',(0.,0.,-1.));
#249 = DIRECTION('',(0.999999907597,4.29890453964E-04,0.));
#250 = ORIENTED_EDGE('',*,*,#251,.F.);
#251 = EDGE_CURVE('',#252,#243,#254,.T.);
#252 = VERTEX_POINT('',#253);
#253 = CARTESIAN_POINT('',(131.315,50.8,0.));
#254 = LINE('',#255,#256);
#255 = CARTESIAN_POINT('',(131.315,50.8,0.));
#256 = VECTOR('',#257,1.);
#257 = DIRECTION('',(0.,0.,1.));
#258 = ORIENTED_EDGE('',*,*,#259,.F.);
#259 = EDGE_CURVE('',#220,#252,#260,.T.);
#260 = CIRCLE('',#261,3.178633829375);
#261 = AXIS2_PLACEMENT_3D('',#262,#263,#264);
#262 = CARTESIAN_POINT('',(131.31636646434,53.97863353566,0.));
#263 = DIRECTION('',(0.,0.,-1.));
#264 = DIRECTION('',(0.999999907597,4.29890453964E-04,0.));
#265 = CYLINDRICAL_SURFACE('',#266,3.178633829375);
#266 = AXIS2_PLACEMENT_3D('',#267,#268,#269);
#267 = CARTESIAN_POINT('',(131.31636646434,53.97863353566,0.));
#268 = DIRECTION('',(0.,0.,-1.));
#269 = DIRECTION('',(0.999999907597,4.29890453964E-04,0.));
#270 = ADVANCED_FACE('',(#271),#296,.T.);
#271 = FACE_BOUND('',#272,.T.);
#272 = EDGE_LOOP('',(#273,#274,#282,#290));
#273 = ORIENTED_EDGE('',*,*,#251,.T.);
#274 = ORIENTED_EDGE('',*,*,#275,.T.);
#275 = EDGE_CURVE('',#243,#276,#278,.T.);
#276 = VERTEX_POINT('',#277);
#277 = CARTESIAN_POINT('',(52.075,50.8,0.41148));
#278 = LINE('',#279,#280);
#279 = CARTESIAN_POINT('',(131.315,50.8,0.41148));
#280 = VECTOR('',#281,1.);
#281 = DIRECTION('',(-1.,0.,0.));
#282 = ORIENTED_EDGE('',*,*,#283,.F.);
#283 = EDGE_CURVE('',#284,#276,#286,.T.);
#284 = VERTEX_POINT('',#285);
#285 = CARTESIAN_POINT('',(52.075,50.8,0.));
#286 = LINE('',#287,#288);
#287 = CARTESIAN_POINT('',(52.075,50.8,0.));
#288 = VECTOR('',#289,1.);
#289 = DIRECTION('',(0.,0.,1.));
#290 = ORIENTED_EDGE('',*,*,#291,.F.);
#291 = EDGE_CURVE('',#252,#284,#292,.T.);
#292 = LINE('',#293,#294);
#293 = CARTESIAN_POINT('',(131.315,50.8,0.));
#294 = VECTOR('',#295,1.);
#295 = DIRECTION('',(-1.,0.,0.));
#296 = PLANE('',#297);
#297 = AXIS2_PLACEMENT_3D('',#298,#299,#300);
#298 = CARTESIAN_POINT('',(131.315,50.8,0.));
#299 = DIRECTION('',(0.,-1.,0.));
#300 = DIRECTION('',(-1.,0.,0.));
#301 = ADVANCED_FACE('',(#302),#320,.T.);
#302 = FACE_BOUND('',#303,.T.);
#303 = EDGE_LOOP('',(#304,#305,#312,#313));
#304 = ORIENTED_EDGE('',*,*,#283,.T.);
#305 = ORIENTED_EDGE('',*,*,#306,.T.);
#306 = EDGE_CURVE('',#276,#76,#307,.T.);
#307 = CIRCLE('',#308,3.178633829375);
#308 = AXIS2_PLACEMENT_3D('',#309,#310,#311);
#309 = CARTESIAN_POINT('',(52.07363353566,53.97863353566,0.41148));
#310 = DIRECTION('',(0.,0.,-1.));
#311 = DIRECTION('',(4.298904539662E-04,-0.999999907597,0.));
#312 = ORIENTED_EDGE('',*,*,#73,.F.);
#313 = ORIENTED_EDGE('',*,*,#314,.F.);
#314 = EDGE_CURVE('',#284,#74,#315,.T.);
#315 = CIRCLE('',#316,3.178633829375);
#316 = AXIS2_PLACEMENT_3D('',#317,#318,#319);
#317 = CARTESIAN_POINT('',(52.07363353566,53.97863353566,0.));
#318 = DIRECTION('',(0.,0.,-1.));
#319 = DIRECTION('',(4.298904539662E-04,-0.999999907597,0.));
#320 = CYLINDRICAL_SURFACE('',#321,3.178633829375);
#321 = AXIS2_PLACEMENT_3D('',#322,#323,#324);
#322 = CARTESIAN_POINT('',(52.07363353566,53.97863353566,0.));
#323 = DIRECTION('',(0.,0.,-1.));
#324 = DIRECTION('',(4.298904539662E-04,-0.999999907597,0.));
#325 = ADVANCED_FACE('',(#326),#353,.F.);
#326 = FACE_BOUND('',#327,.T.);
#327 = EDGE_LOOP('',(#328,#338,#345,#346));
#328 = ORIENTED_EDGE('',*,*,#329,.T.);
#329 = EDGE_CURVE('',#330,#332,#334,.T.);
#330 = VERTEX_POINT('',#331);
#331 = CARTESIAN_POINT('',(117.856,92.71,0.));
#332 = VERTEX_POINT('',#333);
#333 = CARTESIAN_POINT('',(117.856,92.71,0.41148));
#334 = LINE('',#335,#336);
#335 = CARTESIAN_POINT('',(117.856,92.71,0.));
#336 = VECTOR('',#337,1.);
#337 = DIRECTION('',(0.,0.,1.));
#338 = ORIENTED_EDGE('',*,*,#339,.T.);
#339 = EDGE_CURVE('',#332,#332,#340,.T.);
#340 = CIRCLE('',#341,0.381);
#341 = AXIS2_PLACEMENT_3D('',#342,#343,#344);
#342 = CARTESIAN_POINT('',(117.475,92.71,0.41148));
#343 = DIRECTION('',(0.,0.,1.));
#344 = DIRECTION('',(1.,0.,-0.));
#345 = ORIENTED_EDGE('',*,*,#329,.F.);
#346 = ORIENTED_EDGE('',*,*,#347,.F.);
#347 = EDGE_CURVE('',#330,#330,#348,.T.);
#348 = CIRCLE('',#349,0.381);
#349 = AXIS2_PLACEMENT_3D('',#350,#351,#352);
#350 = CARTESIAN_POINT('',(117.475,92.71,0.));
#351 = DIRECTION('',(0.,0.,1.));
#352 = DIRECTION('',(1.,0.,-0.));
#353 = CYLINDRICAL_SURFACE('',#354,0.381);
#354 = AXIS2_PLACEMENT_3D('',#355,#356,#357);
#355 = CARTESIAN_POINT('',(117.475,92.71,0.));
#356 = DIRECTION('',(-0.,-0.,-1.));
#357 = DIRECTION('',(1.,0.,-0.));
#358 = ADVANCED_FACE('',(#359),#386,.F.);
#359 = FACE_BOUND('',#360,.T.);
#360 = EDGE_LOOP('',(#361,#371,#378,#379));
#361 = ORIENTED_EDGE('',*,*,#362,.T.);
#362 = EDGE_CURVE('',#363,#365,#367,.T.);
#363 = VERTEX_POINT('',#364);
#364 = CARTESIAN_POINT('',(119.857,98.56,0.));
#365 = VERTEX_POINT('',#366);
#366 = CARTESIAN_POINT('',(119.857,98.56,0.41148));
#367 = LINE('',#368,#369);
#368 = CARTESIAN_POINT('',(119.857,98.56,0.));
#369 = VECTOR('',#370,1.);
#370 = DIRECTION('',(0.,0.,1.));
#371 = ORIENTED_EDGE('',*,*,#372,.T.);
#372 = EDGE_CURVE('',#365,#365,#373,.T.);
#373 = CIRCLE('',#374,0.381);
#374 = AXIS2_PLACEMENT_3D('',#375,#376,#377);
#375 = CARTESIAN_POINT('',(119.476,98.56,0.41148));
#376 = DIRECTION('',(0.,0.,1.));
#377 = DIRECTION('',(1.,0.,-0.));
#378 = ORIENTED_EDGE('',*,*,#362,.F.);
#379 = ORIENTED_EDGE('',*,*,#380,.F.);
#380 = EDGE_CURVE('',#363,#363,#381,.T.);
#381 = CIRCLE('',#382,0.381);
#382 = AXIS2_PLACEMENT_3D('',#383,#384,#385);
#383 = CARTESIAN_POINT('',(119.476,98.56,0.));
#384 = DIRECTION('',(0.,0.,1.));
#385 = DIRECTION('',(1.,0.,-0.));
#386 = CYLINDRICAL_SURFACE('',#387,0.381);
#387 = AXIS2_PLACEMENT_3D('',#388,#389,#390);
#388 = CARTESIAN_POINT('',(119.476,98.56,0.));
#389 = DIRECTION('',(-0.,-0.,-1.));
#390 = DIRECTION('',(1.,0.,-0.));
#391 = ADVANCED_FACE('',(#392,#402,#405),#408,.T.);
#392 = FACE_BOUND('',#393,.T.);
#393 = EDGE_LOOP('',(#394,#395,#396,#397,#398,#399,#400,#401));
#394 = ORIENTED_EDGE('',*,*,#99,.T.);
#395 = ORIENTED_EDGE('',*,*,#131,.T.);
#396 = ORIENTED_EDGE('',*,*,#163,.T.);
#397 = ORIENTED_EDGE('',*,*,#195,.T.);
#398 = ORIENTED_EDGE('',*,*,#227,.T.);
#399 = ORIENTED_EDGE('',*,*,#259,.T.);
#400 = ORIENTED_EDGE('',*,*,#291,.T.);
#401 = ORIENTED_EDGE('',*,*,#314,.T.);
#402 = FACE_BOUND('',#403,.T.);
#403 = EDGE_LOOP('',(#404));
#404 = ORIENTED_EDGE('',*,*,#347,.T.);
#405 = FACE_BOUND('',#406,.T.);
#406 = EDGE_LOOP('',(#407));
#407 = ORIENTED_EDGE('',*,*,#380,.T.);
#408 = PLANE('',#409);
#409 = AXIS2_PLACEMENT_3D('',#410,#411,#412);
#410 = CARTESIAN_POINT('',(91.695,77.8,0.));
#411 = DIRECTION('',(-0.,-0.,-1.));
#412 = DIRECTION('',(-1.,0.,0.));
#413 = ADVANCED_FACE('',(#414,#424,#427),#430,.F.);
#414 = FACE_BOUND('',#415,.F.);
#415 = EDGE_LOOP('',(#416,#417,#418,#419,#420,#421,#422,#423));
#416 = ORIENTED_EDGE('',*,*,#83,.T.);
#417 = ORIENTED_EDGE('',*,*,#114,.T.);
#418 = ORIENTED_EDGE('',*,*,#147,.T.);
#419 = ORIENTED_EDGE('',*,*,#178,.T.);
#420 = ORIENTED_EDGE('',*,*,#211,.T.);
#421 = ORIENTED_EDGE('',*,*,#242,.T.);
#422 = ORIENTED_EDGE('',*,*,#275,.T.);
#423 = ORIENTED_EDGE('',*,*,#306,.T.);
#424 = FACE_BOUND('',#425,.F.);
#425 = EDGE_LOOP('',(#426));
#426 = ORIENTED_EDGE('',*,*,#339,.T.);
#427 = FACE_BOUND('',#428,.F.);
#428 = EDGE_LOOP('',(#429));
#429 = ORIENTED_EDGE('',*,*,#372,.T.);
#430 = PLANE('',#431);
#431 = AXIS2_PLACEMENT_3D('',#432,#433,#434);
#432 = CARTESIAN_POINT('',(91.695,77.8,0.41148));
#433 = DIRECTION('',(-0.,-0.,-1.));
#434 = DIRECTION('',(-1.,0.,0.));
#435 = ( GEOMETRIC_REPRESENTATION_CONTEXT(3) 
GLOBAL_UNCERTAINTY_ASSIGNED_CONTEXT((#439)) GLOBAL_UNIT_ASSIGNED_CONTEXT
((#436,#437,#438)) REPRESENTATION_CONTEXT('Context #1',
  '3D Context with UNIT and UNCERTAINTY') );
#436 = ( LENGTH_UNIT() NAMED_UNIT(*) SI_UNIT(.MILLI.,.METRE.) );
#437 = ( NAMED_UNIT(*) PLANE_ANGLE_UNIT() SI_UNIT($,.RADIAN.) );
#438 = ( NAMED_UNIT(*) SI_UNIT($,.STERADIAN.) SOLID_ANGLE_UNIT() );
#439 = UNCERTAINTY_MEASURE_WITH_UNIT(LENGTH_MEASURE(1.E-07),#436,
  'distance_accuracy_value','confusion accuracy');
#440 = SHAPE_DEFINITION_REPRESENTATION(#441,#66);
#441 = PRODUCT_DEFINITION_SHAPE('','',#442);
#442 = PRODUCT_DEFINITION('design','',#443,#446);
#443 = PRODUCT_DEFINITION_FORMATION('','',#444);
#444 = PRODUCT('Open CASCADE STEP translator 7.5 1.1.1',
  'Open CASCADE STEP translator 7.5 1.1.1','',(#445));
#445 = PRODUCT_CONTEXT('',#2,'mechanical');
#446 = PRODUCT_DEFINITION_CONTEXT('part definition',#2,'design');
#447 = CONTEXT_DEPENDENT_SHAPE_REPRESENTATION(#448,#450);
#448 = ( REPRESENTATION_RELATIONSHIP('','',#66,#56) 
REPRESENTATION_RELATIONSHIP_WITH_TRANSFORMATION(#449) 
SHAPE_REPRESENTATION_RELATIONSHIP() );
#449 = ITEM_DEFINED_TRANSFORMATION('','',#11,#57);
#450 = PRODUCT_DEFINITION_SHAPE('Placement','Placement of an item',#451
  );
#451 = NEXT_ASSEMBLY_USAGE_OCCURRENCE('1','','',#51,#442,$);
#452 = PRODUCT_RELATED_PRODUCT_CATEGORY('part',$,(#444));
#453 = CONTEXT_DEPENDENT_SHAPE_REPRESENTATION(#454,#456);
#454 = ( REPRESENTATION_RELATIONSHIP('','',#56,#10) 
REPRESENTATION_RELATIONSHIP_WITH_TRANSFORMATION(#455) 
SHAPE_REPRESENTATION_RELATIONSHIP() );
#455 = ITEM_DEFINED_TRANSFORMATION('','',#11,#15);
#456 = PRODUCT_DEFINITION_SHAPE('Placement','Placement of an item',#457
  );
#457 = NEXT_ASSEMBLY_USAGE_OCCURRENCE('2','','',#5,#51,$);
#458 = PRODUCT_RELATED_PRODUCT_CATEGORY('part',$,(#53));
#459 = SHAPE_DEFINITION_REPRESENTATION(#460,#466);
#460 = PRODUCT_DEFINITION_SHAPE('','',#461);
#461 = PRODUCT_DEFINITION('design','',#462,#465);
#462 = PRODUCT_DEFINITION_FORMATION('','',#463);
#463 = PRODUCT('R3','R3','',(#464));
#464 = PRODUCT_CONTEXT('',#2,'mechanical');
#465 = PRODUCT_DEFINITION_CONTEXT('part definition',#2,'design');
#466 = SHAPE_REPRESENTATION('',(#11,#467),#471);
#467 = AXIS2_PLACEMENT_3D('',#468,#469,#470);
#468 = CARTESIAN_POINT('',(92.83699798584,99.059997558594,0.));
#469 = DIRECTION('',(-0.,0.,1.));
#470 = DIRECTION('',(1.19248806385E-08,-1.,0.));
#471 = ( GEOMETRIC_REPRESENTATION_CONTEXT(3) 
GLOBAL_UNCERTAINTY_ASSIGNED_CONTEXT((#475)) GLOBAL_UNIT_ASSIGNED_CONTEXT
((#472,#473,#474)) REPRESENTATION_CONTEXT('Context #1',
  '3D Context with UNIT and UNCERTAINTY') );
#472 = ( LENGTH_UNIT() NAMED_UNIT(*) SI_UNIT(.MILLI.,.METRE.) );
#473 = ( NAMED_UNIT(*) PLANE_ANGLE_UNIT() SI_UNIT($,.RADIAN.) );
#474 = ( NAMED_UNIT(*) SI_UNIT($,.STERADIAN.) SOLID_ANGLE_UNIT() );
#475 = UNCERTAINTY_MEASURE_WITH_UNIT(LENGTH_MEASURE(1.E-07),#472,
  'distance_accuracy_value','confusion accuracy');
#476 = SHAPE_DEFINITION_REPRESENTATION(#477,#483);
#477 = PRODUCT_DEFINITION_SHAPE('','',#478);
#478 = PRODUCT_DEFINITION('design','',#479,#482);
#479 = PRODUCT_DEFINITION_FORMATION('','',#480);
#480 = PRODUCT('231808688','231808688','',(#481));
#481 = PRODUCT_CONTEXT('',#2,'mechanical');
#482 = PRODUCT_DEFINITION_CONTEXT('part definition',#2,'design');
#483 = SHAPE_REPRESENTATION('',(#11,#484,#488,#492),#496);
#484 = AXIS2_PLACEMENT_3D('',#485,#486,#487);
#485 = CARTESIAN_POINT('',(-0.8,-0.4,0.));
#486 = DIRECTION('',(0.,0.,1.));
#487 = DIRECTION('',(1.,0.,0.));
#488 = AXIS2_PLACEMENT_3D('',#489,#490,#491);
#489 = CARTESIAN_POINT('',(0.5,-0.4,0.));
#490 = DIRECTION('',(0.,0.,1.));
#491 = DIRECTION('',(1.,0.,0.));
#492 = AXIS2_PLACEMENT_3D('',#493,#494,#495);
#493 = CARTESIAN_POINT('',(-0.5,-0.392,5.5E-03));
#494 = DIRECTION('',(0.,0.,1.));
#495 = DIRECTION('',(1.,0.,0.));
#496 = ( GEOMETRIC_REPRESENTATION_CONTEXT(3) 
GLOBAL_UNCERTAINTY_ASSIGNED_CONTEXT((#500)) GLOBAL_UNIT_ASSIGNED_CONTEXT
((#497,#498,#499)) REPRESENTATION_CONTEXT('Context #1',
  '3D Context with UNIT and UNCERTAINTY') );
#497 = ( LENGTH_UNIT() NAMED_UNIT(*) SI_UNIT(.MILLI.,.METRE.) );
#498 = ( NAMED_UNIT(*) PLANE_ANGLE_UNIT() SI_UNIT($,.RADIAN.) );
#499 = ( NAMED_UNIT(*) SI_UNIT($,.STERADIAN.) SOLID_ANGLE_UNIT() );
#500 = UNCERTAINTY_MEASURE_WITH_UNIT(LENGTH_MEASURE(1.E-07),#497,
  'distance_accuracy_value','confusion accuracy');
#501 = ADVANCED_BREP_SHAPE_REPRESENTATION('',(#11,#502),#652);
#502 = MANIFOLD_SOLID_BREP('',#503);
#503 = CLOSED_SHELL('',(#504,#544,#584,#606,#628,#640));
#504 = ADVANCED_FACE('',(#505),#539,.F.);
#505 = FACE_BOUND('',#506,.F.);
#506 = EDGE_LOOP('',(#507,#517,#525,#533));
#507 = ORIENTED_EDGE('',*,*,#508,.F.);
#508 = EDGE_CURVE('',#509,#511,#513,.T.);
#509 = VERTEX_POINT('',#510);
#510 = CARTESIAN_POINT('',(0.,0.,0.));
#511 = VERTEX_POINT('',#512);
#512 = CARTESIAN_POINT('',(0.,0.,0.55));
#513 = LINE('',#514,#515);
#514 = CARTESIAN_POINT('',(0.,0.,0.));
#515 = VECTOR('',#516,1.);
#516 = DIRECTION('',(0.,0.,1.));
#517 = ORIENTED_EDGE('',*,*,#518,.T.);
#518 = EDGE_CURVE('',#509,#519,#521,.T.);
#519 = VERTEX_POINT('',#520);
#520 = CARTESIAN_POINT('',(0.,0.8,0.));
#521 = LINE('',#522,#523);
#522 = CARTESIAN_POINT('',(0.,0.,0.));
#523 = VECTOR('',#524,1.);
#524 = DIRECTION('',(-0.,1.,0.));
#525 = ORIENTED_EDGE('',*,*,#526,.T.);
#526 = EDGE_CURVE('',#519,#527,#529,.T.);
#527 = VERTEX_POINT('',#528);
#528 = CARTESIAN_POINT('',(0.,0.8,0.55));
#529 = LINE('',#530,#531);
#530 = CARTESIAN_POINT('',(0.,0.8,0.));
#531 = VECTOR('',#532,1.);
#532 = DIRECTION('',(0.,0.,1.));
#533 = ORIENTED_EDGE('',*,*,#534,.F.);
#534 = EDGE_CURVE('',#511,#527,#535,.T.);
#535 = LINE('',#536,#537);
#536 = CARTESIAN_POINT('',(0.,0.,0.55));
#537 = VECTOR('',#538,1.);
#538 = DIRECTION('',(-0.,1.,0.));
#539 = PLANE('',#540);
#540 = AXIS2_PLACEMENT_3D('',#541,#542,#543);
#541 = CARTESIAN_POINT('',(0.,0.,0.));
#542 = DIRECTION('',(1.,0.,-0.));
#543 = DIRECTION('',(0.,0.,1.));
#544 = ADVANCED_FACE('',(#545),#579,.T.);
#545 = FACE_BOUND('',#546,.T.);
#546 = EDGE_LOOP('',(#547,#557,#565,#573));
#547 = ORIENTED_EDGE('',*,*,#548,.F.);
#548 = EDGE_CURVE('',#549,#551,#553,.T.);
#549 = VERTEX_POINT('',#550);
#550 = CARTESIAN_POINT('',(0.3,0.,0.));
#551 = VERTEX_POINT('',#552);
#552 = CARTESIAN_POINT('',(0.3,0.,0.55));
#553 = LINE('',#554,#555);
#554 = CARTESIAN_POINT('',(0.3,0.,0.));
#555 = VECTOR('',#556,1.);
#556 = DIRECTION('',(0.,0.,1.));
#557 = ORIENTED_EDGE('',*,*,#558,.T.);
#558 = EDGE_CURVE('',#549,#559,#561,.T.);
#559 = VERTEX_POINT('',#560);
#560 = CARTESIAN_POINT('',(0.3,0.8,0.));
#561 = LINE('',#562,#563);
#562 = CARTESIAN_POINT('',(0.3,0.,0.));
#563 = VECTOR('',#564,1.);
#564 = DIRECTION('',(-0.,1.,0.));
#565 = ORIENTED_EDGE('',*,*,#566,.T.);
#566 = EDGE_CURVE('',#559,#567,#569,.T.);
#567 = VERTEX_POINT('',#568);
#568 = CARTESIAN_POINT('',(0.3,0.8,0.55));
#569 = LINE('',#570,#571);
#570 = CARTESIAN_POINT('',(0.3,0.8,0.));
#571 = VECTOR('',#572,1.);
#572 = DIRECTION('',(0.,0.,1.));
#573 = ORIENTED_EDGE('',*,*,#574,.F.);
#574 = EDGE_CURVE('',#551,#567,#575,.T.);
#575 = LINE('',#576,#577);
#576 = CARTESIAN_POINT('',(0.3,0.,0.55));
#577 = VECTOR('',#578,1.);
#578 = DIRECTION('',(0.,1.,0.));
#579 = PLANE('',#580);
#580 = AXIS2_PLACEMENT_3D('',#581,#582,#583);
#581 = CARTESIAN_POINT('',(0.3,0.,0.));
#582 = DIRECTION('',(1.,0.,-0.));
#583 = DIRECTION('',(0.,0.,1.));
#584 = ADVANCED_FACE('',(#585),#601,.F.);
#585 = FACE_BOUND('',#586,.F.);
#586 = EDGE_LOOP('',(#587,#593,#594,#600));
#587 = ORIENTED_EDGE('',*,*,#588,.F.);
#588 = EDGE_CURVE('',#509,#549,#589,.T.);
#589 = LINE('',#590,#591);
#590 = CARTESIAN_POINT('',(0.,0.,0.));
#591 = VECTOR('',#592,1.);
#592 = DIRECTION('',(1.,0.,-0.));
#593 = ORIENTED_EDGE('',*,*,#508,.T.);
#594 = ORIENTED_EDGE('',*,*,#595,.T.);
#595 = EDGE_CURVE('',#511,#551,#596,.T.);
#596 = LINE('',#597,#598);
#597 = CARTESIAN_POINT('',(0.,0.,0.55));
#598 = VECTOR('',#599,1.);
#599 = DIRECTION('',(1.,0.,-0.));
#600 = ORIENTED_EDGE('',*,*,#548,.F.);
#601 = PLANE('',#602);
#602 = AXIS2_PLACEMENT_3D('',#603,#604,#605);
#603 = CARTESIAN_POINT('',(0.,0.,0.));
#604 = DIRECTION('',(-0.,1.,0.));
#605 = DIRECTION('',(0.,0.,1.));
#606 = ADVANCED_FACE('',(#607),#623,.T.);
#607 = FACE_BOUND('',#608,.T.);
#608 = EDGE_LOOP('',(#609,#615,#616,#622));
#609 = ORIENTED_EDGE('',*,*,#610,.F.);
#610 = EDGE_CURVE('',#519,#559,#611,.T.);
#611 = LINE('',#612,#613);
#612 = CARTESIAN_POINT('',(0.,0.8,0.));
#613 = VECTOR('',#614,1.);
#614 = DIRECTION('',(1.,0.,-0.));
#615 = ORIENTED_EDGE('',*,*,#526,.T.);
#616 = ORIENTED_EDGE('',*,*,#617,.T.);
#617 = EDGE_CURVE('',#527,#567,#618,.T.);
#618 = LINE('',#619,#620);
#619 = CARTESIAN_POINT('',(0.,0.8,0.55));
#620 = VECTOR('',#621,1.);
#621 = DIRECTION('',(1.,0.,-0.));
#622 = ORIENTED_EDGE('',*,*,#566,.F.);
#623 = PLANE('',#624);
#624 = AXIS2_PLACEMENT_3D('',#625,#626,#627);
#625 = CARTESIAN_POINT('',(0.,0.8,0.));
#626 = DIRECTION('',(-0.,1.,0.));
#627 = DIRECTION('',(0.,0.,1.));
#628 = ADVANCED_FACE('',(#629),#635,.F.);
#629 = FACE_BOUND('',#630,.F.);
#630 = EDGE_LOOP('',(#631,#632,#633,#634));
#631 = ORIENTED_EDGE('',*,*,#518,.F.);
#632 = ORIENTED_EDGE('',*,*,#588,.T.);
#633 = ORIENTED_EDGE('',*,*,#558,.T.);
#634 = ORIENTED_EDGE('',*,*,#610,.F.);
#635 = PLANE('',#636);
#636 = AXIS2_PLACEMENT_3D('',#637,#638,#639);
#637 = CARTESIAN_POINT('',(0.,0.,0.));
#638 = DIRECTION('',(0.,0.,1.));
#639 = DIRECTION('',(1.,0.,-0.));
#640 = ADVANCED_FACE('',(#641),#647,.T.);
#641 = FACE_BOUND('',#642,.T.);
#642 = EDGE_LOOP('',(#643,#644,#645,#646));
#643 = ORIENTED_EDGE('',*,*,#534,.F.);
#644 = ORIENTED_EDGE('',*,*,#595,.T.);
#645 = ORIENTED_EDGE('',*,*,#574,.T.);
#646 = ORIENTED_EDGE('',*,*,#617,.F.);
#647 = PLANE('',#648);
#648 = AXIS2_PLACEMENT_3D('',#649,#650,#651);
#649 = CARTESIAN_POINT('',(0.,0.,0.55));
#650 = DIRECTION('',(0.,0.,1.));
#651 = DIRECTION('',(1.,0.,-0.));
#652 = ( GEOMETRIC_REPRESENTATION_CONTEXT(3) 
GLOBAL_UNCERTAINTY_ASSIGNED_CONTEXT((#656)) GLOBAL_UNIT_ASSIGNED_CONTEXT
((#653,#654,#655)) REPRESENTATION_CONTEXT('Context #1',
  '3D Context with UNIT and UNCERTAINTY') );
#653 = ( LENGTH_UNIT() NAMED_UNIT(*) SI_UNIT(.MILLI.,.METRE.) );
#654 = ( NAMED_UNIT(*) PLANE_ANGLE_UNIT() SI_UNIT($,.RADIAN.) );
#655 = ( NAMED_UNIT(*) SI_UNIT($,.STERADIAN.) SOLID_ANGLE_UNIT() );
#656 = UNCERTAINTY_MEASURE_WITH_UNIT(LENGTH_MEASURE(1.E-07),#653,
  'distance_accuracy_value','confusion accuracy');
#657 = SHAPE_DEFINITION_REPRESENTATION(#658,#501);
#658 = PRODUCT_DEFINITION_SHAPE('','',#659);
#659 = PRODUCT_DEFINITION('design','',#660,#663);
#660 = PRODUCT_DEFINITION_FORMATION('','',#661);
#661 = PRODUCT('term1','term1','',(#662));
#662 = PRODUCT_CONTEXT('',#2,'mechanical');
#663 = PRODUCT_DEFINITION_CONTEXT('part definition',#2,'design');
#664 = CONTEXT_DEPENDENT_SHAPE_REPRESENTATION(#665,#667);
#665 = ( REPRESENTATION_RELATIONSHIP('','',#501,#483) 
REPRESENTATION_RELATIONSHIP_WITH_TRANSFORMATION(#666) 
SHAPE_REPRESENTATION_RELATIONSHIP() );
#666 = ITEM_DEFINED_TRANSFORMATION('','',#11,#484);
#667 = PRODUCT_DEFINITION_SHAPE('Placement','Placement of an item',#668
  );
#668 = NEXT_ASSEMBLY_USAGE_OCCURRENCE('3','=>[0:1:1:2]','',#478,#659,$);
#669 = PRODUCT_RELATED_PRODUCT_CATEGORY('part',$,(#661));
#670 = ADVANCED_BREP_SHAPE_REPRESENTATION('',(#11,#671),#821);
#671 = MANIFOLD_SOLID_BREP('',#672);
#672 = CLOSED_SHELL('',(#673,#713,#753,#775,#797,#809));
#673 = ADVANCED_FACE('',(#674),#708,.F.);
#674 = FACE_BOUND('',#675,.F.);
#675 = EDGE_LOOP('',(#676,#686,#694,#702));
#676 = ORIENTED_EDGE('',*,*,#677,.F.);
#677 = EDGE_CURVE('',#678,#680,#682,.T.);
#678 = VERTEX_POINT('',#679);
#679 = CARTESIAN_POINT('',(0.,0.,0.));
#680 = VERTEX_POINT('',#681);
#681 = CARTESIAN_POINT('',(0.,0.,0.55));
#682 = LINE('',#683,#684);
#683 = CARTESIAN_POINT('',(0.,0.,0.));
#684 = VECTOR('',#685,1.);
#685 = DIRECTION('',(0.,0.,1.));
#686 = ORIENTED_EDGE('',*,*,#687,.T.);
#687 = EDGE_CURVE('',#678,#688,#690,.T.);
#688 = VERTEX_POINT('',#689);
#689 = CARTESIAN_POINT('',(0.,0.8,0.));
#690 = LINE('',#691,#692);
#691 = CARTESIAN_POINT('',(0.,0.,0.));
#692 = VECTOR('',#693,1.);
#693 = DIRECTION('',(-0.,1.,0.));
#694 = ORIENTED_EDGE('',*,*,#695,.T.);
#695 = EDGE_CURVE('',#688,#696,#698,.T.);
#696 = VERTEX_POINT('',#697);
#697 = CARTESIAN_POINT('',(0.,0.8,0.55));
#698 = LINE('',#699,#700);
#699 = CARTESIAN_POINT('',(0.,0.8,0.));
#700 = VECTOR('',#701,1.);
#701 = DIRECTION('',(0.,0.,1.));
#702 = ORIENTED_EDGE('',*,*,#703,.F.);
#703 = EDGE_CURVE('',#680,#696,#704,.T.);
#704 = LINE('',#705,#706);
#705 = CARTESIAN_POINT('',(0.,0.,0.55));
#706 = VECTOR('',#707,1.);
#707 = DIRECTION('',(-0.,1.,0.));
#708 = PLANE('',#709);
#709 = AXIS2_PLACEMENT_3D('',#710,#711,#712);
#710 = CARTESIAN_POINT('',(0.,0.,0.));
#711 = DIRECTION('',(1.,0.,-0.));
#712 = DIRECTION('',(0.,0.,1.));
#713 = ADVANCED_FACE('',(#714),#748,.T.);
#714 = FACE_BOUND('',#715,.T.);
#715 = EDGE_LOOP('',(#716,#726,#734,#742));
#716 = ORIENTED_EDGE('',*,*,#717,.F.);
#717 = EDGE_CURVE('',#718,#720,#722,.T.);
#718 = VERTEX_POINT('',#719);
#719 = CARTESIAN_POINT('',(0.3,0.,0.));
#720 = VERTEX_POINT('',#721);
#721 = CARTESIAN_POINT('',(0.3,0.,0.55));
#722 = LINE('',#723,#724);
#723 = CARTESIAN_POINT('',(0.3,0.,0.));
#724 = VECTOR('',#725,1.);
#725 = DIRECTION('',(0.,0.,1.));
#726 = ORIENTED_EDGE('',*,*,#727,.T.);
#727 = EDGE_CURVE('',#718,#728,#730,.T.);
#728 = VERTEX_POINT('',#729);
#729 = CARTESIAN_POINT('',(0.3,0.8,0.));
#730 = LINE('',#731,#732);
#731 = CARTESIAN_POINT('',(0.3,0.,0.));
#732 = VECTOR('',#733,1.);
#733 = DIRECTION('',(-0.,1.,0.));
#734 = ORIENTED_EDGE('',*,*,#735,.T.);
#735 = EDGE_CURVE('',#728,#736,#738,.T.);
#736 = VERTEX_POINT('',#737);
#737 = CARTESIAN_POINT('',(0.3,0.8,0.55));
#738 = LINE('',#739,#740);
#739 = CARTESIAN_POINT('',(0.3,0.8,0.));
#740 = VECTOR('',#741,1.);
#741 = DIRECTION('',(0.,0.,1.));
#742 = ORIENTED_EDGE('',*,*,#743,.F.);
#743 = EDGE_CURVE('',#720,#736,#744,.T.);
#744 = LINE('',#745,#746);
#745 = CARTESIAN_POINT('',(0.3,0.,0.55));
#746 = VECTOR('',#747,1.);
#747 = DIRECTION('',(0.,1.,0.));
#748 = PLANE('',#749);
#749 = AXIS2_PLACEMENT_3D('',#750,#751,#752);
#750 = CARTESIAN_POINT('',(0.3,0.,0.));
#751 = DIRECTION('',(1.,0.,-0.));
#752 = DIRECTION('',(0.,0.,1.));
#753 = ADVANCED_FACE('',(#754),#770,.F.);
#754 = FACE_BOUND('',#755,.F.);
#755 = EDGE_LOOP('',(#756,#762,#763,#769));
#756 = ORIENTED_EDGE('',*,*,#757,.F.);
#757 = EDGE_CURVE('',#678,#718,#758,.T.);
#758 = LINE('',#759,#760);
#759 = CARTESIAN_POINT('',(0.,0.,0.));
#760 = VECTOR('',#761,1.);
#761 = DIRECTION('',(1.,0.,-0.));
#762 = ORIENTED_EDGE('',*,*,#677,.T.);
#763 = ORIENTED_EDGE('',*,*,#764,.T.);
#764 = EDGE_CURVE('',#680,#720,#765,.T.);
#765 = LINE('',#766,#767);
#766 = CARTESIAN_POINT('',(0.,0.,0.55));
#767 = VECTOR('',#768,1.);
#768 = DIRECTION('',(1.,0.,-0.));
#769 = ORIENTED_EDGE('',*,*,#717,.F.);
#770 = PLANE('',#771);
#771 = AXIS2_PLACEMENT_3D('',#772,#773,#774);
#772 = CARTESIAN_POINT('',(0.,0.,0.));
#773 = DIRECTION('',(-0.,1.,0.));
#774 = DIRECTION('',(0.,0.,1.));
#775 = ADVANCED_FACE('',(#776),#792,.T.);
#776 = FACE_BOUND('',#777,.T.);
#777 = EDGE_LOOP('',(#778,#784,#785,#791));
#778 = ORIENTED_EDGE('',*,*,#779,.F.);
#779 = EDGE_CURVE('',#688,#728,#780,.T.);
#780 = LINE('',#781,#782);
#781 = CARTESIAN_POINT('',(0.,0.8,0.));
#782 = VECTOR('',#783,1.);
#783 = DIRECTION('',(1.,0.,-0.));
#784 = ORIENTED_EDGE('',*,*,#695,.T.);
#785 = ORIENTED_EDGE('',*,*,#786,.T.);
#786 = EDGE_CURVE('',#696,#736,#787,.T.);
#787 = LINE('',#788,#789);
#788 = CARTESIAN_POINT('',(0.,0.8,0.55));
#789 = VECTOR('',#790,1.);
#790 = DIRECTION('',(1.,0.,-0.));
#791 = ORIENTED_EDGE('',*,*,#735,.F.);
#792 = PLANE('',#793);
#793 = AXIS2_PLACEMENT_3D('',#794,#795,#796);
#794 = CARTESIAN_POINT('',(0.,0.8,0.));
#795 = DIRECTION('',(-0.,1.,0.));
#796 = DIRECTION('',(0.,0.,1.));
#797 = ADVANCED_FACE('',(#798),#804,.F.);
#798 = FACE_BOUND('',#799,.F.);
#799 = EDGE_LOOP('',(#800,#801,#802,#803));
#800 = ORIENTED_EDGE('',*,*,#687,.F.);
#801 = ORIENTED_EDGE('',*,*,#757,.T.);
#802 = ORIENTED_EDGE('',*,*,#727,.T.);
#803 = ORIENTED_EDGE('',*,*,#779,.F.);
#804 = PLANE('',#805);
#805 = AXIS2_PLACEMENT_3D('',#806,#807,#808);
#806 = CARTESIAN_POINT('',(0.,0.,0.));
#807 = DIRECTION('',(0.,0.,1.));
#808 = DIRECTION('',(1.,0.,-0.));
#809 = ADVANCED_FACE('',(#810),#816,.T.);
#810 = FACE_BOUND('',#811,.T.);
#811 = EDGE_LOOP('',(#812,#813,#814,#815));
#812 = ORIENTED_EDGE('',*,*,#703,.F.);
#813 = ORIENTED_EDGE('',*,*,#764,.T.);
#814 = ORIENTED_EDGE('',*,*,#743,.T.);
#815 = ORIENTED_EDGE('',*,*,#786,.F.);
#816 = PLANE('',#817);
#817 = AXIS2_PLACEMENT_3D('',#818,#819,#820);
#818 = CARTESIAN_POINT('',(0.,0.,0.55));
#819 = DIRECTION('',(0.,0.,1.));
#820 = DIRECTION('',(1.,0.,-0.));
#821 = ( GEOMETRIC_REPRESENTATION_CONTEXT(3) 
GLOBAL_UNCERTAINTY_ASSIGNED_CONTEXT((#825)) GLOBAL_UNIT_ASSIGNED_CONTEXT
((#822,#823,#824)) REPRESENTATION_CONTEXT('Context #1',
  '3D Context with UNIT and UNCERTAINTY') );
#822 = ( LENGTH_UNIT() NAMED_UNIT(*) SI_UNIT(.MILLI.,.METRE.) );
#823 = ( NAMED_UNIT(*) PLANE_ANGLE_UNIT() SI_UNIT($,.RADIAN.) );
#824 = ( NAMED_UNIT(*) SI_UNIT($,.STERADIAN.) SOLID_ANGLE_UNIT() );
#825 = UNCERTAINTY_MEASURE_WITH_UNIT(LENGTH_MEASURE(1.E-07),#822,
  'distance_accuracy_value','confusion accuracy');
#826 = SHAPE_DEFINITION_REPRESENTATION(#827,#670);
#827 = PRODUCT_DEFINITION_SHAPE('','',#828);
#828 = PRODUCT_DEFINITION('design','',#829,#832);
#829 = PRODUCT_DEFINITION_FORMATION('','',#830);
#830 = PRODUCT('term2','term2','',(#831));
#831 = PRODUCT_CONTEXT('',#2,'mechanical');
#832 = PRODUCT_DEFINITION_CONTEXT('part definition',#2,'design');
#833 = CONTEXT_DEPENDENT_SHAPE_REPRESENTATION(#834,#836);
#834 = ( REPRESENTATION_RELATIONSHIP('','',#670,#483) 
REPRESENTATION_RELATIONSHIP_WITH_TRANSFORMATION(#835) 
SHAPE_REPRESENTATION_RELATIONSHIP() );
#835 = ITEM_DEFINED_TRANSFORMATION('','',#11,#488);
#836 = PRODUCT_DEFINITION_SHAPE('Placement','Placement of an item',#837
  );
#837 = NEXT_ASSEMBLY_USAGE_OCCURRENCE('4','=>[0:1:1:3]','',#478,#828,$);
#838 = PRODUCT_RELATED_PRODUCT_CATEGORY('part',$,(#830));
#839 = ADVANCED_BREP_SHAPE_REPRESENTATION('',(#11,#840),#990);
#840 = MANIFOLD_SOLID_BREP('',#841);
#841 = CLOSED_SHELL('',(#842,#882,#922,#944,#966,#978));
#842 = ADVANCED_FACE('',(#843),#877,.F.);
#843 = FACE_BOUND('',#844,.F.);
#844 = EDGE_LOOP('',(#845,#855,#863,#871));
#845 = ORIENTED_EDGE('',*,*,#846,.F.);
#846 = EDGE_CURVE('',#847,#849,#851,.T.);
#847 = VERTEX_POINT('',#848);
#848 = CARTESIAN_POINT('',(0.,0.,0.));
#849 = VERTEX_POINT('',#850);
#850 = CARTESIAN_POINT('',(0.,0.,0.539));
#851 = LINE('',#852,#853);
#852 = CARTESIAN_POINT('',(0.,0.,0.));
#853 = VECTOR('',#854,1.);
#854 = DIRECTION('',(0.,0.,1.));
#855 = ORIENTED_EDGE('',*,*,#856,.T.);
#856 = EDGE_CURVE('',#847,#857,#859,.T.);
#857 = VERTEX_POINT('',#858);
#858 = CARTESIAN_POINT('',(0.,0.784,0.));
#859 = LINE('',#860,#861);
#860 = CARTESIAN_POINT('',(0.,0.,0.));
#861 = VECTOR('',#862,1.);
#862 = DIRECTION('',(-0.,1.,0.));
#863 = ORIENTED_EDGE('',*,*,#864,.T.);
#864 = EDGE_CURVE('',#857,#865,#867,.T.);
#865 = VERTEX_POINT('',#866);
#866 = CARTESIAN_POINT('',(0.,0.784,0.539));
#867 = LINE('',#868,#869);
#868 = CARTESIAN_POINT('',(0.,0.784,0.));
#869 = VECTOR('',#870,1.);
#870 = DIRECTION('',(0.,0.,1.));
#871 = ORIENTED_EDGE('',*,*,#872,.F.);
#872 = EDGE_CURVE('',#849,#865,#873,.T.);
#873 = LINE('',#874,#875);
#874 = CARTESIAN_POINT('',(0.,0.,0.539));
#875 = VECTOR('',#876,1.);
#876 = DIRECTION('',(-0.,1.,0.));
#877 = PLANE('',#878);
#878 = AXIS2_PLACEMENT_3D('',#879,#880,#881);
#879 = CARTESIAN_POINT('',(0.,0.,0.));
#880 = DIRECTION('',(1.,0.,-0.));
#881 = DIRECTION('',(0.,0.,1.));
#882 = ADVANCED_FACE('',(#883),#917,.T.);
#883 = FACE_BOUND('',#884,.T.);
#884 = EDGE_LOOP('',(#885,#895,#903,#911));
#885 = ORIENTED_EDGE('',*,*,#886,.F.);
#886 = EDGE_CURVE('',#887,#889,#891,.T.);
#887 = VERTEX_POINT('',#888);
#888 = CARTESIAN_POINT('',(1.,0.,0.));
#889 = VERTEX_POINT('',#890);
#890 = CARTESIAN_POINT('',(1.,0.,0.539));
#891 = LINE('',#892,#893);
#892 = CARTESIAN_POINT('',(1.,0.,0.));
#893 = VECTOR('',#894,1.);
#894 = DIRECTION('',(0.,0.,1.));
#895 = ORIENTED_EDGE('',*,*,#896,.T.);
#896 = EDGE_CURVE('',#887,#897,#899,.T.);
#897 = VERTEX_POINT('',#898);
#898 = CARTESIAN_POINT('',(1.,0.784,0.));
#899 = LINE('',#900,#901);
#900 = CARTESIAN_POINT('',(1.,0.,0.));
#901 = VECTOR('',#902,1.);
#902 = DIRECTION('',(-0.,1.,0.));
#903 = ORIENTED_EDGE('',*,*,#904,.T.);
#904 = EDGE_CURVE('',#897,#905,#907,.T.);
#905 = VERTEX_POINT('',#906);
#906 = CARTESIAN_POINT('',(1.,0.784,0.539));
#907 = LINE('',#908,#909);
#908 = CARTESIAN_POINT('',(1.,0.784,0.));
#909 = VECTOR('',#910,1.);
#910 = DIRECTION('',(0.,0.,1.));
#911 = ORIENTED_EDGE('',*,*,#912,.F.);
#912 = EDGE_CURVE('',#889,#905,#913,.T.);
#913 = LINE('',#914,#915);
#914 = CARTESIAN_POINT('',(1.,0.,0.539));
#915 = VECTOR('',#916,1.);
#916 = DIRECTION('',(0.,1.,0.));
#917 = PLANE('',#918);
#918 = AXIS2_PLACEMENT_3D('',#919,#920,#921);
#919 = CARTESIAN_POINT('',(1.,0.,0.));
#920 = DIRECTION('',(1.,0.,-0.));
#921 = DIRECTION('',(0.,0.,1.));
#922 = ADVANCED_FACE('',(#923),#939,.F.);
#923 = FACE_BOUND('',#924,.F.);
#924 = EDGE_LOOP('',(#925,#931,#932,#938));
#925 = ORIENTED_EDGE('',*,*,#926,.F.);
#926 = EDGE_CURVE('',#847,#887,#927,.T.);
#927 = LINE('',#928,#929);
#928 = CARTESIAN_POINT('',(0.,0.,0.));
#929 = VECTOR('',#930,1.);
#930 = DIRECTION('',(1.,0.,-0.));
#931 = ORIENTED_EDGE('',*,*,#846,.T.);
#932 = ORIENTED_EDGE('',*,*,#933,.T.);
#933 = EDGE_CURVE('',#849,#889,#934,.T.);
#934 = LINE('',#935,#936);
#935 = CARTESIAN_POINT('',(0.,0.,0.539));
#936 = VECTOR('',#937,1.);
#937 = DIRECTION('',(1.,0.,-0.));
#938 = ORIENTED_EDGE('',*,*,#886,.F.);
#939 = PLANE('',#940);
#940 = AXIS2_PLACEMENT_3D('',#941,#942,#943);
#941 = CARTESIAN_POINT('',(0.,0.,0.));
#942 = DIRECTION('',(-0.,1.,0.));
#943 = DIRECTION('',(0.,0.,1.));
#944 = ADVANCED_FACE('',(#945),#961,.T.);
#945 = FACE_BOUND('',#946,.T.);
#946 = EDGE_LOOP('',(#947,#953,#954,#960));
#947 = ORIENTED_EDGE('',*,*,#948,.F.);
#948 = EDGE_CURVE('',#857,#897,#949,.T.);
#949 = LINE('',#950,#951);
#950 = CARTESIAN_POINT('',(0.,0.784,0.));
#951 = VECTOR('',#952,1.);
#952 = DIRECTION('',(1.,0.,-0.));
#953 = ORIENTED_EDGE('',*,*,#864,.T.);
#954 = ORIENTED_EDGE('',*,*,#955,.T.);
#955 = EDGE_CURVE('',#865,#905,#956,.T.);
#956 = LINE('',#957,#958);
#957 = CARTESIAN_POINT('',(0.,0.784,0.539));
#958 = VECTOR('',#959,1.);
#959 = DIRECTION('',(1.,0.,-0.));
#960 = ORIENTED_EDGE('',*,*,#904,.F.);
#961 = PLANE('',#962);
#962 = AXIS2_PLACEMENT_3D('',#963,#964,#965);
#963 = CARTESIAN_POINT('',(0.,0.784,0.));
#964 = DIRECTION('',(-0.,1.,0.));
#965 = DIRECTION('',(0.,0.,1.));
#966 = ADVANCED_FACE('',(#967),#973,.F.);
#967 = FACE_BOUND('',#968,.F.);
#968 = EDGE_LOOP('',(#969,#970,#971,#972));
#969 = ORIENTED_EDGE('',*,*,#856,.F.);
#970 = ORIENTED_EDGE('',*,*,#926,.T.);
#971 = ORIENTED_EDGE('',*,*,#896,.T.);
#972 = ORIENTED_EDGE('',*,*,#948,.F.);
#973 = PLANE('',#974);
#974 = AXIS2_PLACEMENT_3D('',#975,#976,#977);
#975 = CARTESIAN_POINT('',(0.,0.,0.));
#976 = DIRECTION('',(0.,0.,1.));
#977 = DIRECTION('',(1.,0.,-0.));
#978 = ADVANCED_FACE('',(#979),#985,.T.);
#979 = FACE_BOUND('',#980,.T.);
#980 = EDGE_LOOP('',(#981,#982,#983,#984));
#981 = ORIENTED_EDGE('',*,*,#872,.F.);
#982 = ORIENTED_EDGE('',*,*,#933,.T.);
#983 = ORIENTED_EDGE('',*,*,#912,.T.);
#984 = ORIENTED_EDGE('',*,*,#955,.F.);
#985 = PLANE('',#986);
#986 = AXIS2_PLACEMENT_3D('',#987,#988,#989);
#987 = CARTESIAN_POINT('',(0.,0.,0.539));
#988 = DIRECTION('',(0.,0.,1.));
#989 = DIRECTION('',(1.,0.,-0.));
#990 = ( GEOMETRIC_REPRESENTATION_CONTEXT(3) 
GLOBAL_UNCERTAINTY_ASSIGNED_CONTEXT((#994)) GLOBAL_UNIT_ASSIGNED_CONTEXT
((#991,#992,#993)) REPRESENTATION_CONTEXT('Context #1',
  '3D Context with UNIT and UNCERTAINTY') );
#991 = ( LENGTH_UNIT() NAMED_UNIT(*) SI_UNIT(.MILLI.,.METRE.) );
#992 = ( NAMED_UNIT(*) PLANE_ANGLE_UNIT() SI_UNIT($,.RADIAN.) );
#993 = ( NAMED_UNIT(*) SI_UNIT($,.STERADIAN.) SOLID_ANGLE_UNIT() );
#994 = UNCERTAINTY_MEASURE_WITH_UNIT(LENGTH_MEASURE(1.E-07),#991,
  'distance_accuracy_value','confusion accuracy');
#995 = SHAPE_DEFINITION_REPRESENTATION(#996,#839);
#996 = PRODUCT_DEFINITION_SHAPE('','',#997);
#997 = PRODUCT_DEFINITION('design','',#998,#1001);
#998 = PRODUCT_DEFINITION_FORMATION('','',#999);
#999 = PRODUCT('body','body','',(#1000));
#1000 = PRODUCT_CONTEXT('',#2,'mechanical');
#1001 = PRODUCT_DEFINITION_CONTEXT('part definition',#2,'design');
#1002 = CONTEXT_DEPENDENT_SHAPE_REPRESENTATION(#1003,#1005);
#1003 = ( REPRESENTATION_RELATIONSHIP('','',#839,#483) 
REPRESENTATION_RELATIONSHIP_WITH_TRANSFORMATION(#1004) 
SHAPE_REPRESENTATION_RELATIONSHIP() );
#1004 = ITEM_DEFINED_TRANSFORMATION('','',#11,#492);
#1005 = PRODUCT_DEFINITION_SHAPE('Placement','Placement of an item',
  #1006);
#1006 = NEXT_ASSEMBLY_USAGE_OCCURRENCE('5','=>[0:1:1:4]','',#478,#997,$
  );
#1007 = PRODUCT_RELATED_PRODUCT_CATEGORY('part',$,(#999));
#1008 = CONTEXT_DEPENDENT_SHAPE_REPRESENTATION(#1009,#1011);
#1009 = ( REPRESENTATION_RELATIONSHIP('','',#483,#466) 
REPRESENTATION_RELATIONSHIP_WITH_TRANSFORMATION(#1010) 
SHAPE_REPRESENTATION_RELATIONSHIP() );
#1010 = ITEM_DEFINED_TRANSFORMATION('','',#11,#467);
#1011 = PRODUCT_DEFINITION_SHAPE('Placement','Placement of an item',
  #1012);
#1012 = NEXT_ASSEMBLY_USAGE_OCCURRENCE('6','','',#461,#478,$);
#1013 = PRODUCT_RELATED_PRODUCT_CATEGORY('part',$,(#480));
#1014 = CONTEXT_DEPENDENT_SHAPE_REPRESENTATION(#1015,#1017);
#1015 = ( REPRESENTATION_RELATIONSHIP('','',#466,#10) 
REPRESENTATION_RELATIONSHIP_WITH_TRANSFORMATION(#1016) 
SHAPE_REPRESENTATION_RELATIONSHIP() );
#1016 = ITEM_DEFINED_TRANSFORMATION('','',#11,#19);
#1017 = PRODUCT_DEFINITION_SHAPE('Placement','Placement of an item',
  #1018);
#1018 = NEXT_ASSEMBLY_USAGE_OCCURRENCE('7','','',#5,#461,$);
#1019 = PRODUCT_RELATED_PRODUCT_CATEGORY('part',$,(#463));
#1020 = SHAPE_DEFINITION_REPRESENTATION(#1021,#1027);
#1021 = PRODUCT_DEFINITION_SHAPE('','',#1022);
#1022 = PRODUCT_DEFINITION('design','',#1023,#1026);
#1023 = PRODUCT_DEFINITION_FORMATION('','',#1024);
#1024 = PRODUCT('R2','R2','',(#1025));
#1025 = PRODUCT_CONTEXT('',#2,'mechanical');
#1026 = PRODUCT_DEFINITION_CONTEXT('part definition',#2,'design');
#1027 = SHAPE_REPRESENTATION('',(#11,#1028),#1032);
#1028 = AXIS2_PLACEMENT_3D('',#1029,#1030,#1031);
#1029 = CARTESIAN_POINT('',(94.487998962402,99.059997558594,0.));
#1030 = DIRECTION('',(-0.,0.,1.));
#1031 = DIRECTION('',(1.19248806385E-08,-1.,0.));
#1032 = ( GEOMETRIC_REPRESENTATION_CONTEXT(3) 
GLOBAL_UNCERTAINTY_ASSIGNED_CONTEXT((#1036)) 
GLOBAL_UNIT_ASSIGNED_CONTEXT((#1033,#1034,#1035)) REPRESENTATION_CONTEXT
('Context #1','3D Context with UNIT and UNCERTAINTY') );
#1033 = ( LENGTH_UNIT() NAMED_UNIT(*) SI_UNIT(.MILLI.,.METRE.) );
#1034 = ( NAMED_UNIT(*) PLANE_ANGLE_UNIT() SI_UNIT($,.RADIAN.) );
#1035 = ( NAMED_UNIT(*) SI_UNIT($,.STERADIAN.) SOLID_ANGLE_UNIT() );
#1036 = UNCERTAINTY_MEASURE_WITH_UNIT(LENGTH_MEASURE(1.E-07),#1033,
  'distance_accuracy_value','confusion accuracy');
#1037 = CONTEXT_DEPENDENT_SHAPE_REPRESENTATION(#1038,#1040);
#1038 = ( REPRESENTATION_RELATIONSHIP('','',#483,#1027) 
REPRESENTATION_RELATIONSHIP_WITH_TRANSFORMATION(#1039) 
SHAPE_REPRESENTATION_RELATIONSHIP() );
#1039 = ITEM_DEFINED_TRANSFORMATION('','',#11,#1028);
#1040 = PRODUCT_DEFINITION_SHAPE('Placement','Placement of an item',
  #1041);
#1041 = NEXT_ASSEMBLY_USAGE_OCCURRENCE('8','','',#1022,#478,$);
#1042 = CONTEXT_DEPENDENT_SHAPE_REPRESENTATION(#1043,#1045);
#1043 = ( REPRESENTATION_RELATIONSHIP('','',#1027,#10) 
REPRESENTATION_RELATIONSHIP_WITH_TRANSFORMATION(#1044) 
SHAPE_REPRESENTATION_RELATIONSHIP() );
#1044 = ITEM_DEFINED_TRANSFORMATION('','',#11,#23);
#1045 = PRODUCT_DEFINITION_SHAPE('Placement','Placement of an item',
  #1046);
#1046 = NEXT_ASSEMBLY_USAGE_OCCURRENCE('9','','',#5,#1022,$);
#1047 = PRODUCT_RELATED_PRODUCT_CATEGORY('part',$,(#1024));
#1048 = SHAPE_DEFINITION_REPRESENTATION(#1049,#1055);
#1049 = PRODUCT_DEFINITION_SHAPE('','',#1050);
#1050 = PRODUCT_DEFINITION('design','',#1051,#1054);
#1051 = PRODUCT_DEFINITION_FORMATION('','',#1052);
#1052 = PRODUCT('R1','R1','',(#1053));
#1053 = PRODUCT_CONTEXT('',#2,'mechanical');
#1054 = PRODUCT_DEFINITION_CONTEXT('part definition',#2,'design');
#1055 = SHAPE_REPRESENTATION('',(#11,#1056),#1060);
#1056 = AXIS2_PLACEMENT_3D('',#1057,#1058,#1059);
#1057 = CARTESIAN_POINT('',(96.901000976563,93.47200012207,0.));
#1058 = DIRECTION('',(-0.,0.,1.));
#1059 = DIRECTION('',(1.19248806385E-08,-1.,0.));
#1060 = ( GEOMETRIC_REPRESENTATION_CONTEXT(3) 
GLOBAL_UNCERTAINTY_ASSIGNED_CONTEXT((#1064)) 
GLOBAL_UNIT_ASSIGNED_CONTEXT((#1061,#1062,#1063)) REPRESENTATION_CONTEXT
('Context #1','3D Context with UNIT and UNCERTAINTY') );
#1061 = ( LENGTH_UNIT() NAMED_UNIT(*) SI_UNIT(.MILLI.,.METRE.) );
#1062 = ( NAMED_UNIT(*) PLANE_ANGLE_UNIT() SI_UNIT($,.RADIAN.) );
#1063 = ( NAMED_UNIT(*) SI_UNIT($,.STERADIAN.) SOLID_ANGLE_UNIT() );
#1064 = UNCERTAINTY_MEASURE_WITH_UNIT(LENGTH_MEASURE(1.E-07),#1061,
  'distance_accuracy_value','confusion accuracy');
#1065 = CONTEXT_DEPENDENT_SHAPE_REPRESENTATION(#1066,#1068);
#1066 = ( REPRESENTATION_RELATIONSHIP('','',#483,#1055) 
REPRESENTATION_RELATIONSHIP_WITH_TRANSFORMATION(#1067) 
SHAPE_REPRESENTATION_RELATIONSHIP() );
#1067 = ITEM_DEFINED_TRANSFORMATION('','',#11,#1056);
#1068 = PRODUCT_DEFINITION_SHAPE('Placement','Placement of an item',
  #1069);
#1069 = NEXT_ASSEMBLY_USAGE_OCCURRENCE('10','','',#1050,#478,$);
#1070 = CONTEXT_DEPENDENT_SHAPE_REPRESENTATION(#1071,#1073);
#1071 = ( REPRESENTATION_RELATIONSHIP('','',#1055,#10) 
REPRESENTATION_RELATIONSHIP_WITH_TRANSFORMATION(#1072) 
SHAPE_REPRESENTATION_RELATIONSHIP() );
#1072 = ITEM_DEFINED_TRANSFORMATION('','',#11,#27);
#1073 = PRODUCT_DEFINITION_SHAPE('Placement','Placement of an item',
  #1074);
#1074 = NEXT_ASSEMBLY_USAGE_OCCURRENCE('11','','',#5,#1050,$);
#1075 = PRODUCT_RELATED_PRODUCT_CATEGORY('part',$,(#1052));
#1076 = SHAPE_DEFINITION_REPRESENTATION(#1077,#1083);
#1077 = PRODUCT_DEFINITION_SHAPE('','',#1078);
#1078 = PRODUCT_DEFINITION('design','',#1079,#1082);
#1079 = PRODUCT_DEFINITION_FORMATION('','',#1080);
#1080 = PRODUCT('LED1','LED1','',(#1081));
#1081 = PRODUCT_CONTEXT('',#2,'mechanical');
#1082 = PRODUCT_DEFINITION_CONTEXT('part definition',#2,'design');
#1083 = SHAPE_REPRESENTATION('',(#11,#1084),#1088);
#1084 = AXIS2_PLACEMENT_3D('',#1085,#1086,#1087);
#1085 = CARTESIAN_POINT('',(55.372001647949,100.60299682617,0.));
#1086 = DIRECTION('',(-1.,-1.19248806385E-08,-4.371138828674E-08));
#1087 = DIRECTION('',(1.19248806385E-08,-1.,3.939074516639E-32));
#1088 = ( GEOMETRIC_REPRESENTATION_CONTEXT(3) 
GLOBAL_UNCERTAINTY_ASSIGNED_CONTEXT((#1092)) 
GLOBAL_UNIT_ASSIGNED_CONTEXT((#1089,#1090,#1091)) REPRESENTATION_CONTEXT
('Context #1','3D Context with UNIT and UNCERTAINTY') );
#1089 = ( LENGTH_UNIT() NAMED_UNIT(*) SI_UNIT(.MILLI.,.METRE.) );
#1090 = ( NAMED_UNIT(*) PLANE_ANGLE_UNIT() SI_UNIT($,.RADIAN.) );
#1091 = ( NAMED_UNIT(*) SI_UNIT($,.STERADIAN.) SOLID_ANGLE_UNIT() );
#1092 = UNCERTAINTY_MEASURE_WITH_UNIT(LENGTH_MEASURE(1.E-07),#1089,
  'distance_accuracy_value','confusion accuracy');
#1093 = SHAPE_REPRESENTATION('',(#11,#1094,#2240,#2787),#3569);
#1094 = MANIFOLD_SOLID_BREP('',#1095);
#1095 = CLOSED_SHELL('',(#1096,#1138,#1178,#1211,#1242,#1273,#1306,#1337
    ,#1384,#1431,#1478,#1525,#1649,#1689,#1720,#1751,#1793,#1835,#1852,
    #1868,#1885,#1902,#1986,#2003,#2020,#2037,#2054,#2071,#2088,#2105,
    #2122,#2134,#2177,#2194,#2211,#2228));
#1096 = ADVANCED_FACE('',(#1097),#1133,.F.);
#1097 = FACE_BOUND('',#1098,.F.);
#1098 = EDGE_LOOP('',(#1099,#1109,#1118,#1126));
#1099 = ORIENTED_EDGE('',*,*,#1100,.T.);
#1100 = EDGE_CURVE('',#1101,#1103,#1105,.T.);
#1101 = VERTEX_POINT('',#1102);
#1102 = CARTESIAN_POINT('',(0.160277537069,2.E-02,-0.793333333333));
#1103 = VERTEX_POINT('',#1104);
#1104 = CARTESIAN_POINT('',(0.160277537069,0.26,-0.793333333333));
#1105 = LINE('',#1106,#1107);
#1106 = CARTESIAN_POINT('',(0.160277537069,-0.342279937413,
    -0.793333333333));
#1107 = VECTOR('',#1108,1.);
#1108 = DIRECTION('',(-0.,1.,-0.));
#1109 = ORIENTED_EDGE('',*,*,#1110,.F.);
#1110 = EDGE_CURVE('',#1111,#1103,#1113,.T.);
#1111 = VERTEX_POINT('',#1112);
#1112 = CARTESIAN_POINT('',(1.040949779275E-16,0.26,-0.68));
#1113 = CIRCLE('',#1114,0.17);
#1114 = AXIS2_PLACEMENT_3D('',#1115,#1116,#1117);
#1115 = CARTESIAN_POINT('',(1.040949779275E-16,0.26,-0.85));
#1116 = DIRECTION('',(0.,1.,-0.));
#1117 = DIRECTION('',(0.,0.,1.));
#1118 = ORIENTED_EDGE('',*,*,#1119,.F.);
#1119 = EDGE_CURVE('',#1120,#1111,#1122,.T.);
#1120 = VERTEX_POINT('',#1121);
#1121 = CARTESIAN_POINT('',(1.040949779275E-16,2.E-02,-0.68));
#1122 = LINE('',#1123,#1124);
#1123 = CARTESIAN_POINT('',(1.040949779275E-16,-0.342279937413,-0.68));
#1124 = VECTOR('',#1125,1.);
#1125 = DIRECTION('',(-0.,1.,-0.));
#1126 = ORIENTED_EDGE('',*,*,#1127,.T.);
#1127 = EDGE_CURVE('',#1120,#1101,#1128,.T.);
#1128 = CIRCLE('',#1129,0.17);
#1129 = AXIS2_PLACEMENT_3D('',#1130,#1131,#1132);
#1130 = CARTESIAN_POINT('',(1.040949779275E-16,2.E-02,-0.85));
#1131 = DIRECTION('',(-0.,1.,0.));
#1132 = DIRECTION('',(0.,0.,-1.));
#1133 = CYLINDRICAL_SURFACE('',#1134,0.17);
#1134 = AXIS2_PLACEMENT_3D('',#1135,#1136,#1137);
#1135 = CARTESIAN_POINT('',(1.040949779275E-16,-0.342279937413,-0.85));
#1136 = DIRECTION('',(-0.,1.,-0.));
#1137 = DIRECTION('',(0.,0.,1.));
#1138 = ADVANCED_FACE('',(#1139),#1173,.F.);
#1139 = FACE_BOUND('',#1140,.T.);
#1140 = EDGE_LOOP('',(#1141,#1151,#1159,#1167));
#1141 = ORIENTED_EDGE('',*,*,#1142,.F.);
#1142 = EDGE_CURVE('',#1143,#1145,#1147,.T.);
#1143 = VERTEX_POINT('',#1144);
#1144 = CARTESIAN_POINT('',(-0.160277537069,2.E-02,0.793333333333));
#1145 = VERTEX_POINT('',#1146);
#1146 = CARTESIAN_POINT('',(-0.141421356237,2.E-02,0.8));
#1147 = LINE('',#1148,#1149);
#1148 = CARTESIAN_POINT('',(-0.160277537069,2.E-02,0.793333333333));
#1149 = VECTOR('',#1150,1.);
#1150 = DIRECTION('',(0.942809041582,0.,0.333333333333));
#1151 = ORIENTED_EDGE('',*,*,#1152,.T.);
#1152 = EDGE_CURVE('',#1143,#1153,#1155,.T.);
#1153 = VERTEX_POINT('',#1154);
#1154 = CARTESIAN_POINT('',(-0.160277537069,0.26,0.793333333333));
#1155 = LINE('',#1156,#1157);
#1156 = CARTESIAN_POINT('',(-0.160277537069,-0.342279937413,
    0.793333333333));
#1157 = VECTOR('',#1158,1.);
#1158 = DIRECTION('',(-0.,1.,-0.));
#1159 = ORIENTED_EDGE('',*,*,#1160,.T.);
#1160 = EDGE_CURVE('',#1153,#1161,#1163,.T.);
#1161 = VERTEX_POINT('',#1162);
#1162 = CARTESIAN_POINT('',(-0.141421356237,0.26,0.8));
#1163 = LINE('',#1164,#1165);
#1164 = CARTESIAN_POINT('',(-0.267129228448,0.26,0.755555555556));
#1165 = VECTOR('',#1166,1.);
#1166 = DIRECTION('',(0.942809041582,0.,0.333333333333));
#1167 = ORIENTED_EDGE('',*,*,#1168,.F.);
#1168 = EDGE_CURVE('',#1145,#1161,#1169,.T.);
#1169 = LINE('',#1170,#1171);
#1170 = CARTESIAN_POINT('',(-0.141421356237,0.,0.8));
#1171 = VECTOR('',#1172,1.);
#1172 = DIRECTION('',(-0.,1.,-0.));
#1173 = PLANE('',#1174);
#1174 = AXIS2_PLACEMENT_3D('',#1175,#1176,#1177);
#1175 = CARTESIAN_POINT('',(-0.160277537069,-0.342279937413,
    0.793333333333));
#1176 = DIRECTION('',(-0.333333333333,0.,0.942809041582));
#1177 = DIRECTION('',(0.942809041582,0.,0.333333333333));
#1178 = ADVANCED_FACE('',(#1179),#1206,.F.);
#1179 = FACE_BOUND('',#1180,.F.);
#1180 = EDGE_LOOP('',(#1181,#1182,#1191,#1199));
#1181 = ORIENTED_EDGE('',*,*,#1152,.T.);
#1182 = ORIENTED_EDGE('',*,*,#1183,.F.);
#1183 = EDGE_CURVE('',#1184,#1153,#1186,.T.);
#1184 = VERTEX_POINT('',#1185);
#1185 = CARTESIAN_POINT('',(0.160277537069,0.26,0.793333333333));
#1186 = CIRCLE('',#1187,0.17);
#1187 = AXIS2_PLACEMENT_3D('',#1188,#1189,#1190);
#1188 = CARTESIAN_POINT('',(1.040949779275E-16,0.26,0.85));
#1189 = DIRECTION('',(0.,1.,-0.));
#1190 = DIRECTION('',(0.,0.,1.));
#1191 = ORIENTED_EDGE('',*,*,#1192,.F.);
#1192 = EDGE_CURVE('',#1193,#1184,#1195,.T.);
#1193 = VERTEX_POINT('',#1194);
#1194 = CARTESIAN_POINT('',(0.160277537069,2.E-02,0.793333333333));
#1195 = LINE('',#1196,#1197);
#1196 = CARTESIAN_POINT('',(0.160277537069,-0.342279937413,
    0.793333333333));
#1197 = VECTOR('',#1198,1.);
#1198 = DIRECTION('',(-0.,1.,-0.));
#1199 = ORIENTED_EDGE('',*,*,#1200,.T.);
#1200 = EDGE_CURVE('',#1193,#1143,#1201,.T.);
#1201 = CIRCLE('',#1202,0.17);
#1202 = AXIS2_PLACEMENT_3D('',#1203,#1204,#1205);
#1203 = CARTESIAN_POINT('',(1.040949779275E-16,2.E-02,0.85));
#1204 = DIRECTION('',(-0.,1.,0.));
#1205 = DIRECTION('',(0.,0.,-1.));
#1206 = CYLINDRICAL_SURFACE('',#1207,0.17);
#1207 = AXIS2_PLACEMENT_3D('',#1208,#1209,#1210);
#1208 = CARTESIAN_POINT('',(1.040949779275E-16,-0.342279937413,0.85));
#1209 = DIRECTION('',(-0.,1.,-0.));
#1210 = DIRECTION('',(0.,0.,1.));
#1211 = ADVANCED_FACE('',(#1212),#1237,.F.);
#1212 = FACE_BOUND('',#1213,.T.);
#1213 = EDGE_LOOP('',(#1214,#1222,#1230,#1236));
#1214 = ORIENTED_EDGE('',*,*,#1215,.F.);
#1215 = EDGE_CURVE('',#1216,#1193,#1218,.T.);
#1216 = VERTEX_POINT('',#1217);
#1217 = CARTESIAN_POINT('',(0.141421356237,2.E-02,0.8));
#1218 = LINE('',#1219,#1220);
#1219 = CARTESIAN_POINT('',(0.141421356237,2.E-02,0.8));
#1220 = VECTOR('',#1221,1.);
#1221 = DIRECTION('',(0.942809041582,0.,-0.333333333333));
#1222 = ORIENTED_EDGE('',*,*,#1223,.F.);
#1223 = EDGE_CURVE('',#1224,#1216,#1226,.T.);
#1224 = VERTEX_POINT('',#1225);
#1225 = CARTESIAN_POINT('',(0.141421356237,0.26,0.8));
#1226 = LINE('',#1227,#1228);
#1227 = CARTESIAN_POINT('',(0.141421356237,0.,0.8));
#1228 = VECTOR('',#1229,1.);
#1229 = DIRECTION('',(0.,-1.,0.));
#1230 = ORIENTED_EDGE('',*,*,#1231,.T.);
#1231 = EDGE_CURVE('',#1224,#1184,#1232,.T.);
#1232 = LINE('',#1233,#1234);
#1233 = CARTESIAN_POINT('',(0.267129228448,0.26,0.755555555556));
#1234 = VECTOR('',#1235,1.);
#1235 = DIRECTION('',(0.942809041582,-0.,-0.333333333333));
#1236 = ORIENTED_EDGE('',*,*,#1192,.F.);
#1237 = PLANE('',#1238);
#1238 = AXIS2_PLACEMENT_3D('',#1239,#1240,#1241);
#1239 = CARTESIAN_POINT('',(0.141421356237,-0.342279937413,0.8));
#1240 = DIRECTION('',(0.333333333333,0.,0.942809041582));
#1241 = DIRECTION('',(0.942809041582,0.,-0.333333333333));
#1242 = ADVANCED_FACE('',(#1243),#1268,.F.);
#1243 = FACE_BOUND('',#1244,.T.);
#1244 = EDGE_LOOP('',(#1245,#1253,#1254,#1262));
#1245 = ORIENTED_EDGE('',*,*,#1246,.F.);
#1246 = EDGE_CURVE('',#1101,#1247,#1249,.T.);
#1247 = VERTEX_POINT('',#1248);
#1248 = CARTESIAN_POINT('',(0.141421356237,2.E-02,-0.8));
#1249 = LINE('',#1250,#1251);
#1250 = CARTESIAN_POINT('',(0.141421356237,2.E-02,-0.8));
#1251 = VECTOR('',#1252,1.);
#1252 = DIRECTION('',(-0.942809041582,0.,-0.333333333333));
#1253 = ORIENTED_EDGE('',*,*,#1100,.T.);
#1254 = ORIENTED_EDGE('',*,*,#1255,.T.);
#1255 = EDGE_CURVE('',#1103,#1256,#1258,.T.);
#1256 = VERTEX_POINT('',#1257);
#1257 = CARTESIAN_POINT('',(0.141421356237,0.26,-0.8));
#1258 = LINE('',#1259,#1260);
#1259 = CARTESIAN_POINT('',(0.267129228448,0.26,-0.755555555556));
#1260 = VECTOR('',#1261,1.);
#1261 = DIRECTION('',(-0.942809041582,0.,-0.333333333333));
#1262 = ORIENTED_EDGE('',*,*,#1263,.F.);
#1263 = EDGE_CURVE('',#1247,#1256,#1264,.T.);
#1264 = LINE('',#1265,#1266);
#1265 = CARTESIAN_POINT('',(0.141421356237,0.,-0.8));
#1266 = VECTOR('',#1267,1.);
#1267 = DIRECTION('',(-0.,1.,-0.));
#1268 = PLANE('',#1269);
#1269 = AXIS2_PLACEMENT_3D('',#1270,#1271,#1272);
#1270 = CARTESIAN_POINT('',(0.141421356237,-0.342279937413,-0.8));
#1271 = DIRECTION('',(0.333333333333,0.,-0.942809041582));
#1272 = DIRECTION('',(-0.942809041582,0.,-0.333333333333));
#1273 = ADVANCED_FACE('',(#1274),#1301,.F.);
#1274 = FACE_BOUND('',#1275,.F.);
#1275 = EDGE_LOOP('',(#1276,#1285,#1293,#1300));
#1276 = ORIENTED_EDGE('',*,*,#1277,.F.);
#1277 = EDGE_CURVE('',#1278,#1111,#1280,.T.);
#1278 = VERTEX_POINT('',#1279);
#1279 = CARTESIAN_POINT('',(-0.160277537069,0.26,-0.793333333333));
#1280 = CIRCLE('',#1281,0.17);
#1281 = AXIS2_PLACEMENT_3D('',#1282,#1283,#1284);
#1282 = CARTESIAN_POINT('',(1.040949779275E-16,0.26,-0.85));
#1283 = DIRECTION('',(0.,1.,-0.));
#1284 = DIRECTION('',(0.,0.,1.));
#1285 = ORIENTED_EDGE('',*,*,#1286,.F.);
#1286 = EDGE_CURVE('',#1287,#1278,#1289,.T.);
#1287 = VERTEX_POINT('',#1288);
#1288 = CARTESIAN_POINT('',(-0.160277537069,2.E-02,-0.793333333333));
#1289 = LINE('',#1290,#1291);
#1290 = CARTESIAN_POINT('',(-0.160277537069,-0.342279937413,
    -0.793333333333));
#1291 = VECTOR('',#1292,1.);
#1292 = DIRECTION('',(-0.,1.,-0.));
#1293 = ORIENTED_EDGE('',*,*,#1294,.T.);
#1294 = EDGE_CURVE('',#1287,#1120,#1295,.T.);
#1295 = CIRCLE('',#1296,0.17);
#1296 = AXIS2_PLACEMENT_3D('',#1297,#1298,#1299);
#1297 = CARTESIAN_POINT('',(1.040949779275E-16,2.E-02,-0.85));
#1298 = DIRECTION('',(-0.,1.,0.));
#1299 = DIRECTION('',(0.,0.,-1.));
#1300 = ORIENTED_EDGE('',*,*,#1119,.T.);
#1301 = CYLINDRICAL_SURFACE('',#1302,0.17);
#1302 = AXIS2_PLACEMENT_3D('',#1303,#1304,#1305);
#1303 = CARTESIAN_POINT('',(1.040949779275E-16,-0.342279937413,-0.85));
#1304 = DIRECTION('',(-0.,1.,-0.));
#1305 = DIRECTION('',(0.,0.,1.));
#1306 = ADVANCED_FACE('',(#1307),#1332,.F.);
#1307 = FACE_BOUND('',#1308,.T.);
#1308 = EDGE_LOOP('',(#1309,#1317,#1325,#1331));
#1309 = ORIENTED_EDGE('',*,*,#1310,.F.);
#1310 = EDGE_CURVE('',#1311,#1287,#1313,.T.);
#1311 = VERTEX_POINT('',#1312);
#1312 = CARTESIAN_POINT('',(-0.141421356237,2.E-02,-0.8));
#1313 = LINE('',#1314,#1315);
#1314 = CARTESIAN_POINT('',(-0.160277537069,2.E-02,-0.793333333333));
#1315 = VECTOR('',#1316,1.);
#1316 = DIRECTION('',(-0.942809041582,0.,0.333333333333));
#1317 = ORIENTED_EDGE('',*,*,#1318,.F.);
#1318 = EDGE_CURVE('',#1319,#1311,#1321,.T.);
#1319 = VERTEX_POINT('',#1320);
#1320 = CARTESIAN_POINT('',(-0.141421356237,0.26,-0.8));
#1321 = LINE('',#1322,#1323);
#1322 = CARTESIAN_POINT('',(-0.141421356237,0.,-0.8));
#1323 = VECTOR('',#1324,1.);
#1324 = DIRECTION('',(0.,-1.,0.));
#1325 = ORIENTED_EDGE('',*,*,#1326,.T.);
#1326 = EDGE_CURVE('',#1319,#1278,#1327,.T.);
#1327 = LINE('',#1328,#1329);
#1328 = CARTESIAN_POINT('',(-0.267129228448,0.26,-0.755555555556));
#1329 = VECTOR('',#1330,1.);
#1330 = DIRECTION('',(-0.942809041582,0.,0.333333333333));
#1331 = ORIENTED_EDGE('',*,*,#1286,.F.);
#1332 = PLANE('',#1333);
#1333 = AXIS2_PLACEMENT_3D('',#1334,#1335,#1336);
#1334 = CARTESIAN_POINT('',(-0.160277537069,-0.342279937413,
    -0.793333333333));
#1335 = DIRECTION('',(-0.333333333333,0.,-0.942809041582));
#1336 = DIRECTION('',(-0.942809041582,0.,0.333333333333));
#1337 = ADVANCED_FACE('',(#1338),#1379,.F.);
#1338 = FACE_BOUND('',#1339,.T.);
#1339 = EDGE_LOOP('',(#1340,#1350,#1358,#1364,#1365,#1373));
#1340 = ORIENTED_EDGE('',*,*,#1341,.F.);
#1341 = EDGE_CURVE('',#1342,#1344,#1346,.T.);
#1342 = VERTEX_POINT('',#1343);
#1343 = CARTESIAN_POINT('',(-0.35,0.,0.8));
#1344 = VERTEX_POINT('',#1345);
#1345 = CARTESIAN_POINT('',(-0.4,0.,0.8));
#1346 = LINE('',#1347,#1348);
#1347 = CARTESIAN_POINT('',(0.4,0.,0.8));
#1348 = VECTOR('',#1349,1.);
#1349 = DIRECTION('',(-1.,-0.,-0.));
#1350 = ORIENTED_EDGE('',*,*,#1351,.F.);
#1351 = EDGE_CURVE('',#1352,#1342,#1354,.T.);
#1352 = VERTEX_POINT('',#1353);
#1353 = CARTESIAN_POINT('',(-0.35,2.E-02,0.8));
#1354 = LINE('',#1355,#1356);
#1355 = CARTESIAN_POINT('',(-0.35,2.E-02,0.8));
#1356 = VECTOR('',#1357,1.);
#1357 = DIRECTION('',(-0.,-1.,-0.));
#1358 = ORIENTED_EDGE('',*,*,#1359,.F.);
#1359 = EDGE_CURVE('',#1145,#1352,#1360,.T.);
#1360 = LINE('',#1361,#1362);
#1361 = CARTESIAN_POINT('',(-0.141421356237,2.E-02,0.8));
#1362 = VECTOR('',#1363,1.);
#1363 = DIRECTION('',(-1.,0.,0.));
#1364 = ORIENTED_EDGE('',*,*,#1168,.T.);
#1365 = ORIENTED_EDGE('',*,*,#1366,.F.);
#1366 = EDGE_CURVE('',#1367,#1161,#1369,.T.);
#1367 = VERTEX_POINT('',#1368);
#1368 = CARTESIAN_POINT('',(-0.4,0.26,0.8));
#1369 = LINE('',#1370,#1371);
#1370 = CARTESIAN_POINT('',(-0.4,0.26,0.8));
#1371 = VECTOR('',#1372,1.);
#1372 = DIRECTION('',(1.,0.,0.));
#1373 = ORIENTED_EDGE('',*,*,#1374,.T.);
#1374 = EDGE_CURVE('',#1367,#1344,#1375,.T.);
#1375 = LINE('',#1376,#1377);
#1376 = CARTESIAN_POINT('',(-0.4,0.,0.8));
#1377 = VECTOR('',#1378,1.);
#1378 = DIRECTION('',(-0.,-1.,-0.));
#1379 = PLANE('',#1380);
#1380 = AXIS2_PLACEMENT_3D('',#1381,#1382,#1383);
#1381 = CARTESIAN_POINT('',(0.4,0.,0.8));
#1382 = DIRECTION('',(0.,0.,-1.));
#1383 = DIRECTION('',(-1.,0.,-0.));
#1384 = ADVANCED_FACE('',(#1385),#1426,.F.);
#1385 = FACE_BOUND('',#1386,.T.);
#1386 = EDGE_LOOP('',(#1387,#1397,#1405,#1411,#1412,#1420));
#1387 = ORIENTED_EDGE('',*,*,#1388,.T.);
#1388 = EDGE_CURVE('',#1389,#1391,#1393,.T.);
#1389 = VERTEX_POINT('',#1390);
#1390 = CARTESIAN_POINT('',(0.4,0.,-0.8));
#1391 = VERTEX_POINT('',#1392);
#1392 = CARTESIAN_POINT('',(0.25,0.,-0.8));
#1393 = LINE('',#1394,#1395);
#1394 = CARTESIAN_POINT('',(0.4,0.,-0.8));
#1395 = VECTOR('',#1396,1.);
#1396 = DIRECTION('',(-1.,-0.,-0.));
#1397 = ORIENTED_EDGE('',*,*,#1398,.F.);
#1398 = EDGE_CURVE('',#1399,#1391,#1401,.T.);
#1399 = VERTEX_POINT('',#1400);
#1400 = CARTESIAN_POINT('',(0.25,2.E-02,-0.8));
#1401 = LINE('',#1402,#1403);
#1402 = CARTESIAN_POINT('',(0.25,2.E-02,-0.8));
#1403 = VECTOR('',#1404,1.);
#1404 = DIRECTION('',(-0.,-1.,-0.));
#1405 = ORIENTED_EDGE('',*,*,#1406,.F.);
#1406 = EDGE_CURVE('',#1247,#1399,#1407,.T.);
#1407 = LINE('',#1408,#1409);
#1408 = CARTESIAN_POINT('',(0.141421356237,2.E-02,-0.8));
#1409 = VECTOR('',#1410,1.);
#1410 = DIRECTION('',(1.,0.,0.));
#1411 = ORIENTED_EDGE('',*,*,#1263,.T.);
#1412 = ORIENTED_EDGE('',*,*,#1413,.F.);
#1413 = EDGE_CURVE('',#1414,#1256,#1416,.T.);
#1414 = VERTEX_POINT('',#1415);
#1415 = CARTESIAN_POINT('',(0.4,0.26,-0.8));
#1416 = LINE('',#1417,#1418);
#1417 = CARTESIAN_POINT('',(0.4,0.26,-0.8));
#1418 = VECTOR('',#1419,1.);
#1419 = DIRECTION('',(-1.,0.,0.));
#1420 = ORIENTED_EDGE('',*,*,#1421,.F.);
#1421 = EDGE_CURVE('',#1389,#1414,#1422,.T.);
#1422 = LINE('',#1423,#1424);
#1423 = CARTESIAN_POINT('',(0.4,0.,-0.8));
#1424 = VECTOR('',#1425,1.);
#1425 = DIRECTION('',(0.,1.,0.));
#1426 = PLANE('',#1427);
#1427 = AXIS2_PLACEMENT_3D('',#1428,#1429,#1430);
#1428 = CARTESIAN_POINT('',(0.4,0.,-0.8));
#1429 = DIRECTION('',(0.,0.,1.));
#1430 = DIRECTION('',(1.,0.,-0.));
#1431 = ADVANCED_FACE('',(#1432),#1473,.F.);
#1432 = FACE_BOUND('',#1433,.T.);
#1433 = EDGE_LOOP('',(#1434,#1442,#1450,#1458,#1466,#1472));
#1434 = ORIENTED_EDGE('',*,*,#1435,.F.);
#1435 = EDGE_CURVE('',#1436,#1216,#1438,.T.);
#1436 = VERTEX_POINT('',#1437);
#1437 = CARTESIAN_POINT('',(0.25,2.E-02,0.8));
#1438 = LINE('',#1439,#1440);
#1439 = CARTESIAN_POINT('',(0.141421356237,2.E-02,0.8));
#1440 = VECTOR('',#1441,1.);
#1441 = DIRECTION('',(-1.,-0.,-0.));
#1442 = ORIENTED_EDGE('',*,*,#1443,.T.);
#1443 = EDGE_CURVE('',#1436,#1444,#1446,.T.);
#1444 = VERTEX_POINT('',#1445);
#1445 = CARTESIAN_POINT('',(0.25,0.,0.8));
#1446 = LINE('',#1447,#1448);
#1447 = CARTESIAN_POINT('',(0.25,2.E-02,0.8));
#1448 = VECTOR('',#1449,1.);
#1449 = DIRECTION('',(-0.,-1.,-0.));
#1450 = ORIENTED_EDGE('',*,*,#1451,.F.);
#1451 = EDGE_CURVE('',#1452,#1444,#1454,.T.);
#1452 = VERTEX_POINT('',#1453);
#1453 = CARTESIAN_POINT('',(0.4,0.,0.8));
#1454 = LINE('',#1455,#1456);
#1455 = CARTESIAN_POINT('',(0.4,0.,0.8));
#1456 = VECTOR('',#1457,1.);
#1457 = DIRECTION('',(-1.,-0.,-0.));
#1458 = ORIENTED_EDGE('',*,*,#1459,.F.);
#1459 = EDGE_CURVE('',#1460,#1452,#1462,.T.);
#1460 = VERTEX_POINT('',#1461);
#1461 = CARTESIAN_POINT('',(0.4,0.26,0.8));
#1462 = LINE('',#1463,#1464);
#1463 = CARTESIAN_POINT('',(0.4,0.,0.8));
#1464 = VECTOR('',#1465,1.);
#1465 = DIRECTION('',(-0.,-1.,-0.));
#1466 = ORIENTED_EDGE('',*,*,#1467,.F.);
#1467 = EDGE_CURVE('',#1224,#1460,#1468,.T.);
#1468 = LINE('',#1469,#1470);
#1469 = CARTESIAN_POINT('',(-0.4,0.26,0.8));
#1470 = VECTOR('',#1471,1.);
#1471 = DIRECTION('',(1.,0.,0.));
#1472 = ORIENTED_EDGE('',*,*,#1223,.T.);
#1473 = PLANE('',#1474);
#1474 = AXIS2_PLACEMENT_3D('',#1475,#1476,#1477);
#1475 = CARTESIAN_POINT('',(0.4,0.,0.8));
#1476 = DIRECTION('',(0.,0.,-1.));
#1477 = DIRECTION('',(-1.,0.,-0.));
#1478 = ADVANCED_FACE('',(#1479),#1520,.F.);
#1479 = FACE_BOUND('',#1480,.T.);
#1480 = EDGE_LOOP('',(#1481,#1489,#1497,#1505,#1513,#1519));
#1481 = ORIENTED_EDGE('',*,*,#1482,.F.);
#1482 = EDGE_CURVE('',#1483,#1311,#1485,.T.);
#1483 = VERTEX_POINT('',#1484);
#1484 = CARTESIAN_POINT('',(-0.25,2.E-02,-0.8));
#1485 = LINE('',#1486,#1487);
#1486 = CARTESIAN_POINT('',(-0.141421356237,2.E-02,-0.8));
#1487 = VECTOR('',#1488,1.);
#1488 = DIRECTION('',(1.,-0.,-0.));
#1489 = ORIENTED_EDGE('',*,*,#1490,.T.);
#1490 = EDGE_CURVE('',#1483,#1491,#1493,.T.);
#1491 = VERTEX_POINT('',#1492);
#1492 = CARTESIAN_POINT('',(-0.25,-0.,-0.8));
#1493 = LINE('',#1494,#1495);
#1494 = CARTESIAN_POINT('',(-0.25,2.E-02,-0.8));
#1495 = VECTOR('',#1496,1.);
#1496 = DIRECTION('',(-0.,-1.,-0.));
#1497 = ORIENTED_EDGE('',*,*,#1498,.T.);
#1498 = EDGE_CURVE('',#1491,#1499,#1501,.T.);
#1499 = VERTEX_POINT('',#1500);
#1500 = CARTESIAN_POINT('',(-0.4,0.,-0.8));
#1501 = LINE('',#1502,#1503);
#1502 = CARTESIAN_POINT('',(0.4,0.,-0.8));
#1503 = VECTOR('',#1504,1.);
#1504 = DIRECTION('',(-1.,-0.,-0.));
#1505 = ORIENTED_EDGE('',*,*,#1506,.T.);
#1506 = EDGE_CURVE('',#1499,#1507,#1509,.T.);
#1507 = VERTEX_POINT('',#1508);
#1508 = CARTESIAN_POINT('',(-0.4,0.26,-0.8));
#1509 = LINE('',#1510,#1511);
#1510 = CARTESIAN_POINT('',(-0.4,0.,-0.8));
#1511 = VECTOR('',#1512,1.);
#1512 = DIRECTION('',(0.,1.,0.));
#1513 = ORIENTED_EDGE('',*,*,#1514,.F.);
#1514 = EDGE_CURVE('',#1319,#1507,#1515,.T.);
#1515 = LINE('',#1516,#1517);
#1516 = CARTESIAN_POINT('',(0.4,0.26,-0.8));
#1517 = VECTOR('',#1518,1.);
#1518 = DIRECTION('',(-1.,0.,0.));
#1519 = ORIENTED_EDGE('',*,*,#1318,.T.);
#1520 = PLANE('',#1521);
#1521 = AXIS2_PLACEMENT_3D('',#1522,#1523,#1524);
#1522 = CARTESIAN_POINT('',(0.4,0.,-0.8));
#1523 = DIRECTION('',(0.,0.,1.));
#1524 = DIRECTION('',(1.,0.,-0.));
#1525 = ADVANCED_FACE('',(#1526),#1644,.F.);
#1526 = FACE_BOUND('',#1527,.T.);
#1527 = EDGE_LOOP('',(#1528,#1529,#1537,#1545,#1553,#1561,#1569,#1577,
    #1585,#1593,#1599,#1600,#1606,#1607,#1615,#1623,#1631,#1637,#1638));
#1528 = ORIENTED_EDGE('',*,*,#1498,.F.);
#1529 = ORIENTED_EDGE('',*,*,#1530,.F.);
#1530 = EDGE_CURVE('',#1531,#1491,#1533,.T.);
#1531 = VERTEX_POINT('',#1532);
#1532 = CARTESIAN_POINT('',(-0.35,-0.,-0.7));
#1533 = LINE('',#1534,#1535);
#1534 = CARTESIAN_POINT('',(-0.25,-0.,-0.8));
#1535 = VECTOR('',#1536,1.);
#1536 = DIRECTION('',(0.707106781187,-0.,-0.707106781187));
#1537 = ORIENTED_EDGE('',*,*,#1538,.F.);
#1538 = EDGE_CURVE('',#1539,#1531,#1541,.T.);
#1539 = VERTEX_POINT('',#1540);
#1540 = CARTESIAN_POINT('',(-0.35,-0.,-0.4));
#1541 = LINE('',#1542,#1543);
#1542 = CARTESIAN_POINT('',(-0.35,-0.,-0.7));
#1543 = VECTOR('',#1544,1.);
#1544 = DIRECTION('',(-0.,-0.,-1.));
#1545 = ORIENTED_EDGE('',*,*,#1546,.F.);
#1546 = EDGE_CURVE('',#1547,#1539,#1549,.T.);
#1547 = VERTEX_POINT('',#1548);
#1548 = CARTESIAN_POINT('',(-0.2,-0.,-0.4));
#1549 = LINE('',#1550,#1551);
#1550 = CARTESIAN_POINT('',(-0.35,-0.,-0.4));
#1551 = VECTOR('',#1552,1.);
#1552 = DIRECTION('',(-1.,-0.,-0.));
#1553 = ORIENTED_EDGE('',*,*,#1554,.F.);
#1554 = EDGE_CURVE('',#1555,#1547,#1557,.T.);
#1555 = VERTEX_POINT('',#1556);
#1556 = CARTESIAN_POINT('',(-0.2,-0.,-0.131366411611));
#1557 = LINE('',#1558,#1559);
#1558 = CARTESIAN_POINT('',(-0.2,-0.,-0.4));
#1559 = VECTOR('',#1560,1.);
#1560 = DIRECTION('',(-4.035988868657E-16,-0.,-1.));
#1561 = ORIENTED_EDGE('',*,*,#1562,.F.);
#1562 = EDGE_CURVE('',#1563,#1555,#1565,.T.);
#1563 = VERTEX_POINT('',#1564);
#1564 = CARTESIAN_POINT('',(0.2,0.,-0.131366411611));
#1565 = LINE('',#1566,#1567);
#1566 = CARTESIAN_POINT('',(-0.2,-0.,-0.131366411611));
#1567 = VECTOR('',#1568,1.);
#1568 = DIRECTION('',(-1.,-0.,-0.));
#1569 = ORIENTED_EDGE('',*,*,#1570,.F.);
#1570 = EDGE_CURVE('',#1571,#1563,#1573,.T.);
#1571 = VERTEX_POINT('',#1572);
#1572 = CARTESIAN_POINT('',(0.2,0.,-0.4));
#1573 = LINE('',#1574,#1575);
#1574 = CARTESIAN_POINT('',(0.2,0.,-0.4));
#1575 = VECTOR('',#1576,1.);
#1576 = DIRECTION('',(4.035988868657E-16,0.,1.));
#1577 = ORIENTED_EDGE('',*,*,#1578,.F.);
#1578 = EDGE_CURVE('',#1579,#1571,#1581,.T.);
#1579 = VERTEX_POINT('',#1580);
#1580 = CARTESIAN_POINT('',(0.35,0.,-0.4));
#1581 = LINE('',#1582,#1583);
#1582 = CARTESIAN_POINT('',(0.35,0.,-0.4));
#1583 = VECTOR('',#1584,1.);
#1584 = DIRECTION('',(-1.,0.,0.));
#1585 = ORIENTED_EDGE('',*,*,#1586,.F.);
#1586 = EDGE_CURVE('',#1587,#1579,#1589,.T.);
#1587 = VERTEX_POINT('',#1588);
#1588 = CARTESIAN_POINT('',(0.35,0.,-0.7));
#1589 = LINE('',#1590,#1591);
#1590 = CARTESIAN_POINT('',(0.35,0.,-0.7));
#1591 = VECTOR('',#1592,1.);
#1592 = DIRECTION('',(0.,0.,1.));
#1593 = ORIENTED_EDGE('',*,*,#1594,.F.);
#1594 = EDGE_CURVE('',#1391,#1587,#1595,.T.);
#1595 = LINE('',#1596,#1597);
#1596 = CARTESIAN_POINT('',(0.25,0.,-0.8));
#1597 = VECTOR('',#1598,1.);
#1598 = DIRECTION('',(0.707106781187,0.,0.707106781187));
#1599 = ORIENTED_EDGE('',*,*,#1388,.F.);
#1600 = ORIENTED_EDGE('',*,*,#1601,.F.);
#1601 = EDGE_CURVE('',#1452,#1389,#1602,.T.);
#1602 = LINE('',#1603,#1604);
#1603 = CARTESIAN_POINT('',(0.4,0.,-0.8));
#1604 = VECTOR('',#1605,1.);
#1605 = DIRECTION('',(-0.,-0.,-1.));
#1606 = ORIENTED_EDGE('',*,*,#1451,.T.);
#1607 = ORIENTED_EDGE('',*,*,#1608,.F.);
#1608 = EDGE_CURVE('',#1609,#1444,#1611,.T.);
#1609 = VERTEX_POINT('',#1610);
#1610 = CARTESIAN_POINT('',(0.35,0.,0.7));
#1611 = LINE('',#1612,#1613);
#1612 = CARTESIAN_POINT('',(0.25,0.,0.8));
#1613 = VECTOR('',#1614,1.);
#1614 = DIRECTION('',(-0.707106781187,-0.,0.707106781187));
#1615 = ORIENTED_EDGE('',*,*,#1616,.F.);
#1616 = EDGE_CURVE('',#1617,#1609,#1619,.T.);
#1617 = VERTEX_POINT('',#1618);
#1618 = CARTESIAN_POINT('',(0.35,0.,0.4));
#1619 = LINE('',#1620,#1621);
#1620 = CARTESIAN_POINT('',(0.35,0.,0.7));
#1621 = VECTOR('',#1622,1.);
#1622 = DIRECTION('',(-1.807003620809E-16,-0.,1.));
#1623 = ORIENTED_EDGE('',*,*,#1624,.F.);
#1624 = EDGE_CURVE('',#1625,#1617,#1627,.T.);
#1625 = VERTEX_POINT('',#1626);
#1626 = CARTESIAN_POINT('',(-0.35,0.,0.4));
#1627 = LINE('',#1628,#1629);
#1628 = CARTESIAN_POINT('',(-0.35,0.,0.4));
#1629 = VECTOR('',#1630,1.);
#1630 = DIRECTION('',(1.,0.,-7.744301232039E-17));
#1631 = ORIENTED_EDGE('',*,*,#1632,.F.);
#1632 = EDGE_CURVE('',#1342,#1625,#1633,.T.);
#1633 = LINE('',#1634,#1635);
#1634 = CARTESIAN_POINT('',(-0.35,0.,0.8));
#1635 = VECTOR('',#1636,1.);
#1636 = DIRECTION('',(-1.355252715607E-16,0.,-1.));
#1637 = ORIENTED_EDGE('',*,*,#1341,.T.);
#1638 = ORIENTED_EDGE('',*,*,#1639,.T.);
#1639 = EDGE_CURVE('',#1344,#1499,#1640,.T.);
#1640 = LINE('',#1641,#1642);
#1641 = CARTESIAN_POINT('',(-0.4,0.,-0.8));
#1642 = VECTOR('',#1643,1.);
#1643 = DIRECTION('',(-0.,-0.,-1.));
#1644 = PLANE('',#1645);
#1645 = AXIS2_PLACEMENT_3D('',#1646,#1647,#1648);
#1646 = CARTESIAN_POINT('',(0.4,0.,-0.8));
#1647 = DIRECTION('',(0.,1.,0.));
#1648 = DIRECTION('',(0.,-0.,1.));
#1649 = ADVANCED_FACE('',(#1650),#1684,.F.);
#1650 = FACE_BOUND('',#1651,.T.);
#1651 = EDGE_LOOP('',(#1652,#1662,#1670,#1678));
#1652 = ORIENTED_EDGE('',*,*,#1653,.T.);
#1653 = EDGE_CURVE('',#1654,#1656,#1658,.T.);
#1654 = VERTEX_POINT('',#1655);
#1655 = CARTESIAN_POINT('',(-0.4,0.28,-0.55));
#1656 = VERTEX_POINT('',#1657);
#1657 = CARTESIAN_POINT('',(-0.4,0.8,-0.504505894967));
#1658 = LINE('',#1659,#1660);
#1659 = CARTESIAN_POINT('',(-0.4,0.28,-0.55));
#1660 = VECTOR('',#1661,1.);
#1661 = DIRECTION('',(0.,0.996194698092,8.715574274765E-02));
#1662 = ORIENTED_EDGE('',*,*,#1663,.F.);
#1663 = EDGE_CURVE('',#1664,#1656,#1666,.T.);
#1664 = VERTEX_POINT('',#1665);
#1665 = CARTESIAN_POINT('',(0.4,0.8,-0.504505894967));
#1666 = LINE('',#1667,#1668);
#1667 = CARTESIAN_POINT('',(0.4,0.8,-0.504505894967));
#1668 = VECTOR('',#1669,1.);
#1669 = DIRECTION('',(-1.,-0.,-0.));
#1670 = ORIENTED_EDGE('',*,*,#1671,.F.);
#1671 = EDGE_CURVE('',#1672,#1664,#1674,.T.);
#1672 = VERTEX_POINT('',#1673);
#1673 = CARTESIAN_POINT('',(0.4,0.28,-0.55));
#1674 = LINE('',#1675,#1676);
#1675 = CARTESIAN_POINT('',(0.4,0.28,-0.55));
#1676 = VECTOR('',#1677,1.);
#1677 = DIRECTION('',(0.,0.996194698092,8.715574274765E-02));
#1678 = ORIENTED_EDGE('',*,*,#1679,.T.);
#1679 = EDGE_CURVE('',#1672,#1654,#1680,.T.);
#1680 = LINE('',#1681,#1682);
#1681 = CARTESIAN_POINT('',(0.4,0.28,-0.55));
#1682 = VECTOR('',#1683,1.);
#1683 = DIRECTION('',(-1.,-0.,-0.));
#1684 = PLANE('',#1685);
#1685 = AXIS2_PLACEMENT_3D('',#1686,#1687,#1688);
#1686 = CARTESIAN_POINT('',(0.4,0.28,-0.55));
#1687 = DIRECTION('',(0.,-8.715574274765E-02,0.996194698092));
#1688 = DIRECTION('',(0.,-0.996194698092,-8.715574274765E-02));
#1689 = ADVANCED_FACE('',(#1690),#1715,.F.);
#1690 = FACE_BOUND('',#1691,.T.);
#1691 = EDGE_LOOP('',(#1692,#1700,#1708,#1714));
#1692 = ORIENTED_EDGE('',*,*,#1693,.T.);
#1693 = EDGE_CURVE('',#1656,#1694,#1696,.T.);
#1694 = VERTEX_POINT('',#1695);
#1695 = CARTESIAN_POINT('',(-0.4,0.8,0.504505894967));
#1696 = LINE('',#1697,#1698);
#1697 = CARTESIAN_POINT('',(-0.4,0.8,0.504505894967));
#1698 = VECTOR('',#1699,1.);
#1699 = DIRECTION('',(-0.,-0.,1.));
#1700 = ORIENTED_EDGE('',*,*,#1701,.F.);
#1701 = EDGE_CURVE('',#1702,#1694,#1704,.T.);
#1702 = VERTEX_POINT('',#1703);
#1703 = CARTESIAN_POINT('',(0.4,0.8,0.504505894967));
#1704 = LINE('',#1705,#1706);
#1705 = CARTESIAN_POINT('',(0.4,0.8,0.504505894967));
#1706 = VECTOR('',#1707,1.);
#1707 = DIRECTION('',(-1.,-0.,-0.));
#1708 = ORIENTED_EDGE('',*,*,#1709,.F.);
#1709 = EDGE_CURVE('',#1664,#1702,#1710,.T.);
#1710 = LINE('',#1711,#1712);
#1711 = CARTESIAN_POINT('',(0.4,0.8,0.504505894967));
#1712 = VECTOR('',#1713,1.);
#1713 = DIRECTION('',(-0.,-0.,1.));
#1714 = ORIENTED_EDGE('',*,*,#1663,.T.);
#1715 = PLANE('',#1716);
#1716 = AXIS2_PLACEMENT_3D('',#1717,#1718,#1719);
#1717 = CARTESIAN_POINT('',(0.4,0.8,0.504505894967));
#1718 = DIRECTION('',(0.,-1.,0.));
#1719 = DIRECTION('',(0.,-0.,-1.));
#1720 = ADVANCED_FACE('',(#1721),#1746,.F.);
#1721 = FACE_BOUND('',#1722,.T.);
#1722 = EDGE_LOOP('',(#1723,#1731,#1739,#1745));
#1723 = ORIENTED_EDGE('',*,*,#1724,.T.);
#1724 = EDGE_CURVE('',#1694,#1725,#1727,.T.);
#1725 = VERTEX_POINT('',#1726);
#1726 = CARTESIAN_POINT('',(-0.4,0.28,0.55));
#1727 = LINE('',#1728,#1729);
#1728 = CARTESIAN_POINT('',(-0.4,0.28,0.55));
#1729 = VECTOR('',#1730,1.);
#1730 = DIRECTION('',(-0.,-0.996194698092,8.715574274765E-02));
#1731 = ORIENTED_EDGE('',*,*,#1732,.F.);
#1732 = EDGE_CURVE('',#1733,#1725,#1735,.T.);
#1733 = VERTEX_POINT('',#1734);
#1734 = CARTESIAN_POINT('',(0.4,0.28,0.55));
#1735 = LINE('',#1736,#1737);
#1736 = CARTESIAN_POINT('',(0.4,0.28,0.55));
#1737 = VECTOR('',#1738,1.);
#1738 = DIRECTION('',(-1.,-0.,-0.));
#1739 = ORIENTED_EDGE('',*,*,#1740,.F.);
#1740 = EDGE_CURVE('',#1702,#1733,#1741,.T.);
#1741 = LINE('',#1742,#1743);
#1742 = CARTESIAN_POINT('',(0.4,0.28,0.55));
#1743 = VECTOR('',#1744,1.);
#1744 = DIRECTION('',(-0.,-0.996194698092,8.715574274765E-02));
#1745 = ORIENTED_EDGE('',*,*,#1701,.T.);
#1746 = PLANE('',#1747);
#1747 = AXIS2_PLACEMENT_3D('',#1748,#1749,#1750);
#1748 = CARTESIAN_POINT('',(0.4,0.28,0.55));
#1749 = DIRECTION('',(0.,-8.715574274765E-02,-0.996194698092));
#1750 = DIRECTION('',(0.,0.996194698092,-8.715574274765E-02));
#1751 = ADVANCED_FACE('',(#1752),#1788,.T.);
#1752 = FACE_BOUND('',#1753,.T.);
#1753 = EDGE_LOOP('',(#1754,#1762,#1763,#1764,#1765,#1773,#1779,#1780,
    #1781,#1782));
#1754 = ORIENTED_EDGE('',*,*,#1755,.T.);
#1755 = EDGE_CURVE('',#1756,#1672,#1758,.T.);
#1756 = VERTEX_POINT('',#1757);
#1757 = CARTESIAN_POINT('',(0.4,0.26,-0.55));
#1758 = LINE('',#1759,#1760);
#1759 = CARTESIAN_POINT('',(0.4,0.26,-0.55));
#1760 = VECTOR('',#1761,1.);
#1761 = DIRECTION('',(-0.,1.,-0.));
#1762 = ORIENTED_EDGE('',*,*,#1671,.T.);
#1763 = ORIENTED_EDGE('',*,*,#1709,.T.);
#1764 = ORIENTED_EDGE('',*,*,#1740,.T.);
#1765 = ORIENTED_EDGE('',*,*,#1766,.F.);
#1766 = EDGE_CURVE('',#1767,#1733,#1769,.T.);
#1767 = VERTEX_POINT('',#1768);
#1768 = CARTESIAN_POINT('',(0.4,0.26,0.55));
#1769 = LINE('',#1770,#1771);
#1770 = CARTESIAN_POINT('',(0.4,0.26,0.55));
#1771 = VECTOR('',#1772,1.);
#1772 = DIRECTION('',(-0.,1.,-0.));
#1773 = ORIENTED_EDGE('',*,*,#1774,.F.);
#1774 = EDGE_CURVE('',#1460,#1767,#1775,.T.);
#1775 = LINE('',#1776,#1777);
#1776 = CARTESIAN_POINT('',(0.4,0.26,0.8));
#1777 = VECTOR('',#1778,1.);
#1778 = DIRECTION('',(0.,0.,-1.));
#1779 = ORIENTED_EDGE('',*,*,#1459,.T.);
#1780 = ORIENTED_EDGE('',*,*,#1601,.T.);
#1781 = ORIENTED_EDGE('',*,*,#1421,.T.);
#1782 = ORIENTED_EDGE('',*,*,#1783,.F.);
#1783 = EDGE_CURVE('',#1756,#1414,#1784,.T.);
#1784 = LINE('',#1785,#1786);
#1785 = CARTESIAN_POINT('',(0.4,0.26,-0.55));
#1786 = VECTOR('',#1787,1.);
#1787 = DIRECTION('',(0.,0.,-1.));
#1788 = PLANE('',#1789);
#1789 = AXIS2_PLACEMENT_3D('',#1790,#1791,#1792);
#1790 = CARTESIAN_POINT('',(0.4,0.,0.));
#1791 = DIRECTION('',(1.,-0.,0.));
#1792 = DIRECTION('',(0.,0.,-1.));
#1793 = ADVANCED_FACE('',(#1794),#1830,.F.);
#1794 = FACE_BOUND('',#1795,.T.);
#1795 = EDGE_LOOP('',(#1796,#1797,#1805,#1811,#1812,#1813,#1814,#1822,
    #1828,#1829));
#1796 = ORIENTED_EDGE('',*,*,#1653,.F.);
#1797 = ORIENTED_EDGE('',*,*,#1798,.F.);
#1798 = EDGE_CURVE('',#1799,#1654,#1801,.T.);
#1799 = VERTEX_POINT('',#1800);
#1800 = CARTESIAN_POINT('',(-0.4,0.26,-0.55));
#1801 = LINE('',#1802,#1803);
#1802 = CARTESIAN_POINT('',(-0.4,0.26,-0.55));
#1803 = VECTOR('',#1804,1.);
#1804 = DIRECTION('',(-0.,1.,-0.));
#1805 = ORIENTED_EDGE('',*,*,#1806,.F.);
#1806 = EDGE_CURVE('',#1507,#1799,#1807,.T.);
#1807 = LINE('',#1808,#1809);
#1808 = CARTESIAN_POINT('',(-0.4,0.26,-0.8));
#1809 = VECTOR('',#1810,1.);
#1810 = DIRECTION('',(0.,0.,1.));
#1811 = ORIENTED_EDGE('',*,*,#1506,.F.);
#1812 = ORIENTED_EDGE('',*,*,#1639,.F.);
#1813 = ORIENTED_EDGE('',*,*,#1374,.F.);
#1814 = ORIENTED_EDGE('',*,*,#1815,.F.);
#1815 = EDGE_CURVE('',#1816,#1367,#1818,.T.);
#1816 = VERTEX_POINT('',#1817);
#1817 = CARTESIAN_POINT('',(-0.4,0.26,0.55));
#1818 = LINE('',#1819,#1820);
#1819 = CARTESIAN_POINT('',(-0.4,0.26,0.55));
#1820 = VECTOR('',#1821,1.);
#1821 = DIRECTION('',(0.,0.,1.));
#1822 = ORIENTED_EDGE('',*,*,#1823,.T.);
#1823 = EDGE_CURVE('',#1816,#1725,#1824,.T.);
#1824 = LINE('',#1825,#1826);
#1825 = CARTESIAN_POINT('',(-0.4,0.26,0.55));
#1826 = VECTOR('',#1827,1.);
#1827 = DIRECTION('',(-0.,1.,-0.));
#1828 = ORIENTED_EDGE('',*,*,#1724,.F.);
#1829 = ORIENTED_EDGE('',*,*,#1693,.F.);
#1830 = PLANE('',#1831);
#1831 = AXIS2_PLACEMENT_3D('',#1832,#1833,#1834);
#1832 = CARTESIAN_POINT('',(-0.4,0.,0.));
#1833 = DIRECTION('',(1.,-0.,0.));
#1834 = DIRECTION('',(0.,0.,-1.));
#1835 = ADVANCED_FACE('',(#1836),#1847,.F.);
#1836 = FACE_BOUND('',#1837,.T.);
#1837 = EDGE_LOOP('',(#1838,#1839,#1840,#1846));
#1838 = ORIENTED_EDGE('',*,*,#1732,.T.);
#1839 = ORIENTED_EDGE('',*,*,#1823,.F.);
#1840 = ORIENTED_EDGE('',*,*,#1841,.F.);
#1841 = EDGE_CURVE('',#1767,#1816,#1842,.T.);
#1842 = LINE('',#1843,#1844);
#1843 = CARTESIAN_POINT('',(0.4,0.26,0.55));
#1844 = VECTOR('',#1845,1.);
#1845 = DIRECTION('',(-1.,0.,0.));
#1846 = ORIENTED_EDGE('',*,*,#1766,.T.);
#1847 = PLANE('',#1848);
#1848 = AXIS2_PLACEMENT_3D('',#1849,#1850,#1851);
#1849 = CARTESIAN_POINT('',(0.4,0.26,0.55));
#1850 = DIRECTION('',(-0.,0.,-1.));
#1851 = DIRECTION('',(-1.,0.,0.));
#1852 = ADVANCED_FACE('',(#1853),#1863,.T.);
#1853 = FACE_BOUND('',#1854,.T.);
#1854 = EDGE_LOOP('',(#1855,#1856,#1857,#1858,#1859,#1860,#1861,#1862));
#1855 = ORIENTED_EDGE('',*,*,#1160,.F.);
#1856 = ORIENTED_EDGE('',*,*,#1183,.F.);
#1857 = ORIENTED_EDGE('',*,*,#1231,.F.);
#1858 = ORIENTED_EDGE('',*,*,#1467,.T.);
#1859 = ORIENTED_EDGE('',*,*,#1774,.T.);
#1860 = ORIENTED_EDGE('',*,*,#1841,.T.);
#1861 = ORIENTED_EDGE('',*,*,#1815,.T.);
#1862 = ORIENTED_EDGE('',*,*,#1366,.T.);
#1863 = PLANE('',#1864);
#1864 = AXIS2_PLACEMENT_3D('',#1865,#1866,#1867);
#1865 = CARTESIAN_POINT('',(0.,0.26,0.));
#1866 = DIRECTION('',(0.,1.,-0.));
#1867 = DIRECTION('',(0.,0.,1.));
#1868 = ADVANCED_FACE('',(#1869),#1880,.F.);
#1869 = FACE_BOUND('',#1870,.T.);
#1870 = EDGE_LOOP('',(#1871,#1872,#1873,#1879));
#1871 = ORIENTED_EDGE('',*,*,#1679,.F.);
#1872 = ORIENTED_EDGE('',*,*,#1755,.F.);
#1873 = ORIENTED_EDGE('',*,*,#1874,.F.);
#1874 = EDGE_CURVE('',#1799,#1756,#1875,.T.);
#1875 = LINE('',#1876,#1877);
#1876 = CARTESIAN_POINT('',(-0.4,0.26,-0.55));
#1877 = VECTOR('',#1878,1.);
#1878 = DIRECTION('',(1.,0.,0.));
#1879 = ORIENTED_EDGE('',*,*,#1798,.T.);
#1880 = PLANE('',#1881);
#1881 = AXIS2_PLACEMENT_3D('',#1882,#1883,#1884);
#1882 = CARTESIAN_POINT('',(-0.4,0.26,-0.55));
#1883 = DIRECTION('',(-0.,0.,1.));
#1884 = DIRECTION('',(1.,0.,0.));
#1885 = ADVANCED_FACE('',(#1886),#1897,.T.);
#1886 = FACE_BOUND('',#1887,.T.);
#1887 = EDGE_LOOP('',(#1888,#1889,#1890,#1891,#1892,#1893,#1894,#1895,
    #1896));
#1888 = ORIENTED_EDGE('',*,*,#1255,.F.);
#1889 = ORIENTED_EDGE('',*,*,#1110,.F.);
#1890 = ORIENTED_EDGE('',*,*,#1277,.F.);
#1891 = ORIENTED_EDGE('',*,*,#1326,.F.);
#1892 = ORIENTED_EDGE('',*,*,#1514,.T.);
#1893 = ORIENTED_EDGE('',*,*,#1806,.T.);
#1894 = ORIENTED_EDGE('',*,*,#1874,.T.);
#1895 = ORIENTED_EDGE('',*,*,#1783,.T.);
#1896 = ORIENTED_EDGE('',*,*,#1413,.T.);
#1897 = PLANE('',#1898);
#1898 = AXIS2_PLACEMENT_3D('',#1899,#1900,#1901);
#1899 = CARTESIAN_POINT('',(0.,0.26,0.));
#1900 = DIRECTION('',(0.,1.,-0.));
#1901 = DIRECTION('',(0.,0.,1.));
#1902 = ADVANCED_FACE('',(#1903),#1981,.T.);
#1903 = FACE_BOUND('',#1904,.T.);
#1904 = EDGE_LOOP('',(#1905,#1906,#1907,#1915,#1923,#1931,#1939,#1947,
    #1955,#1963,#1971,#1977,#1978,#1979,#1980));
#1905 = ORIENTED_EDGE('',*,*,#1246,.T.);
#1906 = ORIENTED_EDGE('',*,*,#1406,.T.);
#1907 = ORIENTED_EDGE('',*,*,#1908,.T.);
#1908 = EDGE_CURVE('',#1399,#1909,#1911,.T.);
#1909 = VERTEX_POINT('',#1910);
#1910 = CARTESIAN_POINT('',(0.35,2.E-02,-0.7));
#1911 = LINE('',#1912,#1913);
#1912 = CARTESIAN_POINT('',(0.25,2.E-02,-0.8));
#1913 = VECTOR('',#1914,1.);
#1914 = DIRECTION('',(0.707106781187,0.,0.707106781187));
#1915 = ORIENTED_EDGE('',*,*,#1916,.T.);
#1916 = EDGE_CURVE('',#1909,#1917,#1919,.T.);
#1917 = VERTEX_POINT('',#1918);
#1918 = CARTESIAN_POINT('',(0.35,2.E-02,-0.4));
#1919 = LINE('',#1920,#1921);
#1920 = CARTESIAN_POINT('',(0.35,2.E-02,-0.7));
#1921 = VECTOR('',#1922,1.);
#1922 = DIRECTION('',(0.,0.,1.));
#1923 = ORIENTED_EDGE('',*,*,#1924,.T.);
#1924 = EDGE_CURVE('',#1917,#1925,#1927,.T.);
#1925 = VERTEX_POINT('',#1926);
#1926 = CARTESIAN_POINT('',(0.2,2.E-02,-0.4));
#1927 = LINE('',#1928,#1929);
#1928 = CARTESIAN_POINT('',(0.35,2.E-02,-0.4));
#1929 = VECTOR('',#1930,1.);
#1930 = DIRECTION('',(-1.,0.,0.));
#1931 = ORIENTED_EDGE('',*,*,#1932,.T.);
#1932 = EDGE_CURVE('',#1925,#1933,#1935,.T.);
#1933 = VERTEX_POINT('',#1934);
#1934 = CARTESIAN_POINT('',(0.2,2.E-02,-0.131366411611));
#1935 = LINE('',#1936,#1937);
#1936 = CARTESIAN_POINT('',(0.2,2.E-02,-0.4));
#1937 = VECTOR('',#1938,1.);
#1938 = DIRECTION('',(4.035988868657E-16,0.,1.));
#1939 = ORIENTED_EDGE('',*,*,#1940,.T.);
#1940 = EDGE_CURVE('',#1933,#1941,#1943,.T.);
#1941 = VERTEX_POINT('',#1942);
#1942 = CARTESIAN_POINT('',(-0.2,2.E-02,-0.131366411611));
#1943 = LINE('',#1944,#1945);
#1944 = CARTESIAN_POINT('',(-0.2,2.E-02,-0.131366411611));
#1945 = VECTOR('',#1946,1.);
#1946 = DIRECTION('',(-1.,-0.,-0.));
#1947 = ORIENTED_EDGE('',*,*,#1948,.T.);
#1948 = EDGE_CURVE('',#1941,#1949,#1951,.T.);
#1949 = VERTEX_POINT('',#1950);
#1950 = CARTESIAN_POINT('',(-0.2,2.E-02,-0.4));
#1951 = LINE('',#1952,#1953);
#1952 = CARTESIAN_POINT('',(-0.2,2.E-02,-0.4));
#1953 = VECTOR('',#1954,1.);
#1954 = DIRECTION('',(-4.035988868657E-16,-0.,-1.));
#1955 = ORIENTED_EDGE('',*,*,#1956,.T.);
#1956 = EDGE_CURVE('',#1949,#1957,#1959,.T.);
#1957 = VERTEX_POINT('',#1958);
#1958 = CARTESIAN_POINT('',(-0.35,2.E-02,-0.4));
#1959 = LINE('',#1960,#1961);
#1960 = CARTESIAN_POINT('',(-0.35,2.E-02,-0.4));
#1961 = VECTOR('',#1962,1.);
#1962 = DIRECTION('',(-1.,-0.,-0.));
#1963 = ORIENTED_EDGE('',*,*,#1964,.T.);
#1964 = EDGE_CURVE('',#1957,#1965,#1967,.T.);
#1965 = VERTEX_POINT('',#1966);
#1966 = CARTESIAN_POINT('',(-0.35,2.E-02,-0.7));
#1967 = LINE('',#1968,#1969);
#1968 = CARTESIAN_POINT('',(-0.35,2.E-02,-0.7));
#1969 = VECTOR('',#1970,1.);
#1970 = DIRECTION('',(-0.,-0.,-1.));
#1971 = ORIENTED_EDGE('',*,*,#1972,.T.);
#1972 = EDGE_CURVE('',#1965,#1483,#1973,.T.);
#1973 = LINE('',#1974,#1975);
#1974 = CARTESIAN_POINT('',(-0.25,2.E-02,-0.8));
#1975 = VECTOR('',#1976,1.);
#1976 = DIRECTION('',(0.707106781187,-0.,-0.707106781187));
#1977 = ORIENTED_EDGE('',*,*,#1482,.T.);
#1978 = ORIENTED_EDGE('',*,*,#1310,.T.);
#1979 = ORIENTED_EDGE('',*,*,#1294,.T.);
#1980 = ORIENTED_EDGE('',*,*,#1127,.T.);
#1981 = PLANE('',#1982);
#1982 = AXIS2_PLACEMENT_3D('',#1983,#1984,#1985);
#1983 = CARTESIAN_POINT('',(1.040949779275E-16,2.E-02,-0.85));
#1984 = DIRECTION('',(0.,-1.,0.));
#1985 = DIRECTION('',(0.,-0.,-1.));
#1986 = ADVANCED_FACE('',(#1987),#1998,.F.);
#1987 = FACE_BOUND('',#1988,.T.);
#1988 = EDGE_LOOP('',(#1989,#1990,#1991,#1992));
#1989 = ORIENTED_EDGE('',*,*,#1530,.T.);
#1990 = ORIENTED_EDGE('',*,*,#1490,.F.);
#1991 = ORIENTED_EDGE('',*,*,#1972,.F.);
#1992 = ORIENTED_EDGE('',*,*,#1993,.T.);
#1993 = EDGE_CURVE('',#1965,#1531,#1994,.T.);
#1994 = LINE('',#1995,#1996);
#1995 = CARTESIAN_POINT('',(-0.35,2.E-02,-0.7));
#1996 = VECTOR('',#1997,1.);
#1997 = DIRECTION('',(-0.,-1.,-0.));
#1998 = PLANE('',#1999);
#1999 = AXIS2_PLACEMENT_3D('',#2000,#2001,#2002);
#2000 = CARTESIAN_POINT('',(-0.25,2.E-02,-0.8));
#2001 = DIRECTION('',(-0.707106781187,0.,-0.707106781187));
#2002 = DIRECTION('',(-0.707106781187,0.,0.707106781187));
#2003 = ADVANCED_FACE('',(#2004),#2015,.F.);
#2004 = FACE_BOUND('',#2005,.T.);
#2005 = EDGE_LOOP('',(#2006,#2007,#2008,#2009));
#2006 = ORIENTED_EDGE('',*,*,#1538,.T.);
#2007 = ORIENTED_EDGE('',*,*,#1993,.F.);
#2008 = ORIENTED_EDGE('',*,*,#1964,.F.);
#2009 = ORIENTED_EDGE('',*,*,#2010,.T.);
#2010 = EDGE_CURVE('',#1957,#1539,#2011,.T.);
#2011 = LINE('',#2012,#2013);
#2012 = CARTESIAN_POINT('',(-0.35,2.E-02,-0.4));
#2013 = VECTOR('',#2014,1.);
#2014 = DIRECTION('',(-0.,-1.,-0.));
#2015 = PLANE('',#2016);
#2016 = AXIS2_PLACEMENT_3D('',#2017,#2018,#2019);
#2017 = CARTESIAN_POINT('',(-0.35,2.E-02,-0.7));
#2018 = DIRECTION('',(-1.,0.,0.));
#2019 = DIRECTION('',(0.,0.,1.));
#2020 = ADVANCED_FACE('',(#2021),#2032,.F.);
#2021 = FACE_BOUND('',#2022,.T.);
#2022 = EDGE_LOOP('',(#2023,#2024,#2025,#2026));
#2023 = ORIENTED_EDGE('',*,*,#1546,.T.);
#2024 = ORIENTED_EDGE('',*,*,#2010,.F.);
#2025 = ORIENTED_EDGE('',*,*,#1956,.F.);
#2026 = ORIENTED_EDGE('',*,*,#2027,.T.);
#2027 = EDGE_CURVE('',#1949,#1547,#2028,.T.);
#2028 = LINE('',#2029,#2030);
#2029 = CARTESIAN_POINT('',(-0.2,2.E-02,-0.4));
#2030 = VECTOR('',#2031,1.);
#2031 = DIRECTION('',(-0.,-1.,-0.));
#2032 = PLANE('',#2033);
#2033 = AXIS2_PLACEMENT_3D('',#2034,#2035,#2036);
#2034 = CARTESIAN_POINT('',(-0.35,2.E-02,-0.4));
#2035 = DIRECTION('',(0.,0.,1.));
#2036 = DIRECTION('',(1.,0.,-0.));
#2037 = ADVANCED_FACE('',(#2038),#2049,.F.);
#2038 = FACE_BOUND('',#2039,.T.);
#2039 = EDGE_LOOP('',(#2040,#2041,#2042,#2043));
#2040 = ORIENTED_EDGE('',*,*,#1554,.T.);
#2041 = ORIENTED_EDGE('',*,*,#2027,.F.);
#2042 = ORIENTED_EDGE('',*,*,#1948,.F.);
#2043 = ORIENTED_EDGE('',*,*,#2044,.T.);
#2044 = EDGE_CURVE('',#1941,#1555,#2045,.T.);
#2045 = LINE('',#2046,#2047);
#2046 = CARTESIAN_POINT('',(-0.2,2.E-02,-0.131366411611));
#2047 = VECTOR('',#2048,1.);
#2048 = DIRECTION('',(-0.,-1.,-0.));
#2049 = PLANE('',#2050);
#2050 = AXIS2_PLACEMENT_3D('',#2051,#2052,#2053);
#2051 = CARTESIAN_POINT('',(-0.2,2.E-02,-0.4));
#2052 = DIRECTION('',(-1.,0.,4.035988868657E-16));
#2053 = DIRECTION('',(4.035988868657E-16,0.,1.));
#2054 = ADVANCED_FACE('',(#2055),#2066,.F.);
#2055 = FACE_BOUND('',#2056,.T.);
#2056 = EDGE_LOOP('',(#2057,#2058,#2059,#2060));
#2057 = ORIENTED_EDGE('',*,*,#1562,.T.);
#2058 = ORIENTED_EDGE('',*,*,#2044,.F.);
#2059 = ORIENTED_EDGE('',*,*,#1940,.F.);
#2060 = ORIENTED_EDGE('',*,*,#2061,.T.);
#2061 = EDGE_CURVE('',#1933,#1563,#2062,.T.);
#2062 = LINE('',#2063,#2064);
#2063 = CARTESIAN_POINT('',(0.2,2.E-02,-0.131366411611));
#2064 = VECTOR('',#2065,1.);
#2065 = DIRECTION('',(-0.,-1.,-0.));
#2066 = PLANE('',#2067);
#2067 = AXIS2_PLACEMENT_3D('',#2068,#2069,#2070);
#2068 = CARTESIAN_POINT('',(-0.2,2.E-02,-0.131366411611));
#2069 = DIRECTION('',(0.,0.,1.));
#2070 = DIRECTION('',(1.,0.,-0.));
#2071 = ADVANCED_FACE('',(#2072),#2083,.F.);
#2072 = FACE_BOUND('',#2073,.T.);
#2073 = EDGE_LOOP('',(#2074,#2075,#2076,#2077));
#2074 = ORIENTED_EDGE('',*,*,#1570,.T.);
#2075 = ORIENTED_EDGE('',*,*,#2061,.F.);
#2076 = ORIENTED_EDGE('',*,*,#1932,.F.);
#2077 = ORIENTED_EDGE('',*,*,#2078,.T.);
#2078 = EDGE_CURVE('',#1925,#1571,#2079,.T.);
#2079 = LINE('',#2080,#2081);
#2080 = CARTESIAN_POINT('',(0.2,2.E-02,-0.4));
#2081 = VECTOR('',#2082,1.);
#2082 = DIRECTION('',(-0.,-1.,-0.));
#2083 = PLANE('',#2084);
#2084 = AXIS2_PLACEMENT_3D('',#2085,#2086,#2087);
#2085 = CARTESIAN_POINT('',(0.2,2.E-02,-0.4));
#2086 = DIRECTION('',(1.,0.,-4.035988868657E-16));
#2087 = DIRECTION('',(-4.035988868657E-16,0.,-1.));
#2088 = ADVANCED_FACE('',(#2089),#2100,.F.);
#2089 = FACE_BOUND('',#2090,.T.);
#2090 = EDGE_LOOP('',(#2091,#2092,#2093,#2094));
#2091 = ORIENTED_EDGE('',*,*,#1578,.T.);
#2092 = ORIENTED_EDGE('',*,*,#2078,.F.);
#2093 = ORIENTED_EDGE('',*,*,#1924,.F.);
#2094 = ORIENTED_EDGE('',*,*,#2095,.T.);
#2095 = EDGE_CURVE('',#1917,#1579,#2096,.T.);
#2096 = LINE('',#2097,#2098);
#2097 = CARTESIAN_POINT('',(0.35,2.E-02,-0.4));
#2098 = VECTOR('',#2099,1.);
#2099 = DIRECTION('',(-0.,-1.,-0.));
#2100 = PLANE('',#2101);
#2101 = AXIS2_PLACEMENT_3D('',#2102,#2103,#2104);
#2102 = CARTESIAN_POINT('',(0.35,2.E-02,-0.4));
#2103 = DIRECTION('',(0.,-0.,1.));
#2104 = DIRECTION('',(1.,0.,0.));
#2105 = ADVANCED_FACE('',(#2106),#2117,.F.);
#2106 = FACE_BOUND('',#2107,.T.);
#2107 = EDGE_LOOP('',(#2108,#2109,#2110,#2111));
#2108 = ORIENTED_EDGE('',*,*,#1586,.T.);
#2109 = ORIENTED_EDGE('',*,*,#2095,.F.);
#2110 = ORIENTED_EDGE('',*,*,#1916,.F.);
#2111 = ORIENTED_EDGE('',*,*,#2112,.T.);
#2112 = EDGE_CURVE('',#1909,#1587,#2113,.T.);
#2113 = LINE('',#2114,#2115);
#2114 = CARTESIAN_POINT('',(0.35,2.E-02,-0.7));
#2115 = VECTOR('',#2116,1.);
#2116 = DIRECTION('',(-0.,-1.,-0.));
#2117 = PLANE('',#2118);
#2118 = AXIS2_PLACEMENT_3D('',#2119,#2120,#2121);
#2119 = CARTESIAN_POINT('',(0.35,2.E-02,-0.7));
#2120 = DIRECTION('',(1.,0.,0.));
#2121 = DIRECTION('',(0.,0.,-1.));
#2122 = ADVANCED_FACE('',(#2123),#2129,.F.);
#2123 = FACE_BOUND('',#2124,.T.);
#2124 = EDGE_LOOP('',(#2125,#2126,#2127,#2128));
#2125 = ORIENTED_EDGE('',*,*,#1594,.T.);
#2126 = ORIENTED_EDGE('',*,*,#2112,.F.);
#2127 = ORIENTED_EDGE('',*,*,#1908,.F.);
#2128 = ORIENTED_EDGE('',*,*,#1398,.T.);
#2129 = PLANE('',#2130);
#2130 = AXIS2_PLACEMENT_3D('',#2131,#2132,#2133);
#2131 = CARTESIAN_POINT('',(0.25,2.E-02,-0.8));
#2132 = DIRECTION('',(0.707106781187,0.,-0.707106781187));
#2133 = DIRECTION('',(-0.707106781187,0.,-0.707106781187));
#2134 = ADVANCED_FACE('',(#2135),#2172,.T.);
#2135 = FACE_BOUND('',#2136,.T.);
#2136 = EDGE_LOOP('',(#2137,#2138,#2139,#2147,#2155,#2163,#2169,#2170,
    #2171));
#2137 = ORIENTED_EDGE('',*,*,#1142,.T.);
#2138 = ORIENTED_EDGE('',*,*,#1359,.T.);
#2139 = ORIENTED_EDGE('',*,*,#2140,.T.);
#2140 = EDGE_CURVE('',#1352,#2141,#2143,.T.);
#2141 = VERTEX_POINT('',#2142);
#2142 = CARTESIAN_POINT('',(-0.35,2.E-02,0.4));
#2143 = LINE('',#2144,#2145);
#2144 = CARTESIAN_POINT('',(-0.35,2.E-02,0.8));
#2145 = VECTOR('',#2146,1.);
#2146 = DIRECTION('',(-1.355252715607E-16,0.,-1.));
#2147 = ORIENTED_EDGE('',*,*,#2148,.T.);
#2148 = EDGE_CURVE('',#2141,#2149,#2151,.T.);
#2149 = VERTEX_POINT('',#2150);
#2150 = CARTESIAN_POINT('',(0.35,2.E-02,0.4));
#2151 = LINE('',#2152,#2153);
#2152 = CARTESIAN_POINT('',(-0.35,2.E-02,0.4));
#2153 = VECTOR('',#2154,1.);
#2154 = DIRECTION('',(1.,0.,-7.744301232039E-17));
#2155 = ORIENTED_EDGE('',*,*,#2156,.T.);
#2156 = EDGE_CURVE('',#2149,#2157,#2159,.T.);
#2157 = VERTEX_POINT('',#2158);
#2158 = CARTESIAN_POINT('',(0.35,2.E-02,0.7));
#2159 = LINE('',#2160,#2161);
#2160 = CARTESIAN_POINT('',(0.35,2.E-02,0.7));
#2161 = VECTOR('',#2162,1.);
#2162 = DIRECTION('',(-1.807003620809E-16,-0.,1.));
#2163 = ORIENTED_EDGE('',*,*,#2164,.T.);
#2164 = EDGE_CURVE('',#2157,#1436,#2165,.T.);
#2165 = LINE('',#2166,#2167);
#2166 = CARTESIAN_POINT('',(0.25,2.E-02,0.8));
#2167 = VECTOR('',#2168,1.);
#2168 = DIRECTION('',(-0.707106781187,-0.,0.707106781187));
#2169 = ORIENTED_EDGE('',*,*,#1435,.T.);
#2170 = ORIENTED_EDGE('',*,*,#1215,.T.);
#2171 = ORIENTED_EDGE('',*,*,#1200,.T.);
#2172 = PLANE('',#2173);
#2173 = AXIS2_PLACEMENT_3D('',#2174,#2175,#2176);
#2174 = CARTESIAN_POINT('',(1.040949779275E-16,2.E-02,0.85));
#2175 = DIRECTION('',(0.,-1.,0.));
#2176 = DIRECTION('',(0.,-0.,-1.));
#2177 = ADVANCED_FACE('',(#2178),#2189,.F.);
#2178 = FACE_BOUND('',#2179,.T.);
#2179 = EDGE_LOOP('',(#2180,#2181,#2182,#2183));
#2180 = ORIENTED_EDGE('',*,*,#1608,.T.);
#2181 = ORIENTED_EDGE('',*,*,#1443,.F.);
#2182 = ORIENTED_EDGE('',*,*,#2164,.F.);
#2183 = ORIENTED_EDGE('',*,*,#2184,.T.);
#2184 = EDGE_CURVE('',#2157,#1609,#2185,.T.);
#2185 = LINE('',#2186,#2187);
#2186 = CARTESIAN_POINT('',(0.35,2.E-02,0.7));
#2187 = VECTOR('',#2188,1.);
#2188 = DIRECTION('',(-0.,-1.,-0.));
#2189 = PLANE('',#2190);
#2190 = AXIS2_PLACEMENT_3D('',#2191,#2192,#2193);
#2191 = CARTESIAN_POINT('',(0.25,2.E-02,0.8));
#2192 = DIRECTION('',(0.707106781187,-0.,0.707106781187));
#2193 = DIRECTION('',(0.707106781187,0.,-0.707106781187));
#2194 = ADVANCED_FACE('',(#2195),#2206,.F.);
#2195 = FACE_BOUND('',#2196,.T.);
#2196 = EDGE_LOOP('',(#2197,#2198,#2199,#2200));
#2197 = ORIENTED_EDGE('',*,*,#1616,.T.);
#2198 = ORIENTED_EDGE('',*,*,#2184,.F.);
#2199 = ORIENTED_EDGE('',*,*,#2156,.F.);
#2200 = ORIENTED_EDGE('',*,*,#2201,.T.);
#2201 = EDGE_CURVE('',#2149,#1617,#2202,.T.);
#2202 = LINE('',#2203,#2204);
#2203 = CARTESIAN_POINT('',(0.35,2.E-02,0.4));
#2204 = VECTOR('',#2205,1.);
#2205 = DIRECTION('',(-0.,-1.,-0.));
#2206 = PLANE('',#2207);
#2207 = AXIS2_PLACEMENT_3D('',#2208,#2209,#2210);
#2208 = CARTESIAN_POINT('',(0.35,2.E-02,0.7));
#2209 = DIRECTION('',(1.,-0.,1.807003620809E-16));
#2210 = DIRECTION('',(1.807003620809E-16,0.,-1.));
#2211 = ADVANCED_FACE('',(#2212),#2223,.F.);
#2212 = FACE_BOUND('',#2213,.T.);
#2213 = EDGE_LOOP('',(#2214,#2215,#2216,#2217));
#2214 = ORIENTED_EDGE('',*,*,#1624,.T.);
#2215 = ORIENTED_EDGE('',*,*,#2201,.F.);
#2216 = ORIENTED_EDGE('',*,*,#2148,.F.);
#2217 = ORIENTED_EDGE('',*,*,#2218,.T.);
#2218 = EDGE_CURVE('',#2141,#1625,#2219,.T.);
#2219 = LINE('',#2220,#2221);
#2220 = CARTESIAN_POINT('',(-0.35,2.E-02,0.4));
#2221 = VECTOR('',#2222,1.);
#2222 = DIRECTION('',(-0.,-1.,-0.));
#2223 = PLANE('',#2224);
#2224 = AXIS2_PLACEMENT_3D('',#2225,#2226,#2227);
#2225 = CARTESIAN_POINT('',(-0.35,2.E-02,0.4));
#2226 = DIRECTION('',(-7.744301232039E-17,0.,-1.));
#2227 = DIRECTION('',(-1.,0.,7.744301232039E-17));
#2228 = ADVANCED_FACE('',(#2229),#2235,.F.);
#2229 = FACE_BOUND('',#2230,.T.);
#2230 = EDGE_LOOP('',(#2231,#2232,#2233,#2234));
#2231 = ORIENTED_EDGE('',*,*,#1632,.T.);
#2232 = ORIENTED_EDGE('',*,*,#2218,.F.);
#2233 = ORIENTED_EDGE('',*,*,#2140,.F.);
#2234 = ORIENTED_EDGE('',*,*,#1351,.T.);
#2235 = PLANE('',#2236);
#2236 = AXIS2_PLACEMENT_3D('',#2237,#2238,#2239);
#2237 = CARTESIAN_POINT('',(-0.35,2.E-02,0.8));
#2238 = DIRECTION('',(-1.,0.,1.355252715607E-16));
#2239 = DIRECTION('',(1.355252715607E-16,0.,1.));
#2240 = MANIFOLD_SOLID_BREP('',#2241);
#2241 = CLOSED_SHELL('',(#2242,#2282,#2322,#2346,#2402,#2433,#2473,#2495
    ,#2526,#2548,#2562,#2578,#2609,#2640,#2671,#2702,#2733,#2755,#2770)
  );
#2242 = ADVANCED_FACE('',(#2243),#2277,.T.);
#2243 = FACE_BOUND('',#2244,.T.);
#2244 = EDGE_LOOP('',(#2245,#2255,#2263,#2271));
#2245 = ORIENTED_EDGE('',*,*,#2246,.F.);
#2246 = EDGE_CURVE('',#2247,#2249,#2251,.T.);
#2247 = VERTEX_POINT('',#2248);
#2248 = CARTESIAN_POINT('',(0.141421356237,2.E-02,0.8));
#2249 = VERTEX_POINT('',#2250);
#2250 = CARTESIAN_POINT('',(0.141421356237,0.26,0.8));
#2251 = LINE('',#2252,#2253);
#2252 = CARTESIAN_POINT('',(0.141421356237,-0.342279937413,0.8));
#2253 = VECTOR('',#2254,1.);
#2254 = DIRECTION('',(0.,1.,0.));
#2255 = ORIENTED_EDGE('',*,*,#2256,.T.);
#2256 = EDGE_CURVE('',#2247,#2257,#2259,.T.);
#2257 = VERTEX_POINT('',#2258);
#2258 = CARTESIAN_POINT('',(0.160277537069,2.E-02,0.793333333333));
#2259 = LINE('',#2260,#2261);
#2260 = CARTESIAN_POINT('',(0.141421356237,2.E-02,0.8));
#2261 = VECTOR('',#2262,1.);
#2262 = DIRECTION('',(0.942809041582,0.,-0.333333333333));
#2263 = ORIENTED_EDGE('',*,*,#2264,.T.);
#2264 = EDGE_CURVE('',#2257,#2265,#2267,.T.);
#2265 = VERTEX_POINT('',#2266);
#2266 = CARTESIAN_POINT('',(0.160277537069,0.26,0.793333333333));
#2267 = LINE('',#2268,#2269);
#2268 = CARTESIAN_POINT('',(0.160277537069,-0.342279937413,
    0.793333333333));
#2269 = VECTOR('',#2270,1.);
#2270 = DIRECTION('',(0.,1.,0.));
#2271 = ORIENTED_EDGE('',*,*,#2272,.F.);
#2272 = EDGE_CURVE('',#2249,#2265,#2273,.T.);
#2273 = LINE('',#2274,#2275);
#2274 = CARTESIAN_POINT('',(0.267129228448,0.26,0.755555555556));
#2275 = VECTOR('',#2276,1.);
#2276 = DIRECTION('',(0.942809041582,-0.,-0.333333333333));
#2277 = PLANE('',#2278);
#2278 = AXIS2_PLACEMENT_3D('',#2279,#2280,#2281);
#2279 = CARTESIAN_POINT('',(0.141421356237,-0.342279937413,0.8));
#2280 = DIRECTION('',(0.333333333333,-0.,0.942809041582));
#2281 = DIRECTION('',(0.942809041582,0.,-0.333333333333));
#2282 = ADVANCED_FACE('',(#2283),#2317,.T.);
#2283 = FACE_BOUND('',#2284,.T.);
#2284 = EDGE_LOOP('',(#2285,#2295,#2303,#2311));
#2285 = ORIENTED_EDGE('',*,*,#2286,.F.);
#2286 = EDGE_CURVE('',#2287,#2289,#2291,.T.);
#2287 = VERTEX_POINT('',#2288);
#2288 = CARTESIAN_POINT('',(-0.160277537069,2.E-02,0.793333333333));
#2289 = VERTEX_POINT('',#2290);
#2290 = CARTESIAN_POINT('',(-0.160277537069,0.26,0.793333333333));
#2291 = LINE('',#2292,#2293);
#2292 = CARTESIAN_POINT('',(-0.160277537069,-0.342279937413,
    0.793333333333));
#2293 = VECTOR('',#2294,1.);
#2294 = DIRECTION('',(0.,1.,0.));
#2295 = ORIENTED_EDGE('',*,*,#2296,.T.);
#2296 = EDGE_CURVE('',#2287,#2297,#2299,.T.);
#2297 = VERTEX_POINT('',#2298);
#2298 = CARTESIAN_POINT('',(-0.141421356237,2.E-02,0.8));
#2299 = LINE('',#2300,#2301);
#2300 = CARTESIAN_POINT('',(-0.160277537069,2.E-02,0.793333333333));
#2301 = VECTOR('',#2302,1.);
#2302 = DIRECTION('',(0.942809041582,0.,0.333333333333));
#2303 = ORIENTED_EDGE('',*,*,#2304,.T.);
#2304 = EDGE_CURVE('',#2297,#2305,#2307,.T.);
#2305 = VERTEX_POINT('',#2306);
#2306 = CARTESIAN_POINT('',(-0.141421356237,0.26,0.8));
#2307 = LINE('',#2308,#2309);
#2308 = CARTESIAN_POINT('',(-0.141421356237,-0.342279937413,0.8));
#2309 = VECTOR('',#2310,1.);
#2310 = DIRECTION('',(0.,1.,0.));
#2311 = ORIENTED_EDGE('',*,*,#2312,.F.);
#2312 = EDGE_CURVE('',#2289,#2305,#2313,.T.);
#2313 = LINE('',#2314,#2315);
#2314 = CARTESIAN_POINT('',(-0.267129228448,0.26,0.755555555556));
#2315 = VECTOR('',#2316,1.);
#2316 = DIRECTION('',(0.942809041582,0.,0.333333333333));
#2317 = PLANE('',#2318);
#2318 = AXIS2_PLACEMENT_3D('',#2319,#2320,#2321);
#2319 = CARTESIAN_POINT('',(-0.160277537069,-0.342279937413,
    0.793333333333));
#2320 = DIRECTION('',(-0.333333333333,0.,0.942809041582));
#2321 = DIRECTION('',(0.942809041582,0.,0.333333333333));
#2322 = ADVANCED_FACE('',(#2323),#2341,.T.);
#2323 = FACE_BOUND('',#2324,.T.);
#2324 = EDGE_LOOP('',(#2325,#2326,#2333,#2334));
#2325 = ORIENTED_EDGE('',*,*,#2264,.F.);
#2326 = ORIENTED_EDGE('',*,*,#2327,.T.);
#2327 = EDGE_CURVE('',#2257,#2287,#2328,.T.);
#2328 = CIRCLE('',#2329,0.17);
#2329 = AXIS2_PLACEMENT_3D('',#2330,#2331,#2332);
#2330 = CARTESIAN_POINT('',(1.040949779275E-16,2.E-02,0.85));
#2331 = DIRECTION('',(-0.,1.,0.));
#2332 = DIRECTION('',(0.,0.,-1.));
#2333 = ORIENTED_EDGE('',*,*,#2286,.T.);
#2334 = ORIENTED_EDGE('',*,*,#2335,.F.);
#2335 = EDGE_CURVE('',#2265,#2289,#2336,.T.);
#2336 = CIRCLE('',#2337,0.17);
#2337 = AXIS2_PLACEMENT_3D('',#2338,#2339,#2340);
#2338 = CARTESIAN_POINT('',(1.040949779275E-16,0.26,0.85));
#2339 = DIRECTION('',(0.,1.,-0.));
#2340 = DIRECTION('',(0.,0.,1.));
#2341 = CYLINDRICAL_SURFACE('',#2342,0.17);
#2342 = AXIS2_PLACEMENT_3D('',#2343,#2344,#2345);
#2343 = CARTESIAN_POINT('',(1.040949779275E-16,-0.342279937413,0.85));
#2344 = DIRECTION('',(0.,1.,0.));
#2345 = DIRECTION('',(0.,-0.,1.));
#2346 = ADVANCED_FACE('',(#2347),#2397,.F.);
#2347 = FACE_BOUND('',#2348,.F.);
#2348 = EDGE_LOOP('',(#2349,#2357,#2366,#2372,#2373,#2381,#2390,#2396));
#2349 = ORIENTED_EDGE('',*,*,#2350,.T.);
#2350 = EDGE_CURVE('',#2305,#2351,#2353,.T.);
#2351 = VERTEX_POINT('',#2352);
#2352 = CARTESIAN_POINT('',(-0.141421356237,0.28,0.8));
#2353 = LINE('',#2354,#2355);
#2354 = CARTESIAN_POINT('',(-0.141421356237,0.,0.8));
#2355 = VECTOR('',#2356,1.);
#2356 = DIRECTION('',(-0.,1.,-0.));
#2357 = ORIENTED_EDGE('',*,*,#2358,.T.);
#2358 = EDGE_CURVE('',#2351,#2359,#2361,.T.);
#2359 = VERTEX_POINT('',#2360);
#2360 = CARTESIAN_POINT('',(0.141421356237,0.28,0.8));
#2361 = CIRCLE('',#2362,0.15);
#2362 = AXIS2_PLACEMENT_3D('',#2363,#2364,#2365);
#2363 = CARTESIAN_POINT('',(1.040949779275E-16,0.28,0.85));
#2364 = DIRECTION('',(0.,-1.,0.));
#2365 = DIRECTION('',(0.,0.,1.));
#2366 = ORIENTED_EDGE('',*,*,#2367,.T.);
#2367 = EDGE_CURVE('',#2359,#2249,#2368,.T.);
#2368 = LINE('',#2369,#2370);
#2369 = CARTESIAN_POINT('',(0.141421356237,0.,0.8));
#2370 = VECTOR('',#2371,1.);
#2371 = DIRECTION('',(0.,-1.,0.));
#2372 = ORIENTED_EDGE('',*,*,#2246,.F.);
#2373 = ORIENTED_EDGE('',*,*,#2374,.F.);
#2374 = EDGE_CURVE('',#2375,#2247,#2377,.T.);
#2375 = VERTEX_POINT('',#2376);
#2376 = CARTESIAN_POINT('',(0.141421356237,0.,0.8));
#2377 = LINE('',#2378,#2379);
#2378 = CARTESIAN_POINT('',(0.141421356237,0.,0.8));
#2379 = VECTOR('',#2380,1.);
#2380 = DIRECTION('',(-0.,1.,-0.));
#2381 = ORIENTED_EDGE('',*,*,#2382,.T.);
#2382 = EDGE_CURVE('',#2375,#2383,#2385,.T.);
#2383 = VERTEX_POINT('',#2384);
#2384 = CARTESIAN_POINT('',(-0.141421356237,0.,0.8));
#2385 = CIRCLE('',#2386,0.15);
#2386 = AXIS2_PLACEMENT_3D('',#2387,#2388,#2389);
#2387 = CARTESIAN_POINT('',(1.040949779275E-16,0.,0.85));
#2388 = DIRECTION('',(-0.,1.,0.));
#2389 = DIRECTION('',(0.,0.,-1.));
#2390 = ORIENTED_EDGE('',*,*,#2391,.T.);
#2391 = EDGE_CURVE('',#2383,#2297,#2392,.T.);
#2392 = LINE('',#2393,#2394);
#2393 = CARTESIAN_POINT('',(-0.141421356237,0.,0.8));
#2394 = VECTOR('',#2395,1.);
#2395 = DIRECTION('',(-0.,1.,-0.));
#2396 = ORIENTED_EDGE('',*,*,#2304,.T.);
#2397 = CYLINDRICAL_SURFACE('',#2398,0.15);
#2398 = AXIS2_PLACEMENT_3D('',#2399,#2400,#2401);
#2399 = CARTESIAN_POINT('',(1.040949779275E-16,-0.342279937413,0.85));
#2400 = DIRECTION('',(0.,1.,0.));
#2401 = DIRECTION('',(0.,-0.,1.));
#2402 = ADVANCED_FACE('',(#2403),#2428,.F.);
#2403 = FACE_BOUND('',#2404,.T.);
#2404 = EDGE_LOOP('',(#2405,#2413,#2414,#2422));
#2405 = ORIENTED_EDGE('',*,*,#2406,.T.);
#2406 = EDGE_CURVE('',#2407,#2305,#2409,.T.);
#2407 = VERTEX_POINT('',#2408);
#2408 = CARTESIAN_POINT('',(-0.4,0.26,0.8));
#2409 = LINE('',#2410,#2411);
#2410 = CARTESIAN_POINT('',(-0.4,0.26,0.8));
#2411 = VECTOR('',#2412,1.);
#2412 = DIRECTION('',(1.,0.,0.));
#2413 = ORIENTED_EDGE('',*,*,#2350,.T.);
#2414 = ORIENTED_EDGE('',*,*,#2415,.F.);
#2415 = EDGE_CURVE('',#2416,#2351,#2418,.T.);
#2416 = VERTEX_POINT('',#2417);
#2417 = CARTESIAN_POINT('',(-0.4,0.28,0.8));
#2418 = LINE('',#2419,#2420);
#2419 = CARTESIAN_POINT('',(-0.4,0.28,0.8));
#2420 = VECTOR('',#2421,1.);
#2421 = DIRECTION('',(1.,0.,0.));
#2422 = ORIENTED_EDGE('',*,*,#2423,.T.);
#2423 = EDGE_CURVE('',#2416,#2407,#2424,.T.);
#2424 = LINE('',#2425,#2426);
#2425 = CARTESIAN_POINT('',(-0.4,0.28,0.8));
#2426 = VECTOR('',#2427,1.);
#2427 = DIRECTION('',(-0.,-1.,-0.));
#2428 = PLANE('',#2429);
#2429 = AXIS2_PLACEMENT_3D('',#2430,#2431,#2432);
#2430 = CARTESIAN_POINT('',(-0.4,0.28,0.8));
#2431 = DIRECTION('',(0.,0.,-1.));
#2432 = DIRECTION('',(-1.,0.,-0.));
#2433 = ADVANCED_FACE('',(#2434),#2468,.F.);
#2434 = FACE_BOUND('',#2435,.T.);
#2435 = EDGE_LOOP('',(#2436,#2446,#2454,#2462));
#2436 = ORIENTED_EDGE('',*,*,#2437,.T.);
#2437 = EDGE_CURVE('',#2438,#2440,#2442,.T.);
#2438 = VERTEX_POINT('',#2439);
#2439 = CARTESIAN_POINT('',(0.4,0.26,0.55));
#2440 = VERTEX_POINT('',#2441);
#2441 = CARTESIAN_POINT('',(-0.4,0.26,0.55));
#2442 = LINE('',#2443,#2444);
#2443 = CARTESIAN_POINT('',(0.4,0.26,0.55));
#2444 = VECTOR('',#2445,1.);
#2445 = DIRECTION('',(-1.,0.,0.));
#2446 = ORIENTED_EDGE('',*,*,#2447,.F.);
#2447 = EDGE_CURVE('',#2448,#2440,#2450,.T.);
#2448 = VERTEX_POINT('',#2449);
#2449 = CARTESIAN_POINT('',(-0.4,0.28,0.55));
#2450 = LINE('',#2451,#2452);
#2451 = CARTESIAN_POINT('',(-0.4,0.28,0.55));
#2452 = VECTOR('',#2453,1.);
#2453 = DIRECTION('',(-0.,-1.,-0.));
#2454 = ORIENTED_EDGE('',*,*,#2455,.F.);
#2455 = EDGE_CURVE('',#2456,#2448,#2458,.T.);
#2456 = VERTEX_POINT('',#2457);
#2457 = CARTESIAN_POINT('',(0.4,0.28,0.55));
#2458 = LINE('',#2459,#2460);
#2459 = CARTESIAN_POINT('',(0.4,0.28,0.55));
#2460 = VECTOR('',#2461,1.);
#2461 = DIRECTION('',(-1.,0.,0.));
#2462 = ORIENTED_EDGE('',*,*,#2463,.T.);
#2463 = EDGE_CURVE('',#2456,#2438,#2464,.T.);
#2464 = LINE('',#2465,#2466);
#2465 = CARTESIAN_POINT('',(0.4,0.28,0.55));
#2466 = VECTOR('',#2467,1.);
#2467 = DIRECTION('',(-0.,-1.,-0.));
#2468 = PLANE('',#2469);
#2469 = AXIS2_PLACEMENT_3D('',#2470,#2471,#2472);
#2470 = CARTESIAN_POINT('',(0.4,0.28,0.55));
#2471 = DIRECTION('',(0.,-0.,1.));
#2472 = DIRECTION('',(1.,0.,0.));
#2473 = ADVANCED_FACE('',(#2474),#2490,.F.);
#2474 = FACE_BOUND('',#2475,.T.);
#2475 = EDGE_LOOP('',(#2476,#2482,#2483,#2489));
#2476 = ORIENTED_EDGE('',*,*,#2477,.T.);
#2477 = EDGE_CURVE('',#2440,#2407,#2478,.T.);
#2478 = LINE('',#2479,#2480);
#2479 = CARTESIAN_POINT('',(-0.4,0.26,0.55));
#2480 = VECTOR('',#2481,1.);
#2481 = DIRECTION('',(0.,0.,1.));
#2482 = ORIENTED_EDGE('',*,*,#2423,.F.);
#2483 = ORIENTED_EDGE('',*,*,#2484,.F.);
#2484 = EDGE_CURVE('',#2448,#2416,#2485,.T.);
#2485 = LINE('',#2486,#2487);
#2486 = CARTESIAN_POINT('',(-0.4,0.28,0.55));
#2487 = VECTOR('',#2488,1.);
#2488 = DIRECTION('',(0.,0.,1.));
#2489 = ORIENTED_EDGE('',*,*,#2447,.T.);
#2490 = PLANE('',#2491);
#2491 = AXIS2_PLACEMENT_3D('',#2492,#2493,#2494);
#2492 = CARTESIAN_POINT('',(-0.4,0.28,0.55));
#2493 = DIRECTION('',(1.,0.,0.));
#2494 = DIRECTION('',(0.,0.,-1.));
#2495 = ADVANCED_FACE('',(#2496),#2521,.F.);
#2496 = FACE_BOUND('',#2497,.T.);
#2497 = EDGE_LOOP('',(#2498,#2506,#2507,#2515));
#2498 = ORIENTED_EDGE('',*,*,#2499,.F.);
#2499 = EDGE_CURVE('',#2359,#2500,#2502,.T.);
#2500 = VERTEX_POINT('',#2501);
#2501 = CARTESIAN_POINT('',(0.4,0.28,0.8));
#2502 = LINE('',#2503,#2504);
#2503 = CARTESIAN_POINT('',(-0.4,0.28,0.8));
#2504 = VECTOR('',#2505,1.);
#2505 = DIRECTION('',(1.,0.,0.));
#2506 = ORIENTED_EDGE('',*,*,#2367,.T.);
#2507 = ORIENTED_EDGE('',*,*,#2508,.T.);
#2508 = EDGE_CURVE('',#2249,#2509,#2511,.T.);
#2509 = VERTEX_POINT('',#2510);
#2510 = CARTESIAN_POINT('',(0.4,0.26,0.8));
#2511 = LINE('',#2512,#2513);
#2512 = CARTESIAN_POINT('',(-0.4,0.26,0.8));
#2513 = VECTOR('',#2514,1.);
#2514 = DIRECTION('',(1.,0.,0.));
#2515 = ORIENTED_EDGE('',*,*,#2516,.F.);
#2516 = EDGE_CURVE('',#2500,#2509,#2517,.T.);
#2517 = LINE('',#2518,#2519);
#2518 = CARTESIAN_POINT('',(0.4,0.28,0.8));
#2519 = VECTOR('',#2520,1.);
#2520 = DIRECTION('',(-0.,-1.,-0.));
#2521 = PLANE('',#2522);
#2522 = AXIS2_PLACEMENT_3D('',#2523,#2524,#2525);
#2523 = CARTESIAN_POINT('',(-0.4,0.28,0.8));
#2524 = DIRECTION('',(0.,0.,-1.));
#2525 = DIRECTION('',(-1.,0.,-0.));
#2526 = ADVANCED_FACE('',(#2527),#2543,.F.);
#2527 = FACE_BOUND('',#2528,.T.);
#2528 = EDGE_LOOP('',(#2529,#2535,#2536,#2542));
#2529 = ORIENTED_EDGE('',*,*,#2530,.T.);
#2530 = EDGE_CURVE('',#2509,#2438,#2531,.T.);
#2531 = LINE('',#2532,#2533);
#2532 = CARTESIAN_POINT('',(0.4,0.26,0.8));
#2533 = VECTOR('',#2534,1.);
#2534 = DIRECTION('',(0.,0.,-1.));
#2535 = ORIENTED_EDGE('',*,*,#2463,.F.);
#2536 = ORIENTED_EDGE('',*,*,#2537,.F.);
#2537 = EDGE_CURVE('',#2500,#2456,#2538,.T.);
#2538 = LINE('',#2539,#2540);
#2539 = CARTESIAN_POINT('',(0.4,0.28,0.8));
#2540 = VECTOR('',#2541,1.);
#2541 = DIRECTION('',(0.,0.,-1.));
#2542 = ORIENTED_EDGE('',*,*,#2516,.T.);
#2543 = PLANE('',#2544);
#2544 = AXIS2_PLACEMENT_3D('',#2545,#2546,#2547);
#2545 = CARTESIAN_POINT('',(0.4,0.28,0.8));
#2546 = DIRECTION('',(-1.,0.,0.));
#2547 = DIRECTION('',(0.,0.,1.));
#2548 = ADVANCED_FACE('',(#2549),#2557,.T.);
#2549 = FACE_BOUND('',#2550,.T.);
#2550 = EDGE_LOOP('',(#2551,#2552,#2553,#2554,#2555,#2556));
#2551 = ORIENTED_EDGE('',*,*,#2415,.T.);
#2552 = ORIENTED_EDGE('',*,*,#2358,.T.);
#2553 = ORIENTED_EDGE('',*,*,#2499,.T.);
#2554 = ORIENTED_EDGE('',*,*,#2537,.T.);
#2555 = ORIENTED_EDGE('',*,*,#2455,.T.);
#2556 = ORIENTED_EDGE('',*,*,#2484,.T.);
#2557 = PLANE('',#2558);
#2558 = AXIS2_PLACEMENT_3D('',#2559,#2560,#2561);
#2559 = CARTESIAN_POINT('',(0.,0.28,0.));
#2560 = DIRECTION('',(0.,1.,-0.));
#2561 = DIRECTION('',(0.,0.,1.));
#2562 = ADVANCED_FACE('',(#2563),#2573,.F.);
#2563 = FACE_BOUND('',#2564,.T.);
#2564 = EDGE_LOOP('',(#2565,#2566,#2567,#2568,#2569,#2570,#2571,#2572));
#2565 = ORIENTED_EDGE('',*,*,#2335,.T.);
#2566 = ORIENTED_EDGE('',*,*,#2312,.T.);
#2567 = ORIENTED_EDGE('',*,*,#2406,.F.);
#2568 = ORIENTED_EDGE('',*,*,#2477,.F.);
#2569 = ORIENTED_EDGE('',*,*,#2437,.F.);
#2570 = ORIENTED_EDGE('',*,*,#2530,.F.);
#2571 = ORIENTED_EDGE('',*,*,#2508,.F.);
#2572 = ORIENTED_EDGE('',*,*,#2272,.T.);
#2573 = PLANE('',#2574);
#2574 = AXIS2_PLACEMENT_3D('',#2575,#2576,#2577);
#2575 = CARTESIAN_POINT('',(0.,0.26,0.));
#2576 = DIRECTION('',(0.,1.,-0.));
#2577 = DIRECTION('',(0.,0.,1.));
#2578 = ADVANCED_FACE('',(#2579),#2604,.F.);
#2579 = FACE_BOUND('',#2580,.T.);
#2580 = EDGE_LOOP('',(#2581,#2589,#2597,#2603));
#2581 = ORIENTED_EDGE('',*,*,#2582,.T.);
#2582 = EDGE_CURVE('',#2297,#2583,#2585,.T.);
#2583 = VERTEX_POINT('',#2584);
#2584 = CARTESIAN_POINT('',(-0.35,2.E-02,0.8));
#2585 = LINE('',#2586,#2587);
#2586 = CARTESIAN_POINT('',(-0.141421356237,2.E-02,0.8));
#2587 = VECTOR('',#2588,1.);
#2588 = DIRECTION('',(-1.,0.,0.));
#2589 = ORIENTED_EDGE('',*,*,#2590,.F.);
#2590 = EDGE_CURVE('',#2591,#2583,#2593,.T.);
#2591 = VERTEX_POINT('',#2592);
#2592 = CARTESIAN_POINT('',(-0.35,0.,0.8));
#2593 = LINE('',#2594,#2595);
#2594 = CARTESIAN_POINT('',(-0.35,0.,0.8));
#2595 = VECTOR('',#2596,1.);
#2596 = DIRECTION('',(-0.,1.,-0.));
#2597 = ORIENTED_EDGE('',*,*,#2598,.F.);
#2598 = EDGE_CURVE('',#2383,#2591,#2599,.T.);
#2599 = LINE('',#2600,#2601);
#2600 = CARTESIAN_POINT('',(-0.141421356237,0.,0.8));
#2601 = VECTOR('',#2602,1.);
#2602 = DIRECTION('',(-1.,0.,0.));
#2603 = ORIENTED_EDGE('',*,*,#2391,.T.);
#2604 = PLANE('',#2605);
#2605 = AXIS2_PLACEMENT_3D('',#2606,#2607,#2608);
#2606 = CARTESIAN_POINT('',(-0.141421356237,0.,0.8));
#2607 = DIRECTION('',(-0.,0.,-1.));
#2608 = DIRECTION('',(-1.,0.,0.));
#2609 = ADVANCED_FACE('',(#2610),#2635,.F.);
#2610 = FACE_BOUND('',#2611,.T.);
#2611 = EDGE_LOOP('',(#2612,#2620,#2628,#2634));
#2612 = ORIENTED_EDGE('',*,*,#2613,.T.);
#2613 = EDGE_CURVE('',#2583,#2614,#2616,.T.);
#2614 = VERTEX_POINT('',#2615);
#2615 = CARTESIAN_POINT('',(-0.35,2.E-02,0.4));
#2616 = LINE('',#2617,#2618);
#2617 = CARTESIAN_POINT('',(-0.35,2.E-02,0.8));
#2618 = VECTOR('',#2619,1.);
#2619 = DIRECTION('',(-1.355252715607E-16,0.,-1.));
#2620 = ORIENTED_EDGE('',*,*,#2621,.F.);
#2621 = EDGE_CURVE('',#2622,#2614,#2624,.T.);
#2622 = VERTEX_POINT('',#2623);
#2623 = CARTESIAN_POINT('',(-0.35,0.,0.4));
#2624 = LINE('',#2625,#2626);
#2625 = CARTESIAN_POINT('',(-0.35,0.,0.4));
#2626 = VECTOR('',#2627,1.);
#2627 = DIRECTION('',(-0.,1.,-0.));
#2628 = ORIENTED_EDGE('',*,*,#2629,.F.);
#2629 = EDGE_CURVE('',#2591,#2622,#2630,.T.);
#2630 = LINE('',#2631,#2632);
#2631 = CARTESIAN_POINT('',(-0.35,0.,0.8));
#2632 = VECTOR('',#2633,1.);
#2633 = DIRECTION('',(-1.355252715607E-16,0.,-1.));
#2634 = ORIENTED_EDGE('',*,*,#2590,.T.);
#2635 = PLANE('',#2636);
#2636 = AXIS2_PLACEMENT_3D('',#2637,#2638,#2639);
#2637 = CARTESIAN_POINT('',(-0.35,0.,0.8));
#2638 = DIRECTION('',(1.,0.,-1.355252715607E-16));
#2639 = DIRECTION('',(-1.355252715607E-16,0.,-1.));
#2640 = ADVANCED_FACE('',(#2641),#2666,.F.);
#2641 = FACE_BOUND('',#2642,.T.);
#2642 = EDGE_LOOP('',(#2643,#2651,#2659,#2665));
#2643 = ORIENTED_EDGE('',*,*,#2644,.T.);
#2644 = EDGE_CURVE('',#2614,#2645,#2647,.T.);
#2645 = VERTEX_POINT('',#2646);
#2646 = CARTESIAN_POINT('',(0.35,2.E-02,0.4));
#2647 = LINE('',#2648,#2649);
#2648 = CARTESIAN_POINT('',(-0.35,2.E-02,0.4));
#2649 = VECTOR('',#2650,1.);
#2650 = DIRECTION('',(1.,0.,-7.744301232039E-17));
#2651 = ORIENTED_EDGE('',*,*,#2652,.F.);
#2652 = EDGE_CURVE('',#2653,#2645,#2655,.T.);
#2653 = VERTEX_POINT('',#2654);
#2654 = CARTESIAN_POINT('',(0.35,0.,0.4));
#2655 = LINE('',#2656,#2657);
#2656 = CARTESIAN_POINT('',(0.35,0.,0.4));
#2657 = VECTOR('',#2658,1.);
#2658 = DIRECTION('',(-0.,1.,-0.));
#2659 = ORIENTED_EDGE('',*,*,#2660,.F.);
#2660 = EDGE_CURVE('',#2622,#2653,#2661,.T.);
#2661 = LINE('',#2662,#2663);
#2662 = CARTESIAN_POINT('',(-0.35,0.,0.4));
#2663 = VECTOR('',#2664,1.);
#2664 = DIRECTION('',(1.,0.,-7.744301232039E-17));
#2665 = ORIENTED_EDGE('',*,*,#2621,.T.);
#2666 = PLANE('',#2667);
#2667 = AXIS2_PLACEMENT_3D('',#2668,#2669,#2670);
#2668 = CARTESIAN_POINT('',(-0.35,0.,0.4));
#2669 = DIRECTION('',(7.744301232039E-17,0.,1.));
#2670 = DIRECTION('',(1.,0.,-7.744301232039E-17));
#2671 = ADVANCED_FACE('',(#2672),#2697,.F.);
#2672 = FACE_BOUND('',#2673,.T.);
#2673 = EDGE_LOOP('',(#2674,#2682,#2690,#2696));
#2674 = ORIENTED_EDGE('',*,*,#2675,.T.);
#2675 = EDGE_CURVE('',#2645,#2676,#2678,.T.);
#2676 = VERTEX_POINT('',#2677);
#2677 = CARTESIAN_POINT('',(0.35,2.E-02,0.7));
#2678 = LINE('',#2679,#2680);
#2679 = CARTESIAN_POINT('',(0.35,2.E-02,0.4));
#2680 = VECTOR('',#2681,1.);
#2681 = DIRECTION('',(-1.807003620809E-16,0.,1.));
#2682 = ORIENTED_EDGE('',*,*,#2683,.F.);
#2683 = EDGE_CURVE('',#2684,#2676,#2686,.T.);
#2684 = VERTEX_POINT('',#2685);
#2685 = CARTESIAN_POINT('',(0.35,0.,0.7));
#2686 = LINE('',#2687,#2688);
#2687 = CARTESIAN_POINT('',(0.35,0.,0.7));
#2688 = VECTOR('',#2689,1.);
#2689 = DIRECTION('',(-0.,1.,-0.));
#2690 = ORIENTED_EDGE('',*,*,#2691,.F.);
#2691 = EDGE_CURVE('',#2653,#2684,#2692,.T.);
#2692 = LINE('',#2693,#2694);
#2693 = CARTESIAN_POINT('',(0.35,0.,0.4));
#2694 = VECTOR('',#2695,1.);
#2695 = DIRECTION('',(-1.807003620809E-16,0.,1.));
#2696 = ORIENTED_EDGE('',*,*,#2652,.T.);
#2697 = PLANE('',#2698);
#2698 = AXIS2_PLACEMENT_3D('',#2699,#2700,#2701);
#2699 = CARTESIAN_POINT('',(0.35,0.,0.4));
#2700 = DIRECTION('',(-1.,0.,-1.807003620809E-16));
#2701 = DIRECTION('',(-1.807003620809E-16,0.,1.));
#2702 = ADVANCED_FACE('',(#2703),#2728,.F.);
#2703 = FACE_BOUND('',#2704,.T.);
#2704 = EDGE_LOOP('',(#2705,#2713,#2721,#2727));
#2705 = ORIENTED_EDGE('',*,*,#2706,.T.);
#2706 = EDGE_CURVE('',#2676,#2707,#2709,.T.);
#2707 = VERTEX_POINT('',#2708);
#2708 = CARTESIAN_POINT('',(0.25,2.E-02,0.8));
#2709 = LINE('',#2710,#2711);
#2710 = CARTESIAN_POINT('',(0.35,2.E-02,0.7));
#2711 = VECTOR('',#2712,1.);
#2712 = DIRECTION('',(-0.707106781187,0.,0.707106781187));
#2713 = ORIENTED_EDGE('',*,*,#2714,.F.);
#2714 = EDGE_CURVE('',#2715,#2707,#2717,.T.);
#2715 = VERTEX_POINT('',#2716);
#2716 = CARTESIAN_POINT('',(0.25,0.,0.8));
#2717 = LINE('',#2718,#2719);
#2718 = CARTESIAN_POINT('',(0.25,0.,0.8));
#2719 = VECTOR('',#2720,1.);
#2720 = DIRECTION('',(-0.,1.,-0.));
#2721 = ORIENTED_EDGE('',*,*,#2722,.F.);
#2722 = EDGE_CURVE('',#2684,#2715,#2723,.T.);
#2723 = LINE('',#2724,#2725);
#2724 = CARTESIAN_POINT('',(0.35,0.,0.7));
#2725 = VECTOR('',#2726,1.);
#2726 = DIRECTION('',(-0.707106781187,0.,0.707106781187));
#2727 = ORIENTED_EDGE('',*,*,#2683,.T.);
#2728 = PLANE('',#2729);
#2729 = AXIS2_PLACEMENT_3D('',#2730,#2731,#2732);
#2730 = CARTESIAN_POINT('',(0.35,0.,0.7));
#2731 = DIRECTION('',(-0.707106781187,0.,-0.707106781187));
#2732 = DIRECTION('',(-0.707106781187,0.,0.707106781187));
#2733 = ADVANCED_FACE('',(#2734),#2750,.F.);
#2734 = FACE_BOUND('',#2735,.T.);
#2735 = EDGE_LOOP('',(#2736,#2742,#2743,#2749));
#2736 = ORIENTED_EDGE('',*,*,#2737,.T.);
#2737 = EDGE_CURVE('',#2707,#2247,#2738,.T.);
#2738 = LINE('',#2739,#2740);
#2739 = CARTESIAN_POINT('',(0.25,2.E-02,0.8));
#2740 = VECTOR('',#2741,1.);
#2741 = DIRECTION('',(-1.,0.,0.));
#2742 = ORIENTED_EDGE('',*,*,#2374,.F.);
#2743 = ORIENTED_EDGE('',*,*,#2744,.F.);
#2744 = EDGE_CURVE('',#2715,#2375,#2745,.T.);
#2745 = LINE('',#2746,#2747);
#2746 = CARTESIAN_POINT('',(0.25,0.,0.8));
#2747 = VECTOR('',#2748,1.);
#2748 = DIRECTION('',(-1.,0.,0.));
#2749 = ORIENTED_EDGE('',*,*,#2714,.T.);
#2750 = PLANE('',#2751);
#2751 = AXIS2_PLACEMENT_3D('',#2752,#2753,#2754);
#2752 = CARTESIAN_POINT('',(0.25,0.,0.8));
#2753 = DIRECTION('',(-0.,0.,-1.));
#2754 = DIRECTION('',(-1.,0.,0.));
#2755 = ADVANCED_FACE('',(#2756),#2765,.T.);
#2756 = FACE_BOUND('',#2757,.T.);
#2757 = EDGE_LOOP('',(#2758,#2759,#2760,#2761,#2762,#2763,#2764));
#2758 = ORIENTED_EDGE('',*,*,#2382,.T.);
#2759 = ORIENTED_EDGE('',*,*,#2598,.T.);
#2760 = ORIENTED_EDGE('',*,*,#2629,.T.);
#2761 = ORIENTED_EDGE('',*,*,#2660,.T.);
#2762 = ORIENTED_EDGE('',*,*,#2691,.T.);
#2763 = ORIENTED_EDGE('',*,*,#2722,.T.);
#2764 = ORIENTED_EDGE('',*,*,#2744,.T.);
#2765 = PLANE('',#2766);
#2766 = AXIS2_PLACEMENT_3D('',#2767,#2768,#2769);
#2767 = CARTESIAN_POINT('',(1.040949779275E-16,0.,0.85));
#2768 = DIRECTION('',(0.,-1.,0.));
#2769 = DIRECTION('',(0.,-0.,-1.));
#2770 = ADVANCED_FACE('',(#2771),#2782,.F.);
#2771 = FACE_BOUND('',#2772,.T.);
#2772 = EDGE_LOOP('',(#2773,#2774,#2775,#2776,#2777,#2778,#2779,#2780,
    #2781));
#2773 = ORIENTED_EDGE('',*,*,#2296,.F.);
#2774 = ORIENTED_EDGE('',*,*,#2327,.F.);
#2775 = ORIENTED_EDGE('',*,*,#2256,.F.);
#2776 = ORIENTED_EDGE('',*,*,#2737,.F.);
#2777 = ORIENTED_EDGE('',*,*,#2706,.F.);
#2778 = ORIENTED_EDGE('',*,*,#2675,.F.);
#2779 = ORIENTED_EDGE('',*,*,#2644,.F.);
#2780 = ORIENTED_EDGE('',*,*,#2613,.F.);
#2781 = ORIENTED_EDGE('',*,*,#2582,.F.);
#2782 = PLANE('',#2783);
#2783 = AXIS2_PLACEMENT_3D('',#2784,#2785,#2786);
#2784 = CARTESIAN_POINT('',(1.040949779275E-16,2.E-02,0.85));
#2785 = DIRECTION('',(0.,-1.,0.));
#2786 = DIRECTION('',(0.,-0.,-1.));
#2787 = MANIFOLD_SOLID_BREP('',#2788);
#2788 = CLOSED_SHELL('',(#2789,#2831,#2889,#2938,#2971,#2993,#3015,#3046
    ,#3077,#3108,#3139,#3161,#3176,#3193,#3233,#3255,#3286,#3317,#3348,
    #3379,#3410,#3441,#3472,#3503,#3525,#3546));
#2789 = ADVANCED_FACE('',(#2790),#2826,.T.);
#2790 = FACE_BOUND('',#2791,.T.);
#2791 = EDGE_LOOP('',(#2792,#2803,#2811,#2820));
#2792 = ORIENTED_EDGE('',*,*,#2793,.T.);
#2793 = EDGE_CURVE('',#2794,#2796,#2798,.T.);
#2794 = VERTEX_POINT('',#2795);
#2795 = CARTESIAN_POINT('',(-0.160277537069,2.E-02,-0.793333333333));
#2796 = VERTEX_POINT('',#2797);
#2797 = CARTESIAN_POINT('',(1.040949779275E-16,2.E-02,-0.68));
#2798 = CIRCLE('',#2799,0.17);
#2799 = AXIS2_PLACEMENT_3D('',#2800,#2801,#2802);
#2800 = CARTESIAN_POINT('',(1.040949779275E-16,2.E-02,-0.85));
#2801 = DIRECTION('',(-0.,1.,0.));
#2802 = DIRECTION('',(0.,0.,-1.));
#2803 = ORIENTED_EDGE('',*,*,#2804,.T.);
#2804 = EDGE_CURVE('',#2796,#2805,#2807,.T.);
#2805 = VERTEX_POINT('',#2806);
#2806 = CARTESIAN_POINT('',(1.040949779275E-16,0.26,-0.68));
#2807 = LINE('',#2808,#2809);
#2808 = CARTESIAN_POINT('',(1.040949779275E-16,-0.342279937413,-0.68));
#2809 = VECTOR('',#2810,1.);
#2810 = DIRECTION('',(0.,1.,0.));
#2811 = ORIENTED_EDGE('',*,*,#2812,.F.);
#2812 = EDGE_CURVE('',#2813,#2805,#2815,.T.);
#2813 = VERTEX_POINT('',#2814);
#2814 = CARTESIAN_POINT('',(-0.160277537069,0.26,-0.793333333333));
#2815 = CIRCLE('',#2816,0.17);
#2816 = AXIS2_PLACEMENT_3D('',#2817,#2818,#2819);
#2817 = CARTESIAN_POINT('',(1.040949779275E-16,0.26,-0.85));
#2818 = DIRECTION('',(0.,1.,-0.));
#2819 = DIRECTION('',(0.,0.,1.));
#2820 = ORIENTED_EDGE('',*,*,#2821,.F.);
#2821 = EDGE_CURVE('',#2794,#2813,#2822,.T.);
#2822 = LINE('',#2823,#2824);
#2823 = CARTESIAN_POINT('',(-0.160277537069,-0.342279937413,
    -0.793333333333));
#2824 = VECTOR('',#2825,1.);
#2825 = DIRECTION('',(0.,1.,0.));
#2826 = CYLINDRICAL_SURFACE('',#2827,0.17);
#2827 = AXIS2_PLACEMENT_3D('',#2828,#2829,#2830);
#2828 = CARTESIAN_POINT('',(1.040949779275E-16,-0.342279937413,-0.85));
#2829 = DIRECTION('',(0.,1.,0.));
#2830 = DIRECTION('',(0.,-0.,1.));
#2831 = ADVANCED_FACE('',(#2832),#2884,.F.);
#2832 = FACE_BOUND('',#2833,.F.);
#2833 = EDGE_LOOP('',(#2834,#2844,#2852,#2860,#2869,#2877));
#2834 = ORIENTED_EDGE('',*,*,#2835,.T.);
#2835 = EDGE_CURVE('',#2836,#2838,#2840,.T.);
#2836 = VERTEX_POINT('',#2837);
#2837 = CARTESIAN_POINT('',(0.141421356237,0.,-0.8));
#2838 = VERTEX_POINT('',#2839);
#2839 = CARTESIAN_POINT('',(0.141421356237,2.E-02,-0.8));
#2840 = LINE('',#2841,#2842);
#2841 = CARTESIAN_POINT('',(0.141421356237,0.,-0.8));
#2842 = VECTOR('',#2843,1.);
#2843 = DIRECTION('',(-0.,1.,-0.));
#2844 = ORIENTED_EDGE('',*,*,#2845,.T.);
#2845 = EDGE_CURVE('',#2838,#2846,#2848,.T.);
#2846 = VERTEX_POINT('',#2847);
#2847 = CARTESIAN_POINT('',(0.141421356237,0.26,-0.8));
#2848 = LINE('',#2849,#2850);
#2849 = CARTESIAN_POINT('',(0.141421356237,-0.342279937413,-0.8));
#2850 = VECTOR('',#2851,1.);
#2851 = DIRECTION('',(0.,1.,0.));
#2852 = ORIENTED_EDGE('',*,*,#2853,.T.);
#2853 = EDGE_CURVE('',#2846,#2854,#2856,.T.);
#2854 = VERTEX_POINT('',#2855);
#2855 = CARTESIAN_POINT('',(0.141421356237,0.28,-0.8));
#2856 = LINE('',#2857,#2858);
#2857 = CARTESIAN_POINT('',(0.141421356237,0.,-0.8));
#2858 = VECTOR('',#2859,1.);
#2859 = DIRECTION('',(-0.,1.,-0.));
#2860 = ORIENTED_EDGE('',*,*,#2861,.F.);
#2861 = EDGE_CURVE('',#2862,#2854,#2864,.T.);
#2862 = VERTEX_POINT('',#2863);
#2863 = CARTESIAN_POINT('',(1.040949779275E-16,0.28,-0.7));
#2864 = CIRCLE('',#2865,0.15);
#2865 = AXIS2_PLACEMENT_3D('',#2866,#2867,#2868);
#2866 = CARTESIAN_POINT('',(1.040949779275E-16,0.28,-0.85));
#2867 = DIRECTION('',(0.,1.,0.));
#2868 = DIRECTION('',(0.,-0.,-1.));
#2869 = ORIENTED_EDGE('',*,*,#2870,.F.);
#2870 = EDGE_CURVE('',#2871,#2862,#2873,.T.);
#2871 = VERTEX_POINT('',#2872);
#2872 = CARTESIAN_POINT('',(1.040949779275E-16,0.,-0.7));
#2873 = LINE('',#2874,#2875);
#2874 = CARTESIAN_POINT('',(1.040949779275E-16,0.,-0.7));
#2875 = VECTOR('',#2876,1.);
#2876 = DIRECTION('',(-0.,1.,-0.));
#2877 = ORIENTED_EDGE('',*,*,#2878,.T.);
#2878 = EDGE_CURVE('',#2871,#2836,#2879,.T.);
#2879 = CIRCLE('',#2880,0.15);
#2880 = AXIS2_PLACEMENT_3D('',#2881,#2882,#2883);
#2881 = CARTESIAN_POINT('',(1.040949779275E-16,0.,-0.85));
#2882 = DIRECTION('',(-0.,1.,0.));
#2883 = DIRECTION('',(0.,0.,-1.));
#2884 = CYLINDRICAL_SURFACE('',#2885,0.15);
#2885 = AXIS2_PLACEMENT_3D('',#2886,#2887,#2888);
#2886 = CARTESIAN_POINT('',(1.040949779275E-16,0.,-0.85));
#2887 = DIRECTION('',(-0.,1.,-0.));
#2888 = DIRECTION('',(0.,0.,1.));
#2889 = ADVANCED_FACE('',(#2890),#2933,.F.);
#2890 = FACE_BOUND('',#2891,.F.);
#2891 = EDGE_LOOP('',(#2892,#2901,#2909,#2917,#2925,#2932));
#2892 = ORIENTED_EDGE('',*,*,#2893,.F.);
#2893 = EDGE_CURVE('',#2894,#2862,#2896,.T.);
#2894 = VERTEX_POINT('',#2895);
#2895 = CARTESIAN_POINT('',(-0.141421356237,0.28,-0.8));
#2896 = CIRCLE('',#2897,0.15);
#2897 = AXIS2_PLACEMENT_3D('',#2898,#2899,#2900);
#2898 = CARTESIAN_POINT('',(1.040949779275E-16,0.28,-0.85));
#2899 = DIRECTION('',(0.,1.,0.));
#2900 = DIRECTION('',(0.,-0.,-1.));
#2901 = ORIENTED_EDGE('',*,*,#2902,.T.);
#2902 = EDGE_CURVE('',#2894,#2903,#2905,.T.);
#2903 = VERTEX_POINT('',#2904);
#2904 = CARTESIAN_POINT('',(-0.141421356237,0.26,-0.8));
#2905 = LINE('',#2906,#2907);
#2906 = CARTESIAN_POINT('',(-0.141421356237,0.,-0.8));
#2907 = VECTOR('',#2908,1.);
#2908 = DIRECTION('',(0.,-1.,0.));
#2909 = ORIENTED_EDGE('',*,*,#2910,.F.);
#2910 = EDGE_CURVE('',#2911,#2903,#2913,.T.);
#2911 = VERTEX_POINT('',#2912);
#2912 = CARTESIAN_POINT('',(-0.141421356237,2.E-02,-0.8));
#2913 = LINE('',#2914,#2915);
#2914 = CARTESIAN_POINT('',(-0.141421356237,-0.342279937413,-0.8));
#2915 = VECTOR('',#2916,1.);
#2916 = DIRECTION('',(0.,1.,0.));
#2917 = ORIENTED_EDGE('',*,*,#2918,.F.);
#2918 = EDGE_CURVE('',#2919,#2911,#2921,.T.);
#2919 = VERTEX_POINT('',#2920);
#2920 = CARTESIAN_POINT('',(-0.141421356237,0.,-0.8));
#2921 = LINE('',#2922,#2923);
#2922 = CARTESIAN_POINT('',(-0.141421356237,0.,-0.8));
#2923 = VECTOR('',#2924,1.);
#2924 = DIRECTION('',(-0.,1.,-0.));
#2925 = ORIENTED_EDGE('',*,*,#2926,.T.);
#2926 = EDGE_CURVE('',#2919,#2871,#2927,.T.);
#2927 = CIRCLE('',#2928,0.15);
#2928 = AXIS2_PLACEMENT_3D('',#2929,#2930,#2931);
#2929 = CARTESIAN_POINT('',(1.040949779275E-16,0.,-0.85));
#2930 = DIRECTION('',(-0.,1.,0.));
#2931 = DIRECTION('',(0.,0.,-1.));
#2932 = ORIENTED_EDGE('',*,*,#2870,.T.);
#2933 = CYLINDRICAL_SURFACE('',#2934,0.15);
#2934 = AXIS2_PLACEMENT_3D('',#2935,#2936,#2937);
#2935 = CARTESIAN_POINT('',(1.040949779275E-16,0.,-0.85));
#2936 = DIRECTION('',(-0.,1.,-0.));
#2937 = DIRECTION('',(0.,0.,1.));
#2938 = ADVANCED_FACE('',(#2939),#2966,.T.);
#2939 = FACE_BOUND('',#2940,.T.);
#2940 = EDGE_LOOP('',(#2941,#2942,#2951,#2959));
#2941 = ORIENTED_EDGE('',*,*,#2804,.F.);
#2942 = ORIENTED_EDGE('',*,*,#2943,.T.);
#2943 = EDGE_CURVE('',#2796,#2944,#2946,.T.);
#2944 = VERTEX_POINT('',#2945);
#2945 = CARTESIAN_POINT('',(0.160277537069,2.E-02,-0.793333333333));
#2946 = CIRCLE('',#2947,0.17);
#2947 = AXIS2_PLACEMENT_3D('',#2948,#2949,#2950);
#2948 = CARTESIAN_POINT('',(1.040949779275E-16,2.E-02,-0.85));
#2949 = DIRECTION('',(-0.,1.,0.));
#2950 = DIRECTION('',(0.,0.,-1.));
#2951 = ORIENTED_EDGE('',*,*,#2952,.T.);
#2952 = EDGE_CURVE('',#2944,#2953,#2955,.T.);
#2953 = VERTEX_POINT('',#2954);
#2954 = CARTESIAN_POINT('',(0.160277537069,0.26,-0.793333333333));
#2955 = LINE('',#2956,#2957);
#2956 = CARTESIAN_POINT('',(0.160277537069,-0.342279937413,
    -0.793333333333));
#2957 = VECTOR('',#2958,1.);
#2958 = DIRECTION('',(0.,1.,0.));
#2959 = ORIENTED_EDGE('',*,*,#2960,.F.);
#2960 = EDGE_CURVE('',#2805,#2953,#2961,.T.);
#2961 = CIRCLE('',#2962,0.17);
#2962 = AXIS2_PLACEMENT_3D('',#2963,#2964,#2965);
#2963 = CARTESIAN_POINT('',(1.040949779275E-16,0.26,-0.85));
#2964 = DIRECTION('',(0.,1.,-0.));
#2965 = DIRECTION('',(0.,0.,1.));
#2966 = CYLINDRICAL_SURFACE('',#2967,0.17);
#2967 = AXIS2_PLACEMENT_3D('',#2968,#2969,#2970);
#2968 = CARTESIAN_POINT('',(1.040949779275E-16,-0.342279937413,-0.85));
#2969 = DIRECTION('',(0.,1.,0.));
#2970 = DIRECTION('',(0.,-0.,1.));
#2971 = ADVANCED_FACE('',(#2972),#2988,.T.);
#2972 = FACE_BOUND('',#2973,.T.);
#2973 = EDGE_LOOP('',(#2974,#2975,#2981,#2982));
#2974 = ORIENTED_EDGE('',*,*,#2952,.F.);
#2975 = ORIENTED_EDGE('',*,*,#2976,.T.);
#2976 = EDGE_CURVE('',#2944,#2838,#2977,.T.);
#2977 = LINE('',#2978,#2979);
#2978 = CARTESIAN_POINT('',(0.160277537069,2.E-02,-0.793333333333));
#2979 = VECTOR('',#2980,1.);
#2980 = DIRECTION('',(-0.942809041582,0.,-0.333333333333));
#2981 = ORIENTED_EDGE('',*,*,#2845,.T.);
#2982 = ORIENTED_EDGE('',*,*,#2983,.F.);
#2983 = EDGE_CURVE('',#2953,#2846,#2984,.T.);
#2984 = LINE('',#2985,#2986);
#2985 = CARTESIAN_POINT('',(0.267129228448,0.26,-0.755555555556));
#2986 = VECTOR('',#2987,1.);
#2987 = DIRECTION('',(-0.942809041582,0.,-0.333333333333));
#2988 = PLANE('',#2989);
#2989 = AXIS2_PLACEMENT_3D('',#2990,#2991,#2992);
#2990 = CARTESIAN_POINT('',(0.160277537069,-0.342279937413,
    -0.793333333333));
#2991 = DIRECTION('',(0.333333333333,0.,-0.942809041582));
#2992 = DIRECTION('',(-0.942809041582,0.,-0.333333333333));
#2993 = ADVANCED_FACE('',(#2994),#3010,.T.);
#2994 = FACE_BOUND('',#2995,.T.);
#2995 = EDGE_LOOP('',(#2996,#2997,#3003,#3004));
#2996 = ORIENTED_EDGE('',*,*,#2910,.F.);
#2997 = ORIENTED_EDGE('',*,*,#2998,.T.);
#2998 = EDGE_CURVE('',#2911,#2794,#2999,.T.);
#2999 = LINE('',#3000,#3001);
#3000 = CARTESIAN_POINT('',(-0.141421356237,2.E-02,-0.8));
#3001 = VECTOR('',#3002,1.);
#3002 = DIRECTION('',(-0.942809041582,0.,0.333333333333));
#3003 = ORIENTED_EDGE('',*,*,#2821,.T.);
#3004 = ORIENTED_EDGE('',*,*,#3005,.F.);
#3005 = EDGE_CURVE('',#2903,#2813,#3006,.T.);
#3006 = LINE('',#3007,#3008);
#3007 = CARTESIAN_POINT('',(-0.267129228448,0.26,-0.755555555556));
#3008 = VECTOR('',#3009,1.);
#3009 = DIRECTION('',(-0.942809041582,0.,0.333333333333));
#3010 = PLANE('',#3011);
#3011 = AXIS2_PLACEMENT_3D('',#3012,#3013,#3014);
#3012 = CARTESIAN_POINT('',(-0.141421356237,-0.342279937413,-0.8));
#3013 = DIRECTION('',(-0.333333333333,0.,-0.942809041582));
#3014 = DIRECTION('',(-0.942809041582,0.,0.333333333333));
#3015 = ADVANCED_FACE('',(#3016),#3041,.F.);
#3016 = FACE_BOUND('',#3017,.T.);
#3017 = EDGE_LOOP('',(#3018,#3026,#3027,#3035));
#3018 = ORIENTED_EDGE('',*,*,#3019,.T.);
#3019 = EDGE_CURVE('',#3020,#2846,#3022,.T.);
#3020 = VERTEX_POINT('',#3021);
#3021 = CARTESIAN_POINT('',(0.4,0.26,-0.8));
#3022 = LINE('',#3023,#3024);
#3023 = CARTESIAN_POINT('',(0.4,0.26,-0.8));
#3024 = VECTOR('',#3025,1.);
#3025 = DIRECTION('',(-1.,0.,0.));
#3026 = ORIENTED_EDGE('',*,*,#2853,.T.);
#3027 = ORIENTED_EDGE('',*,*,#3028,.F.);
#3028 = EDGE_CURVE('',#3029,#2854,#3031,.T.);
#3029 = VERTEX_POINT('',#3030);
#3030 = CARTESIAN_POINT('',(0.4,0.28,-0.8));
#3031 = LINE('',#3032,#3033);
#3032 = CARTESIAN_POINT('',(0.4,0.28,-0.8));
#3033 = VECTOR('',#3034,1.);
#3034 = DIRECTION('',(-1.,0.,0.));
#3035 = ORIENTED_EDGE('',*,*,#3036,.T.);
#3036 = EDGE_CURVE('',#3029,#3020,#3037,.T.);
#3037 = LINE('',#3038,#3039);
#3038 = CARTESIAN_POINT('',(0.4,0.28,-0.8));
#3039 = VECTOR('',#3040,1.);
#3040 = DIRECTION('',(-0.,-1.,-0.));
#3041 = PLANE('',#3042);
#3042 = AXIS2_PLACEMENT_3D('',#3043,#3044,#3045);
#3043 = CARTESIAN_POINT('',(0.4,0.28,-0.8));
#3044 = DIRECTION('',(0.,-0.,1.));
#3045 = DIRECTION('',(1.,0.,0.));
#3046 = ADVANCED_FACE('',(#3047),#3072,.F.);
#3047 = FACE_BOUND('',#3048,.T.);
#3048 = EDGE_LOOP('',(#3049,#3057,#3058,#3066));
#3049 = ORIENTED_EDGE('',*,*,#3050,.F.);
#3050 = EDGE_CURVE('',#2894,#3051,#3053,.T.);
#3051 = VERTEX_POINT('',#3052);
#3052 = CARTESIAN_POINT('',(-0.4,0.28,-0.8));
#3053 = LINE('',#3054,#3055);
#3054 = CARTESIAN_POINT('',(0.4,0.28,-0.8));
#3055 = VECTOR('',#3056,1.);
#3056 = DIRECTION('',(-1.,0.,0.));
#3057 = ORIENTED_EDGE('',*,*,#2902,.T.);
#3058 = ORIENTED_EDGE('',*,*,#3059,.T.);
#3059 = EDGE_CURVE('',#2903,#3060,#3062,.T.);
#3060 = VERTEX_POINT('',#3061);
#3061 = CARTESIAN_POINT('',(-0.4,0.26,-0.8));
#3062 = LINE('',#3063,#3064);
#3063 = CARTESIAN_POINT('',(0.4,0.26,-0.8));
#3064 = VECTOR('',#3065,1.);
#3065 = DIRECTION('',(-1.,0.,0.));
#3066 = ORIENTED_EDGE('',*,*,#3067,.F.);
#3067 = EDGE_CURVE('',#3051,#3060,#3068,.T.);
#3068 = LINE('',#3069,#3070);
#3069 = CARTESIAN_POINT('',(-0.4,0.28,-0.8));
#3070 = VECTOR('',#3071,1.);
#3071 = DIRECTION('',(-0.,-1.,-0.));
#3072 = PLANE('',#3073);
#3073 = AXIS2_PLACEMENT_3D('',#3074,#3075,#3076);
#3074 = CARTESIAN_POINT('',(0.4,0.28,-0.8));
#3075 = DIRECTION('',(0.,-0.,1.));
#3076 = DIRECTION('',(1.,0.,0.));
#3077 = ADVANCED_FACE('',(#3078),#3103,.F.);
#3078 = FACE_BOUND('',#3079,.T.);
#3079 = EDGE_LOOP('',(#3080,#3088,#3096,#3102));
#3080 = ORIENTED_EDGE('',*,*,#3081,.T.);
#3081 = EDGE_CURVE('',#3060,#3082,#3084,.T.);
#3082 = VERTEX_POINT('',#3083);
#3083 = CARTESIAN_POINT('',(-0.4,0.26,-0.55));
#3084 = LINE('',#3085,#3086);
#3085 = CARTESIAN_POINT('',(-0.4,0.26,-0.8));
#3086 = VECTOR('',#3087,1.);
#3087 = DIRECTION('',(0.,0.,1.));
#3088 = ORIENTED_EDGE('',*,*,#3089,.F.);
#3089 = EDGE_CURVE('',#3090,#3082,#3092,.T.);
#3090 = VERTEX_POINT('',#3091);
#3091 = CARTESIAN_POINT('',(-0.4,0.28,-0.55));
#3092 = LINE('',#3093,#3094);
#3093 = CARTESIAN_POINT('',(-0.4,0.28,-0.55));
#3094 = VECTOR('',#3095,1.);
#3095 = DIRECTION('',(-0.,-1.,-0.));
#3096 = ORIENTED_EDGE('',*,*,#3097,.F.);
#3097 = EDGE_CURVE('',#3051,#3090,#3098,.T.);
#3098 = LINE('',#3099,#3100);
#3099 = CARTESIAN_POINT('',(-0.4,0.28,-0.8));
#3100 = VECTOR('',#3101,1.);
#3101 = DIRECTION('',(0.,0.,1.));
#3102 = ORIENTED_EDGE('',*,*,#3067,.T.);
#3103 = PLANE('',#3104);
#3104 = AXIS2_PLACEMENT_3D('',#3105,#3106,#3107);
#3105 = CARTESIAN_POINT('',(-0.4,0.28,-0.8));
#3106 = DIRECTION('',(1.,0.,0.));
#3107 = DIRECTION('',(0.,0.,-1.));
#3108 = ADVANCED_FACE('',(#3109),#3134,.F.);
#3109 = FACE_BOUND('',#3110,.T.);
#3110 = EDGE_LOOP('',(#3111,#3119,#3127,#3133));
#3111 = ORIENTED_EDGE('',*,*,#3112,.T.);
#3112 = EDGE_CURVE('',#3082,#3113,#3115,.T.);
#3113 = VERTEX_POINT('',#3114);
#3114 = CARTESIAN_POINT('',(0.4,0.26,-0.55));
#3115 = LINE('',#3116,#3117);
#3116 = CARTESIAN_POINT('',(-0.4,0.26,-0.55));
#3117 = VECTOR('',#3118,1.);
#3118 = DIRECTION('',(1.,0.,0.));
#3119 = ORIENTED_EDGE('',*,*,#3120,.F.);
#3120 = EDGE_CURVE('',#3121,#3113,#3123,.T.);
#3121 = VERTEX_POINT('',#3122);
#3122 = CARTESIAN_POINT('',(0.4,0.28,-0.55));
#3123 = LINE('',#3124,#3125);
#3124 = CARTESIAN_POINT('',(0.4,0.28,-0.55));
#3125 = VECTOR('',#3126,1.);
#3126 = DIRECTION('',(-0.,-1.,-0.));
#3127 = ORIENTED_EDGE('',*,*,#3128,.F.);
#3128 = EDGE_CURVE('',#3090,#3121,#3129,.T.);
#3129 = LINE('',#3130,#3131);
#3130 = CARTESIAN_POINT('',(-0.4,0.28,-0.55));
#3131 = VECTOR('',#3132,1.);
#3132 = DIRECTION('',(1.,0.,0.));
#3133 = ORIENTED_EDGE('',*,*,#3089,.T.);
#3134 = PLANE('',#3135);
#3135 = AXIS2_PLACEMENT_3D('',#3136,#3137,#3138);
#3136 = CARTESIAN_POINT('',(-0.4,0.28,-0.55));
#3137 = DIRECTION('',(0.,0.,-1.));
#3138 = DIRECTION('',(-1.,0.,-0.));
#3139 = ADVANCED_FACE('',(#3140),#3156,.F.);
#3140 = FACE_BOUND('',#3141,.T.);
#3141 = EDGE_LOOP('',(#3142,#3148,#3149,#3155));
#3142 = ORIENTED_EDGE('',*,*,#3143,.T.);
#3143 = EDGE_CURVE('',#3113,#3020,#3144,.T.);
#3144 = LINE('',#3145,#3146);
#3145 = CARTESIAN_POINT('',(0.4,0.26,-0.55));
#3146 = VECTOR('',#3147,1.);
#3147 = DIRECTION('',(0.,0.,-1.));
#3148 = ORIENTED_EDGE('',*,*,#3036,.F.);
#3149 = ORIENTED_EDGE('',*,*,#3150,.F.);
#3150 = EDGE_CURVE('',#3121,#3029,#3151,.T.);
#3151 = LINE('',#3152,#3153);
#3152 = CARTESIAN_POINT('',(0.4,0.28,-0.55));
#3153 = VECTOR('',#3154,1.);
#3154 = DIRECTION('',(0.,0.,-1.));
#3155 = ORIENTED_EDGE('',*,*,#3120,.T.);
#3156 = PLANE('',#3157);
#3157 = AXIS2_PLACEMENT_3D('',#3158,#3159,#3160);
#3158 = CARTESIAN_POINT('',(0.4,0.28,-0.55));
#3159 = DIRECTION('',(-1.,0.,0.));
#3160 = DIRECTION('',(0.,0.,1.));
#3161 = ADVANCED_FACE('',(#3162),#3171,.T.);
#3162 = FACE_BOUND('',#3163,.T.);
#3163 = EDGE_LOOP('',(#3164,#3165,#3166,#3167,#3168,#3169,#3170));
#3164 = ORIENTED_EDGE('',*,*,#3028,.T.);
#3165 = ORIENTED_EDGE('',*,*,#2861,.F.);
#3166 = ORIENTED_EDGE('',*,*,#2893,.F.);
#3167 = ORIENTED_EDGE('',*,*,#3050,.T.);
#3168 = ORIENTED_EDGE('',*,*,#3097,.T.);
#3169 = ORIENTED_EDGE('',*,*,#3128,.T.);
#3170 = ORIENTED_EDGE('',*,*,#3150,.T.);
#3171 = PLANE('',#3172);
#3172 = AXIS2_PLACEMENT_3D('',#3173,#3174,#3175);
#3173 = CARTESIAN_POINT('',(0.,0.28,0.));
#3174 = DIRECTION('',(0.,1.,-0.));
#3175 = DIRECTION('',(0.,0.,1.));
#3176 = ADVANCED_FACE('',(#3177),#3188,.F.);
#3177 = FACE_BOUND('',#3178,.T.);
#3178 = EDGE_LOOP('',(#3179,#3180,#3181,#3182,#3183,#3184,#3185,#3186,
    #3187));
#3179 = ORIENTED_EDGE('',*,*,#2812,.T.);
#3180 = ORIENTED_EDGE('',*,*,#2960,.T.);
#3181 = ORIENTED_EDGE('',*,*,#2983,.T.);
#3182 = ORIENTED_EDGE('',*,*,#3019,.F.);
#3183 = ORIENTED_EDGE('',*,*,#3143,.F.);
#3184 = ORIENTED_EDGE('',*,*,#3112,.F.);
#3185 = ORIENTED_EDGE('',*,*,#3081,.F.);
#3186 = ORIENTED_EDGE('',*,*,#3059,.F.);
#3187 = ORIENTED_EDGE('',*,*,#3005,.T.);
#3188 = PLANE('',#3189);
#3189 = AXIS2_PLACEMENT_3D('',#3190,#3191,#3192);
#3190 = CARTESIAN_POINT('',(0.,0.26,0.));
#3191 = DIRECTION('',(0.,1.,-0.));
#3192 = DIRECTION('',(0.,0.,1.));
#3193 = ADVANCED_FACE('',(#3194),#3228,.F.);
#3194 = FACE_BOUND('',#3195,.T.);
#3195 = EDGE_LOOP('',(#3196,#3206,#3214,#3222));
#3196 = ORIENTED_EDGE('',*,*,#3197,.T.);
#3197 = EDGE_CURVE('',#3198,#3200,#3202,.T.);
#3198 = VERTEX_POINT('',#3199);
#3199 = CARTESIAN_POINT('',(-0.35,2.E-02,-0.7));
#3200 = VERTEX_POINT('',#3201);
#3201 = CARTESIAN_POINT('',(-0.25,2.E-02,-0.8));
#3202 = LINE('',#3203,#3204);
#3203 = CARTESIAN_POINT('',(-0.35,2.E-02,-0.7));
#3204 = VECTOR('',#3205,1.);
#3205 = DIRECTION('',(0.707106781187,0.,-0.707106781187));
#3206 = ORIENTED_EDGE('',*,*,#3207,.F.);
#3207 = EDGE_CURVE('',#3208,#3200,#3210,.T.);
#3208 = VERTEX_POINT('',#3209);
#3209 = CARTESIAN_POINT('',(-0.25,0.,-0.8));
#3210 = LINE('',#3211,#3212);
#3211 = CARTESIAN_POINT('',(-0.25,0.,-0.8));
#3212 = VECTOR('',#3213,1.);
#3213 = DIRECTION('',(-0.,1.,-0.));
#3214 = ORIENTED_EDGE('',*,*,#3215,.F.);
#3215 = EDGE_CURVE('',#3216,#3208,#3218,.T.);
#3216 = VERTEX_POINT('',#3217);
#3217 = CARTESIAN_POINT('',(-0.35,0.,-0.7));
#3218 = LINE('',#3219,#3220);
#3219 = CARTESIAN_POINT('',(-0.35,0.,-0.7));
#3220 = VECTOR('',#3221,1.);
#3221 = DIRECTION('',(0.707106781187,0.,-0.707106781187));
#3222 = ORIENTED_EDGE('',*,*,#3223,.T.);
#3223 = EDGE_CURVE('',#3216,#3198,#3224,.T.);
#3224 = LINE('',#3225,#3226);
#3225 = CARTESIAN_POINT('',(-0.35,0.,-0.7));
#3226 = VECTOR('',#3227,1.);
#3227 = DIRECTION('',(-0.,1.,-0.));
#3228 = PLANE('',#3229);
#3229 = AXIS2_PLACEMENT_3D('',#3230,#3231,#3232);
#3230 = CARTESIAN_POINT('',(-0.35,0.,-0.7));
#3231 = DIRECTION('',(0.707106781187,0.,0.707106781187));
#3232 = DIRECTION('',(0.707106781187,0.,-0.707106781187));
#3233 = ADVANCED_FACE('',(#3234),#3250,.F.);
#3234 = FACE_BOUND('',#3235,.T.);
#3235 = EDGE_LOOP('',(#3236,#3242,#3243,#3249));
#3236 = ORIENTED_EDGE('',*,*,#3237,.T.);
#3237 = EDGE_CURVE('',#3200,#2911,#3238,.T.);
#3238 = LINE('',#3239,#3240);
#3239 = CARTESIAN_POINT('',(-0.25,2.E-02,-0.8));
#3240 = VECTOR('',#3241,1.);
#3241 = DIRECTION('',(1.,0.,0.));
#3242 = ORIENTED_EDGE('',*,*,#2918,.F.);
#3243 = ORIENTED_EDGE('',*,*,#3244,.F.);
#3244 = EDGE_CURVE('',#3208,#2919,#3245,.T.);
#3245 = LINE('',#3246,#3247);
#3246 = CARTESIAN_POINT('',(-0.25,0.,-0.8));
#3247 = VECTOR('',#3248,1.);
#3248 = DIRECTION('',(1.,0.,0.));
#3249 = ORIENTED_EDGE('',*,*,#3207,.T.);
#3250 = PLANE('',#3251);
#3251 = AXIS2_PLACEMENT_3D('',#3252,#3253,#3254);
#3252 = CARTESIAN_POINT('',(-0.25,0.,-0.8));
#3253 = DIRECTION('',(-0.,0.,1.));
#3254 = DIRECTION('',(1.,0.,0.));
#3255 = ADVANCED_FACE('',(#3256),#3281,.F.);
#3256 = FACE_BOUND('',#3257,.T.);
#3257 = EDGE_LOOP('',(#3258,#3266,#3274,#3280));
#3258 = ORIENTED_EDGE('',*,*,#3259,.T.);
#3259 = EDGE_CURVE('',#2838,#3260,#3262,.T.);
#3260 = VERTEX_POINT('',#3261);
#3261 = CARTESIAN_POINT('',(0.25,2.E-02,-0.8));
#3262 = LINE('',#3263,#3264);
#3263 = CARTESIAN_POINT('',(0.141421356237,2.E-02,-0.8));
#3264 = VECTOR('',#3265,1.);
#3265 = DIRECTION('',(1.,0.,0.));
#3266 = ORIENTED_EDGE('',*,*,#3267,.F.);
#3267 = EDGE_CURVE('',#3268,#3260,#3270,.T.);
#3268 = VERTEX_POINT('',#3269);
#3269 = CARTESIAN_POINT('',(0.25,0.,-0.8));
#3270 = LINE('',#3271,#3272);
#3271 = CARTESIAN_POINT('',(0.25,0.,-0.8));
#3272 = VECTOR('',#3273,1.);
#3273 = DIRECTION('',(-0.,1.,-0.));
#3274 = ORIENTED_EDGE('',*,*,#3275,.F.);
#3275 = EDGE_CURVE('',#2836,#3268,#3276,.T.);
#3276 = LINE('',#3277,#3278);
#3277 = CARTESIAN_POINT('',(0.141421356237,0.,-0.8));
#3278 = VECTOR('',#3279,1.);
#3279 = DIRECTION('',(1.,0.,0.));
#3280 = ORIENTED_EDGE('',*,*,#2835,.T.);
#3281 = PLANE('',#3282);
#3282 = AXIS2_PLACEMENT_3D('',#3283,#3284,#3285);
#3283 = CARTESIAN_POINT('',(0.141421356237,0.,-0.8));
#3284 = DIRECTION('',(-0.,0.,1.));
#3285 = DIRECTION('',(1.,0.,0.));
#3286 = ADVANCED_FACE('',(#3287),#3312,.F.);
#3287 = FACE_BOUND('',#3288,.T.);
#3288 = EDGE_LOOP('',(#3289,#3297,#3305,#3311));
#3289 = ORIENTED_EDGE('',*,*,#3290,.T.);
#3290 = EDGE_CURVE('',#3260,#3291,#3293,.T.);
#3291 = VERTEX_POINT('',#3292);
#3292 = CARTESIAN_POINT('',(0.35,2.E-02,-0.7));
#3293 = LINE('',#3294,#3295);
#3294 = CARTESIAN_POINT('',(0.25,2.E-02,-0.8));
#3295 = VECTOR('',#3296,1.);
#3296 = DIRECTION('',(0.707106781187,0.,0.707106781187));
#3297 = ORIENTED_EDGE('',*,*,#3298,.F.);
#3298 = EDGE_CURVE('',#3299,#3291,#3301,.T.);
#3299 = VERTEX_POINT('',#3300);
#3300 = CARTESIAN_POINT('',(0.35,0.,-0.7));
#3301 = LINE('',#3302,#3303);
#3302 = CARTESIAN_POINT('',(0.35,0.,-0.7));
#3303 = VECTOR('',#3304,1.);
#3304 = DIRECTION('',(-0.,1.,-0.));
#3305 = ORIENTED_EDGE('',*,*,#3306,.F.);
#3306 = EDGE_CURVE('',#3268,#3299,#3307,.T.);
#3307 = LINE('',#3308,#3309);
#3308 = CARTESIAN_POINT('',(0.25,0.,-0.8));
#3309 = VECTOR('',#3310,1.);
#3310 = DIRECTION('',(0.707106781187,0.,0.707106781187));
#3311 = ORIENTED_EDGE('',*,*,#3267,.T.);
#3312 = PLANE('',#3313);
#3313 = AXIS2_PLACEMENT_3D('',#3314,#3315,#3316);
#3314 = CARTESIAN_POINT('',(0.25,0.,-0.8));
#3315 = DIRECTION('',(-0.707106781187,0.,0.707106781187));
#3316 = DIRECTION('',(0.707106781187,0.,0.707106781187));
#3317 = ADVANCED_FACE('',(#3318),#3343,.F.);
#3318 = FACE_BOUND('',#3319,.T.);
#3319 = EDGE_LOOP('',(#3320,#3328,#3336,#3342));
#3320 = ORIENTED_EDGE('',*,*,#3321,.T.);
#3321 = EDGE_CURVE('',#3291,#3322,#3324,.T.);
#3322 = VERTEX_POINT('',#3323);
#3323 = CARTESIAN_POINT('',(0.35,2.E-02,-0.4));
#3324 = LINE('',#3325,#3326);
#3325 = CARTESIAN_POINT('',(0.35,2.E-02,-0.7));
#3326 = VECTOR('',#3327,1.);
#3327 = DIRECTION('',(0.,0.,1.));
#3328 = ORIENTED_EDGE('',*,*,#3329,.F.);
#3329 = EDGE_CURVE('',#3330,#3322,#3332,.T.);
#3330 = VERTEX_POINT('',#3331);
#3331 = CARTESIAN_POINT('',(0.35,0.,-0.4));
#3332 = LINE('',#3333,#3334);
#3333 = CARTESIAN_POINT('',(0.35,0.,-0.4));
#3334 = VECTOR('',#3335,1.);
#3335 = DIRECTION('',(-0.,1.,-0.));
#3336 = ORIENTED_EDGE('',*,*,#3337,.F.);
#3337 = EDGE_CURVE('',#3299,#3330,#3338,.T.);
#3338 = LINE('',#3339,#3340);
#3339 = CARTESIAN_POINT('',(0.35,0.,-0.7));
#3340 = VECTOR('',#3341,1.);
#3341 = DIRECTION('',(0.,0.,1.));
#3342 = ORIENTED_EDGE('',*,*,#3298,.T.);
#3343 = PLANE('',#3344);
#3344 = AXIS2_PLACEMENT_3D('',#3345,#3346,#3347);
#3345 = CARTESIAN_POINT('',(0.35,0.,-0.7));
#3346 = DIRECTION('',(-1.,0.,0.));
#3347 = DIRECTION('',(0.,0.,1.));
#3348 = ADVANCED_FACE('',(#3349),#3374,.F.);
#3349 = FACE_BOUND('',#3350,.T.);
#3350 = EDGE_LOOP('',(#3351,#3359,#3367,#3373));
#3351 = ORIENTED_EDGE('',*,*,#3352,.T.);
#3352 = EDGE_CURVE('',#3322,#3353,#3355,.T.);
#3353 = VERTEX_POINT('',#3354);
#3354 = CARTESIAN_POINT('',(0.2,2.E-02,-0.4));
#3355 = LINE('',#3356,#3357);
#3356 = CARTESIAN_POINT('',(0.35,2.E-02,-0.4));
#3357 = VECTOR('',#3358,1.);
#3358 = DIRECTION('',(-1.,0.,0.));
#3359 = ORIENTED_EDGE('',*,*,#3360,.F.);
#3360 = EDGE_CURVE('',#3361,#3353,#3363,.T.);
#3361 = VERTEX_POINT('',#3362);
#3362 = CARTESIAN_POINT('',(0.2,0.,-0.4));
#3363 = LINE('',#3364,#3365);
#3364 = CARTESIAN_POINT('',(0.2,0.,-0.4));
#3365 = VECTOR('',#3366,1.);
#3366 = DIRECTION('',(-0.,1.,-0.));
#3367 = ORIENTED_EDGE('',*,*,#3368,.F.);
#3368 = EDGE_CURVE('',#3330,#3361,#3369,.T.);
#3369 = LINE('',#3370,#3371);
#3370 = CARTESIAN_POINT('',(0.35,0.,-0.4));
#3371 = VECTOR('',#3372,1.);
#3372 = DIRECTION('',(-1.,0.,0.));
#3373 = ORIENTED_EDGE('',*,*,#3329,.T.);
#3374 = PLANE('',#3375);
#3375 = AXIS2_PLACEMENT_3D('',#3376,#3377,#3378);
#3376 = CARTESIAN_POINT('',(0.35,0.,-0.4));
#3377 = DIRECTION('',(-0.,0.,-1.));
#3378 = DIRECTION('',(-1.,0.,0.));
#3379 = ADVANCED_FACE('',(#3380),#3405,.F.);
#3380 = FACE_BOUND('',#3381,.T.);
#3381 = EDGE_LOOP('',(#3382,#3390,#3398,#3404));
#3382 = ORIENTED_EDGE('',*,*,#3383,.T.);
#3383 = EDGE_CURVE('',#3353,#3384,#3386,.T.);
#3384 = VERTEX_POINT('',#3385);
#3385 = CARTESIAN_POINT('',(0.2,2.E-02,-0.131366411611));
#3386 = LINE('',#3387,#3388);
#3387 = CARTESIAN_POINT('',(0.2,2.E-02,-0.4));
#3388 = VECTOR('',#3389,1.);
#3389 = DIRECTION('',(4.035988868657E-16,0.,1.));
#3390 = ORIENTED_EDGE('',*,*,#3391,.F.);
#3391 = EDGE_CURVE('',#3392,#3384,#3394,.T.);
#3392 = VERTEX_POINT('',#3393);
#3393 = CARTESIAN_POINT('',(0.2,0.,-0.131366411611));
#3394 = LINE('',#3395,#3396);
#3395 = CARTESIAN_POINT('',(0.2,0.,-0.131366411611));
#3396 = VECTOR('',#3397,1.);
#3397 = DIRECTION('',(-0.,1.,-0.));
#3398 = ORIENTED_EDGE('',*,*,#3399,.F.);
#3399 = EDGE_CURVE('',#3361,#3392,#3400,.T.);
#3400 = LINE('',#3401,#3402);
#3401 = CARTESIAN_POINT('',(0.2,0.,-0.4));
#3402 = VECTOR('',#3403,1.);
#3403 = DIRECTION('',(4.035988868657E-16,0.,1.));
#3404 = ORIENTED_EDGE('',*,*,#3360,.T.);
#3405 = PLANE('',#3406);
#3406 = AXIS2_PLACEMENT_3D('',#3407,#3408,#3409);
#3407 = CARTESIAN_POINT('',(0.2,0.,-0.4));
#3408 = DIRECTION('',(-1.,0.,4.035988868657E-16));
#3409 = DIRECTION('',(4.035988868657E-16,0.,1.));
#3410 = ADVANCED_FACE('',(#3411),#3436,.F.);
#3411 = FACE_BOUND('',#3412,.T.);
#3412 = EDGE_LOOP('',(#3413,#3421,#3429,#3435));
#3413 = ORIENTED_EDGE('',*,*,#3414,.T.);
#3414 = EDGE_CURVE('',#3384,#3415,#3417,.T.);
#3415 = VERTEX_POINT('',#3416);
#3416 = CARTESIAN_POINT('',(-0.2,2.E-02,-0.131366411611));
#3417 = LINE('',#3418,#3419);
#3418 = CARTESIAN_POINT('',(0.2,2.E-02,-0.131366411611));
#3419 = VECTOR('',#3420,1.);
#3420 = DIRECTION('',(-1.,0.,0.));
#3421 = ORIENTED_EDGE('',*,*,#3422,.F.);
#3422 = EDGE_CURVE('',#3423,#3415,#3425,.T.);
#3423 = VERTEX_POINT('',#3424);
#3424 = CARTESIAN_POINT('',(-0.2,0.,-0.131366411611));
#3425 = LINE('',#3426,#3427);
#3426 = CARTESIAN_POINT('',(-0.2,0.,-0.131366411611));
#3427 = VECTOR('',#3428,1.);
#3428 = DIRECTION('',(-0.,1.,-0.));
#3429 = ORIENTED_EDGE('',*,*,#3430,.F.);
#3430 = EDGE_CURVE('',#3392,#3423,#3431,.T.);
#3431 = LINE('',#3432,#3433);
#3432 = CARTESIAN_POINT('',(0.2,0.,-0.131366411611));
#3433 = VECTOR('',#3434,1.);
#3434 = DIRECTION('',(-1.,0.,0.));
#3435 = ORIENTED_EDGE('',*,*,#3391,.T.);
#3436 = PLANE('',#3437);
#3437 = AXIS2_PLACEMENT_3D('',#3438,#3439,#3440);
#3438 = CARTESIAN_POINT('',(0.2,0.,-0.131366411611));
#3439 = DIRECTION('',(-0.,0.,-1.));
#3440 = DIRECTION('',(-1.,0.,0.));
#3441 = ADVANCED_FACE('',(#3442),#3467,.F.);
#3442 = FACE_BOUND('',#3443,.T.);
#3443 = EDGE_LOOP('',(#3444,#3452,#3460,#3466));
#3444 = ORIENTED_EDGE('',*,*,#3445,.T.);
#3445 = EDGE_CURVE('',#3415,#3446,#3448,.T.);
#3446 = VERTEX_POINT('',#3447);
#3447 = CARTESIAN_POINT('',(-0.2,2.E-02,-0.4));
#3448 = LINE('',#3449,#3450);
#3449 = CARTESIAN_POINT('',(-0.2,2.E-02,-0.131366411611));
#3450 = VECTOR('',#3451,1.);
#3451 = DIRECTION('',(-4.035988868657E-16,0.,-1.));
#3452 = ORIENTED_EDGE('',*,*,#3453,.F.);
#3453 = EDGE_CURVE('',#3454,#3446,#3456,.T.);
#3454 = VERTEX_POINT('',#3455);
#3455 = CARTESIAN_POINT('',(-0.2,0.,-0.4));
#3456 = LINE('',#3457,#3458);
#3457 = CARTESIAN_POINT('',(-0.2,0.,-0.4));
#3458 = VECTOR('',#3459,1.);
#3459 = DIRECTION('',(-0.,1.,-0.));
#3460 = ORIENTED_EDGE('',*,*,#3461,.F.);
#3461 = EDGE_CURVE('',#3423,#3454,#3462,.T.);
#3462 = LINE('',#3463,#3464);
#3463 = CARTESIAN_POINT('',(-0.2,0.,-0.131366411611));
#3464 = VECTOR('',#3465,1.);
#3465 = DIRECTION('',(-4.035988868657E-16,0.,-1.));
#3466 = ORIENTED_EDGE('',*,*,#3422,.T.);
#3467 = PLANE('',#3468);
#3468 = AXIS2_PLACEMENT_3D('',#3469,#3470,#3471);
#3469 = CARTESIAN_POINT('',(-0.2,0.,-0.131366411611));
#3470 = DIRECTION('',(1.,0.,-4.035988868657E-16));
#3471 = DIRECTION('',(-4.035988868657E-16,0.,-1.));
#3472 = ADVANCED_FACE('',(#3473),#3498,.F.);
#3473 = FACE_BOUND('',#3474,.T.);
#3474 = EDGE_LOOP('',(#3475,#3483,#3491,#3497));
#3475 = ORIENTED_EDGE('',*,*,#3476,.T.);
#3476 = EDGE_CURVE('',#3446,#3477,#3479,.T.);
#3477 = VERTEX_POINT('',#3478);
#3478 = CARTESIAN_POINT('',(-0.35,2.E-02,-0.4));
#3479 = LINE('',#3480,#3481);
#3480 = CARTESIAN_POINT('',(-0.2,2.E-02,-0.4));
#3481 = VECTOR('',#3482,1.);
#3482 = DIRECTION('',(-1.,0.,0.));
#3483 = ORIENTED_EDGE('',*,*,#3484,.F.);
#3484 = EDGE_CURVE('',#3485,#3477,#3487,.T.);
#3485 = VERTEX_POINT('',#3486);
#3486 = CARTESIAN_POINT('',(-0.35,0.,-0.4));
#3487 = LINE('',#3488,#3489);
#3488 = CARTESIAN_POINT('',(-0.35,0.,-0.4));
#3489 = VECTOR('',#3490,1.);
#3490 = DIRECTION('',(-0.,1.,-0.));
#3491 = ORIENTED_EDGE('',*,*,#3492,.F.);
#3492 = EDGE_CURVE('',#3454,#3485,#3493,.T.);
#3493 = LINE('',#3494,#3495);
#3494 = CARTESIAN_POINT('',(-0.2,0.,-0.4));
#3495 = VECTOR('',#3496,1.);
#3496 = DIRECTION('',(-1.,0.,0.));
#3497 = ORIENTED_EDGE('',*,*,#3453,.T.);
#3498 = PLANE('',#3499);
#3499 = AXIS2_PLACEMENT_3D('',#3500,#3501,#3502);
#3500 = CARTESIAN_POINT('',(-0.2,0.,-0.4));
#3501 = DIRECTION('',(-0.,0.,-1.));
#3502 = DIRECTION('',(-1.,0.,0.));
#3503 = ADVANCED_FACE('',(#3504),#3520,.F.);
#3504 = FACE_BOUND('',#3505,.T.);
#3505 = EDGE_LOOP('',(#3506,#3512,#3513,#3519));
#3506 = ORIENTED_EDGE('',*,*,#3507,.T.);
#3507 = EDGE_CURVE('',#3477,#3198,#3508,.T.);
#3508 = LINE('',#3509,#3510);
#3509 = CARTESIAN_POINT('',(-0.35,2.E-02,-0.4));
#3510 = VECTOR('',#3511,1.);
#3511 = DIRECTION('',(0.,0.,-1.));
#3512 = ORIENTED_EDGE('',*,*,#3223,.F.);
#3513 = ORIENTED_EDGE('',*,*,#3514,.F.);
#3514 = EDGE_CURVE('',#3485,#3216,#3515,.T.);
#3515 = LINE('',#3516,#3517);
#3516 = CARTESIAN_POINT('',(-0.35,0.,-0.4));
#3517 = VECTOR('',#3518,1.);
#3518 = DIRECTION('',(0.,0.,-1.));
#3519 = ORIENTED_EDGE('',*,*,#3484,.T.);
#3520 = PLANE('',#3521);
#3521 = AXIS2_PLACEMENT_3D('',#3522,#3523,#3524);
#3522 = CARTESIAN_POINT('',(-0.35,0.,-0.4));
#3523 = DIRECTION('',(1.,0.,0.));
#3524 = DIRECTION('',(0.,0.,-1.));
#3525 = ADVANCED_FACE('',(#3526),#3541,.T.);
#3526 = FACE_BOUND('',#3527,.T.);
#3527 = EDGE_LOOP('',(#3528,#3529,#3530,#3531,#3532,#3533,#3534,#3535,
    #3536,#3537,#3538,#3539,#3540));
#3528 = ORIENTED_EDGE('',*,*,#3215,.T.);
#3529 = ORIENTED_EDGE('',*,*,#3244,.T.);
#3530 = ORIENTED_EDGE('',*,*,#2926,.T.);
#3531 = ORIENTED_EDGE('',*,*,#2878,.T.);
#3532 = ORIENTED_EDGE('',*,*,#3275,.T.);
#3533 = ORIENTED_EDGE('',*,*,#3306,.T.);
#3534 = ORIENTED_EDGE('',*,*,#3337,.T.);
#3535 = ORIENTED_EDGE('',*,*,#3368,.T.);
#3536 = ORIENTED_EDGE('',*,*,#3399,.T.);
#3537 = ORIENTED_EDGE('',*,*,#3430,.T.);
#3538 = ORIENTED_EDGE('',*,*,#3461,.T.);
#3539 = ORIENTED_EDGE('',*,*,#3492,.T.);
#3540 = ORIENTED_EDGE('',*,*,#3514,.T.);
#3541 = PLANE('',#3542);
#3542 = AXIS2_PLACEMENT_3D('',#3543,#3544,#3545);
#3543 = CARTESIAN_POINT('',(1.040949779275E-16,0.,-0.85));
#3544 = DIRECTION('',(0.,-1.,0.));
#3545 = DIRECTION('',(0.,-0.,-1.));
#3546 = ADVANCED_FACE('',(#3547),#3564,.F.);
#3547 = FACE_BOUND('',#3548,.T.);
#3548 = EDGE_LOOP('',(#3549,#3550,#3551,#3552,#3553,#3554,#3555,#3556,
    #3557,#3558,#3559,#3560,#3561,#3562,#3563));
#3549 = ORIENTED_EDGE('',*,*,#2998,.F.);
#3550 = ORIENTED_EDGE('',*,*,#3237,.F.);
#3551 = ORIENTED_EDGE('',*,*,#3197,.F.);
#3552 = ORIENTED_EDGE('',*,*,#3507,.F.);
#3553 = ORIENTED_EDGE('',*,*,#3476,.F.);
#3554 = ORIENTED_EDGE('',*,*,#3445,.F.);
#3555 = ORIENTED_EDGE('',*,*,#3414,.F.);
#3556 = ORIENTED_EDGE('',*,*,#3383,.F.);
#3557 = ORIENTED_EDGE('',*,*,#3352,.F.);
#3558 = ORIENTED_EDGE('',*,*,#3321,.F.);
#3559 = ORIENTED_EDGE('',*,*,#3290,.F.);
#3560 = ORIENTED_EDGE('',*,*,#3259,.F.);
#3561 = ORIENTED_EDGE('',*,*,#2976,.F.);
#3562 = ORIENTED_EDGE('',*,*,#2943,.F.);
#3563 = ORIENTED_EDGE('',*,*,#2793,.F.);
#3564 = PLANE('',#3565);
#3565 = AXIS2_PLACEMENT_3D('',#3566,#3567,#3568);
#3566 = CARTESIAN_POINT('',(1.040949779275E-16,2.E-02,-0.85));
#3567 = DIRECTION('',(0.,-1.,0.));
#3568 = DIRECTION('',(0.,-0.,-1.));
#3569 = ( GEOMETRIC_REPRESENTATION_CONTEXT(3) 
GLOBAL_UNCERTAINTY_ASSIGNED_CONTEXT((#3573)) 
GLOBAL_UNIT_ASSIGNED_CONTEXT((#3570,#3571,#3572)) REPRESENTATION_CONTEXT
('Context #1','3D Context with UNIT and UNCERTAINTY') );
#3570 = ( LENGTH_UNIT() NAMED_UNIT(*) SI_UNIT(.MILLI.,.METRE.) );
#3571 = ( NAMED_UNIT(*) PLANE_ANGLE_UNIT() SI_UNIT($,.RADIAN.) );
#3572 = ( NAMED_UNIT(*) SI_UNIT($,.STERADIAN.) SOLID_ANGLE_UNIT() );
#3573 = UNCERTAINTY_MEASURE_WITH_UNIT(LENGTH_MEASURE(1.E-07),#3570,
  'distance_accuracy_value','confusion accuracy');
#3574 = SHAPE_DEFINITION_REPRESENTATION(#3575,#1093);
#3575 = PRODUCT_DEFINITION_SHAPE('','',#3576);
#3576 = PRODUCT_DEFINITION('design','',#3577,#3580);
#3577 = PRODUCT_DEFINITION_FORMATION('','',#3578);
#3578 = PRODUCT('LTST-C190KRKT','LTST-C190KRKT','',(#3579));
#3579 = PRODUCT_CONTEXT('',#2,'mechanical');
#3580 = PRODUCT_DEFINITION_CONTEXT('part definition',#2,'design');
#3581 = CONTEXT_DEPENDENT_SHAPE_REPRESENTATION(#3582,#3584);
#3582 = ( REPRESENTATION_RELATIONSHIP('','',#1093,#1083) 
REPRESENTATION_RELATIONSHIP_WITH_TRANSFORMATION(#3583) 
SHAPE_REPRESENTATION_RELATIONSHIP() );
#3583 = ITEM_DEFINED_TRANSFORMATION('','',#11,#1084);
#3584 = PRODUCT_DEFINITION_SHAPE('Placement','Placement of an item',
  #3585);
#3585 = NEXT_ASSEMBLY_USAGE_OCCURRENCE('12','','',#1078,#3576,$);
#3586 = PRODUCT_RELATED_PRODUCT_CATEGORY('part',$,(#3578));
#3587 = CONTEXT_DEPENDENT_SHAPE_REPRESENTATION(#3588,#3590);
#3588 = ( REPRESENTATION_RELATIONSHIP('','',#1083,#10) 
REPRESENTATION_RELATIONSHIP_WITH_TRANSFORMATION(#3589) 
SHAPE_REPRESENTATION_RELATIONSHIP() );
#3589 = ITEM_DEFINED_TRANSFORMATION('','',#11,#31);
#3590 = PRODUCT_DEFINITION_SHAPE('Placement','Placement of an item',
  #3591);
#3591 = NEXT_ASSEMBLY_USAGE_OCCURRENCE('13','','',#5,#1078,$);
#3592 = PRODUCT_RELATED_PRODUCT_CATEGORY('part',$,(#1080));
#3593 = SHAPE_DEFINITION_REPRESENTATION(#3594,#3600);
#3594 = PRODUCT_DEFINITION_SHAPE('','',#3595);
#3595 = PRODUCT_DEFINITION('design','',#3596,#3599);
#3596 = PRODUCT_DEFINITION_FORMATION('','',#3597);
#3597 = PRODUCT('IC1','IC1','',(#3598));
#3598 = PRODUCT_CONTEXT('',#2,'mechanical');
#3599 = PRODUCT_DEFINITION_CONTEXT('part definition',#2,'design');
#3600 = SHAPE_REPRESENTATION('',(#11,#3601),#3605);
#3601 = AXIS2_PLACEMENT_3D('',#3602,#3603,#3604);
#3602 = CARTESIAN_POINT('',(98.679000854492,99.059997558594,
    0.840000867844));
#3603 = DIRECTION('',(-1.,-1.19248806385E-08,-4.371138828674E-08));
#3604 = DIRECTION('',(1.19248806385E-08,-1.,3.939074516639E-32));
#3605 = ( GEOMETRIC_REPRESENTATION_CONTEXT(3) 
GLOBAL_UNCERTAINTY_ASSIGNED_CONTEXT((#3609)) 
GLOBAL_UNIT_ASSIGNED_CONTEXT((#3606,#3607,#3608)) REPRESENTATION_CONTEXT
('Context #1','3D Context with UNIT and UNCERTAINTY') );
#3606 = ( LENGTH_UNIT() NAMED_UNIT(*) SI_UNIT(.MILLI.,.METRE.) );
#3607 = ( NAMED_UNIT(*) PLANE_ANGLE_UNIT() SI_UNIT($,.RADIAN.) );
#3608 = ( NAMED_UNIT(*) SI_UNIT($,.STERADIAN.) SOLID_ANGLE_UNIT() );
#3609 = UNCERTAINTY_MEASURE_WITH_UNIT(LENGTH_MEASURE(1.E-07),#3606,
  'distance_accuracy_value','confusion accuracy');
#3610 = ADVANCED_BREP_SHAPE_REPRESENTATION('',(#11,#3611),#7466);
#3611 = MANIFOLD_SOLID_BREP('',#3612);
#3612 = CLOSED_SHELL('',(#3613,#3655,#3823,#3991,#4114,#4237,#4259,#4281
    ,#4293,#4318,#4343,#4370,#4412,#4443,#4476,#4507,#4538,#4569,#4602,
    #4633,#4666,#4697,#4728,#4740,#4752,#4783,#4814,#4900,#4986,#5008,
    #5025,#5042,#5059,#5071,#5088,#5105,#5122,#5134,#5176,#5207,#5240,
    #5271,#5302,#5333,#5366,#5397,#5430,#5461,#5492,#5504,#5516,#5547,
    #5578,#5664,#5750,#5772,#5789,#5806,#5823,#5835,#5852,#5869,#5886,
    #5898,#5940,#5971,#6004,#6035,#6066,#6097,#6130,#6161,#6194,#6225,
    #6256,#6268,#6280,#6311,#6342,#6428,#6514,#6536,#6553,#6570,#6587,
    #6599,#6616,#6633,#6650,#6662,#6704,#6735,#6768,#6799,#6830,#6861,
    #6894,#6925,#6958,#6989,#7020,#7032,#7044,#7075,#7106,#7192,#7278,
    #7300,#7317,#7334,#7351,#7363,#7380,#7397,#7414,#7426,#7444,#7454));
#3613 = ADVANCED_FACE('',(#3614),#3650,.F.);
#3614 = FACE_BOUND('',#3615,.F.);
#3615 = EDGE_LOOP('',(#3616,#3626,#3635,#3643));
#3616 = ORIENTED_EDGE('',*,*,#3617,.T.);
#3617 = EDGE_CURVE('',#3618,#3620,#3622,.T.);
#3618 = VERTEX_POINT('',#3619);
#3619 = CARTESIAN_POINT('',(-1.14094515212,0.665,-1.39094515212));
#3620 = VERTEX_POINT('',#3621);
#3621 = CARTESIAN_POINT('',(-1.14094515212,0.675,-1.39094515212));
#3622 = LINE('',#3623,#3624);
#3623 = CARTESIAN_POINT('',(-1.14094515212,0.665,-1.39094515212));
#3624 = VECTOR('',#3625,1.);
#3625 = DIRECTION('',(-0.,1.,-0.));
#3626 = ORIENTED_EDGE('',*,*,#3627,.F.);
#3627 = EDGE_CURVE('',#3628,#3620,#3630,.T.);
#3628 = VERTEX_POINT('',#3629);
#3629 = CARTESIAN_POINT('',(-1.14094515212,0.675,-1.89094515212));
#3630 = CIRCLE('',#3631,0.25);
#3631 = AXIS2_PLACEMENT_3D('',#3632,#3633,#3634);
#3632 = CARTESIAN_POINT('',(-1.14094515212,0.675,-1.64094515212));
#3633 = DIRECTION('',(0.,1.,0.));
#3634 = DIRECTION('',(0.,-0.,1.));
#3635 = ORIENTED_EDGE('',*,*,#3636,.F.);
#3636 = EDGE_CURVE('',#3637,#3628,#3639,.T.);
#3637 = VERTEX_POINT('',#3638);
#3638 = CARTESIAN_POINT('',(-1.14094515212,0.665,-1.89094515212));
#3639 = LINE('',#3640,#3641);
#3640 = CARTESIAN_POINT('',(-1.14094515212,0.665,-1.89094515212));
#3641 = VECTOR('',#3642,1.);
#3642 = DIRECTION('',(-0.,1.,-0.));
#3643 = ORIENTED_EDGE('',*,*,#3644,.T.);
#3644 = EDGE_CURVE('',#3637,#3618,#3645,.T.);
#3645 = CIRCLE('',#3646,0.25);
#3646 = AXIS2_PLACEMENT_3D('',#3647,#3648,#3649);
#3647 = CARTESIAN_POINT('',(-1.14094515212,0.665,-1.64094515212));
#3648 = DIRECTION('',(0.,1.,0.));
#3649 = DIRECTION('',(0.,-0.,1.));
#3650 = CYLINDRICAL_SURFACE('',#3651,0.25);
#3651 = AXIS2_PLACEMENT_3D('',#3652,#3653,#3654);
#3652 = CARTESIAN_POINT('',(-1.14094515212,0.665,-1.64094515212));
#3653 = DIRECTION('',(-0.,1.,-0.));
#3654 = DIRECTION('',(0.,0.,1.));
#3655 = ADVANCED_FACE('',(#3656),#3818,.T.);
#3656 = FACE_BOUND('',#3657,.T.);
#3657 = EDGE_LOOP('',(#3658,#3668,#3676,#3684,#3692,#3700,#3708,#3716,
    #3724,#3732,#3740,#3748,#3756,#3764,#3772,#3780,#3788,#3796,#3804,
    #3812));
#3658 = ORIENTED_EDGE('',*,*,#3659,.F.);
#3659 = EDGE_CURVE('',#3660,#3662,#3664,.T.);
#3660 = VERTEX_POINT('',#3661);
#3661 = CARTESIAN_POINT('',(1.95,0.,-2.115));
#3662 = VERTEX_POINT('',#3663);
#3663 = CARTESIAN_POINT('',(1.95,0.,-2.45));
#3664 = LINE('',#3665,#3666);
#3665 = CARTESIAN_POINT('',(1.95,0.,2.45));
#3666 = VECTOR('',#3667,1.);
#3667 = DIRECTION('',(0.,0.,-1.));
#3668 = ORIENTED_EDGE('',*,*,#3669,.T.);
#3669 = EDGE_CURVE('',#3660,#3670,#3672,.T.);
#3670 = VERTEX_POINT('',#3671);
#3671 = CARTESIAN_POINT('',(1.940376247012,-0.11,-2.115));
#3672 = LINE('',#3673,#3674);
#3673 = CARTESIAN_POINT('',(1.95,0.,-2.115));
#3674 = VECTOR('',#3675,1.);
#3675 = DIRECTION('',(-8.715574274766E-02,-0.996194698092,0.));
#3676 = ORIENTED_EDGE('',*,*,#3677,.F.);
#3677 = EDGE_CURVE('',#3678,#3670,#3680,.T.);
#3678 = VERTEX_POINT('',#3679);
#3679 = CARTESIAN_POINT('',(1.940376247012,-0.11,-1.69));
#3680 = LINE('',#3681,#3682);
#3681 = CARTESIAN_POINT('',(1.940376247012,-0.11,2.45));
#3682 = VECTOR('',#3683,1.);
#3683 = DIRECTION('',(0.,0.,-1.));
#3684 = ORIENTED_EDGE('',*,*,#3685,.F.);
#3685 = EDGE_CURVE('',#3686,#3678,#3688,.T.);
#3686 = VERTEX_POINT('',#3687);
#3687 = CARTESIAN_POINT('',(1.95,0.,-1.69));
#3688 = LINE('',#3689,#3690);
#3689 = CARTESIAN_POINT('',(1.95,0.,-1.69));
#3690 = VECTOR('',#3691,1.);
#3691 = DIRECTION('',(-8.715574274766E-02,-0.996194698092,0.));
#3692 = ORIENTED_EDGE('',*,*,#3693,.F.);
#3693 = EDGE_CURVE('',#3694,#3686,#3696,.T.);
#3694 = VERTEX_POINT('',#3695);
#3695 = CARTESIAN_POINT('',(1.95,0.,-0.845));
#3696 = LINE('',#3697,#3698);
#3697 = CARTESIAN_POINT('',(1.95,0.,2.45));
#3698 = VECTOR('',#3699,1.);
#3699 = DIRECTION('',(0.,0.,-1.));
#3700 = ORIENTED_EDGE('',*,*,#3701,.T.);
#3701 = EDGE_CURVE('',#3694,#3702,#3704,.T.);
#3702 = VERTEX_POINT('',#3703);
#3703 = CARTESIAN_POINT('',(1.940376247012,-0.11,-0.845));
#3704 = LINE('',#3705,#3706);
#3705 = CARTESIAN_POINT('',(1.95,0.,-0.845));
#3706 = VECTOR('',#3707,1.);
#3707 = DIRECTION('',(-8.715574274766E-02,-0.996194698092,0.));
#3708 = ORIENTED_EDGE('',*,*,#3709,.F.);
#3709 = EDGE_CURVE('',#3710,#3702,#3712,.T.);
#3710 = VERTEX_POINT('',#3711);
#3711 = CARTESIAN_POINT('',(1.940376247012,-0.11,-0.42));
#3712 = LINE('',#3713,#3714);
#3713 = CARTESIAN_POINT('',(1.940376247012,-0.11,2.45));
#3714 = VECTOR('',#3715,1.);
#3715 = DIRECTION('',(0.,0.,-1.));
#3716 = ORIENTED_EDGE('',*,*,#3717,.F.);
#3717 = EDGE_CURVE('',#3718,#3710,#3720,.T.);
#3718 = VERTEX_POINT('',#3719);
#3719 = CARTESIAN_POINT('',(1.95,0.,-0.42));
#3720 = LINE('',#3721,#3722);
#3721 = CARTESIAN_POINT('',(1.95,0.,-0.42));
#3722 = VECTOR('',#3723,1.);
#3723 = DIRECTION('',(-8.715574274766E-02,-0.996194698092,0.));
#3724 = ORIENTED_EDGE('',*,*,#3725,.F.);
#3725 = EDGE_CURVE('',#3726,#3718,#3728,.T.);
#3726 = VERTEX_POINT('',#3727);
#3727 = CARTESIAN_POINT('',(1.95,0.,0.425));
#3728 = LINE('',#3729,#3730);
#3729 = CARTESIAN_POINT('',(1.95,0.,2.45));
#3730 = VECTOR('',#3731,1.);
#3731 = DIRECTION('',(0.,0.,-1.));
#3732 = ORIENTED_EDGE('',*,*,#3733,.T.);
#3733 = EDGE_CURVE('',#3726,#3734,#3736,.T.);
#3734 = VERTEX_POINT('',#3735);
#3735 = CARTESIAN_POINT('',(1.940376247012,-0.11,0.425));
#3736 = LINE('',#3737,#3738);
#3737 = CARTESIAN_POINT('',(1.95,0.,0.425));
#3738 = VECTOR('',#3739,1.);
#3739 = DIRECTION('',(-8.715574274766E-02,-0.996194698092,0.));
#3740 = ORIENTED_EDGE('',*,*,#3741,.F.);
#3741 = EDGE_CURVE('',#3742,#3734,#3744,.T.);
#3742 = VERTEX_POINT('',#3743);
#3743 = CARTESIAN_POINT('',(1.940376247012,-0.11,0.85));
#3744 = LINE('',#3745,#3746);
#3745 = CARTESIAN_POINT('',(1.940376247012,-0.11,2.45));
#3746 = VECTOR('',#3747,1.);
#3747 = DIRECTION('',(0.,0.,-1.));
#3748 = ORIENTED_EDGE('',*,*,#3749,.F.);
#3749 = EDGE_CURVE('',#3750,#3742,#3752,.T.);
#3750 = VERTEX_POINT('',#3751);
#3751 = CARTESIAN_POINT('',(1.95,0.,0.85));
#3752 = LINE('',#3753,#3754);
#3753 = CARTESIAN_POINT('',(1.95,0.,0.85));
#3754 = VECTOR('',#3755,1.);
#3755 = DIRECTION('',(-8.715574274766E-02,-0.996194698092,0.));
#3756 = ORIENTED_EDGE('',*,*,#3757,.F.);
#3757 = EDGE_CURVE('',#3758,#3750,#3760,.T.);
#3758 = VERTEX_POINT('',#3759);
#3759 = CARTESIAN_POINT('',(1.95,0.,1.695));
#3760 = LINE('',#3761,#3762);
#3761 = CARTESIAN_POINT('',(1.95,0.,2.45));
#3762 = VECTOR('',#3763,1.);
#3763 = DIRECTION('',(0.,0.,-1.));
#3764 = ORIENTED_EDGE('',*,*,#3765,.T.);
#3765 = EDGE_CURVE('',#3758,#3766,#3768,.T.);
#3766 = VERTEX_POINT('',#3767);
#3767 = CARTESIAN_POINT('',(1.940376247012,-0.11,1.695));
#3768 = LINE('',#3769,#3770);
#3769 = CARTESIAN_POINT('',(1.95,0.,1.695));
#3770 = VECTOR('',#3771,1.);
#3771 = DIRECTION('',(-8.715574274766E-02,-0.996194698092,0.));
#3772 = ORIENTED_EDGE('',*,*,#3773,.F.);
#3773 = EDGE_CURVE('',#3774,#3766,#3776,.T.);
#3774 = VERTEX_POINT('',#3775);
#3775 = CARTESIAN_POINT('',(1.940376247012,-0.11,2.12));
#3776 = LINE('',#3777,#3778);
#3777 = CARTESIAN_POINT('',(1.940376247012,-0.11,2.45));
#3778 = VECTOR('',#3779,1.);
#3779 = DIRECTION('',(0.,0.,-1.));
#3780 = ORIENTED_EDGE('',*,*,#3781,.F.);
#3781 = EDGE_CURVE('',#3782,#3774,#3784,.T.);
#3782 = VERTEX_POINT('',#3783);
#3783 = CARTESIAN_POINT('',(1.95,0.,2.12));
#3784 = LINE('',#3785,#3786);
#3785 = CARTESIAN_POINT('',(1.95,0.,2.12));
#3786 = VECTOR('',#3787,1.);
#3787 = DIRECTION('',(-8.715574274766E-02,-0.996194698092,0.));
#3788 = ORIENTED_EDGE('',*,*,#3789,.F.);
#3789 = EDGE_CURVE('',#3790,#3782,#3792,.T.);
#3790 = VERTEX_POINT('',#3791);
#3791 = CARTESIAN_POINT('',(1.95,0.,2.45));
#3792 = LINE('',#3793,#3794);
#3793 = CARTESIAN_POINT('',(1.95,0.,2.45));
#3794 = VECTOR('',#3795,1.);
#3795 = DIRECTION('',(0.,0.,-1.));
#3796 = ORIENTED_EDGE('',*,*,#3797,.F.);
#3797 = EDGE_CURVE('',#3798,#3790,#3800,.T.);
#3798 = VERTEX_POINT('',#3799);
#3799 = CARTESIAN_POINT('',(1.89094515212,-0.675,2.39094515212));
#3800 = LINE('',#3801,#3802);
#3801 = CARTESIAN_POINT('',(1.920598456132,-0.336061184194,
    2.420598456132));
#3802 = VECTOR('',#3803,1.);
#3803 = DIRECTION('',(8.682659386425E-02,0.992432509139,
    8.682659386425E-02));
#3804 = ORIENTED_EDGE('',*,*,#3805,.T.);
#3805 = EDGE_CURVE('',#3798,#3806,#3808,.T.);
#3806 = VERTEX_POINT('',#3807);
#3807 = CARTESIAN_POINT('',(1.89094515212,-0.675,-2.39094515212));
#3808 = LINE('',#3809,#3810);
#3809 = CARTESIAN_POINT('',(1.89094515212,-0.675,2.45));
#3810 = VECTOR('',#3811,1.);
#3811 = DIRECTION('',(0.,0.,-1.));
#3812 = ORIENTED_EDGE('',*,*,#3813,.T.);
#3813 = EDGE_CURVE('',#3806,#3662,#3814,.T.);
#3814 = LINE('',#3815,#3816);
#3815 = CARTESIAN_POINT('',(1.91305959873,-0.422230718603,-2.41305959873
    ));
#3816 = VECTOR('',#3817,1.);
#3817 = DIRECTION('',(8.682659386425E-02,0.992432509139,
    -8.682659386425E-02));
#3818 = PLANE('',#3819);
#3819 = AXIS2_PLACEMENT_3D('',#3820,#3821,#3822);
#3820 = CARTESIAN_POINT('',(1.95,0.,2.45));
#3821 = DIRECTION('',(0.996194698092,-8.715574274766E-02,0.));
#3822 = DIRECTION('',(8.715574274766E-02,0.996194698092,0.));
#3823 = ADVANCED_FACE('',(#3824),#3986,.T.);
#3824 = FACE_BOUND('',#3825,.T.);
#3825 = EDGE_LOOP('',(#3826,#3836,#3844,#3852,#3860,#3868,#3876,#3884,
    #3892,#3900,#3908,#3916,#3924,#3932,#3940,#3948,#3956,#3964,#3972,
    #3980));
#3826 = ORIENTED_EDGE('',*,*,#3827,.F.);
#3827 = EDGE_CURVE('',#3828,#3830,#3832,.T.);
#3828 = VERTEX_POINT('',#3829);
#3829 = CARTESIAN_POINT('',(-1.940376247012,-0.11,-2.115));
#3830 = VERTEX_POINT('',#3831);
#3831 = CARTESIAN_POINT('',(-1.940376247012,-0.11,-1.69));
#3832 = LINE('',#3833,#3834);
#3833 = CARTESIAN_POINT('',(-1.940376247012,-0.11,2.45));
#3834 = VECTOR('',#3835,1.);
#3835 = DIRECTION('',(0.,0.,1.));
#3836 = ORIENTED_EDGE('',*,*,#3837,.T.);
#3837 = EDGE_CURVE('',#3828,#3838,#3840,.T.);
#3838 = VERTEX_POINT('',#3839);
#3839 = CARTESIAN_POINT('',(-1.95,0.,-2.115));
#3840 = LINE('',#3841,#3842);
#3841 = CARTESIAN_POINT('',(-1.95,0.,-2.115));
#3842 = VECTOR('',#3843,1.);
#3843 = DIRECTION('',(-8.715574274766E-02,0.996194698092,0.));
#3844 = ORIENTED_EDGE('',*,*,#3845,.F.);
#3845 = EDGE_CURVE('',#3846,#3838,#3848,.T.);
#3846 = VERTEX_POINT('',#3847);
#3847 = CARTESIAN_POINT('',(-1.95,0.,-2.45));
#3848 = LINE('',#3849,#3850);
#3849 = CARTESIAN_POINT('',(-1.95,0.,2.45));
#3850 = VECTOR('',#3851,1.);
#3851 = DIRECTION('',(-0.,-0.,1.));
#3852 = ORIENTED_EDGE('',*,*,#3853,.F.);
#3853 = EDGE_CURVE('',#3854,#3846,#3856,.T.);
#3854 = VERTEX_POINT('',#3855);
#3855 = CARTESIAN_POINT('',(-1.89094515212,-0.675,-2.39094515212));
#3856 = LINE('',#3857,#3858);
#3857 = CARTESIAN_POINT('',(-1.95,0.,-2.45));
#3858 = VECTOR('',#3859,1.);
#3859 = DIRECTION('',(-8.682659386425E-02,0.992432509139,
    -8.682659386425E-02));
#3860 = ORIENTED_EDGE('',*,*,#3861,.T.);
#3861 = EDGE_CURVE('',#3854,#3862,#3864,.T.);
#3862 = VERTEX_POINT('',#3863);
#3863 = CARTESIAN_POINT('',(-1.89094515212,-0.675,2.39094515212));
#3864 = LINE('',#3865,#3866);
#3865 = CARTESIAN_POINT('',(-1.89094515212,-0.675,2.45));
#3866 = VECTOR('',#3867,1.);
#3867 = DIRECTION('',(0.,0.,1.));
#3868 = ORIENTED_EDGE('',*,*,#3869,.T.);
#3869 = EDGE_CURVE('',#3862,#3870,#3872,.T.);
#3870 = VERTEX_POINT('',#3871);
#3871 = CARTESIAN_POINT('',(-1.95,0.,2.45));
#3872 = LINE('',#3873,#3874);
#3873 = CARTESIAN_POINT('',(-1.95,0.,2.45));
#3874 = VECTOR('',#3875,1.);
#3875 = DIRECTION('',(-8.682659386425E-02,0.992432509139,
    8.682659386425E-02));
#3876 = ORIENTED_EDGE('',*,*,#3877,.F.);
#3877 = EDGE_CURVE('',#3878,#3870,#3880,.T.);
#3878 = VERTEX_POINT('',#3879);
#3879 = CARTESIAN_POINT('',(-1.95,0.,2.12));
#3880 = LINE('',#3881,#3882);
#3881 = CARTESIAN_POINT('',(-1.95,0.,2.45));
#3882 = VECTOR('',#3883,1.);
#3883 = DIRECTION('',(-0.,-0.,1.));
#3884 = ORIENTED_EDGE('',*,*,#3885,.F.);
#3885 = EDGE_CURVE('',#3886,#3878,#3888,.T.);
#3886 = VERTEX_POINT('',#3887);
#3887 = CARTESIAN_POINT('',(-1.940376247012,-0.11,2.12));
#3888 = LINE('',#3889,#3890);
#3889 = CARTESIAN_POINT('',(-1.95,0.,2.12));
#3890 = VECTOR('',#3891,1.);
#3891 = DIRECTION('',(-8.715574274766E-02,0.996194698092,0.));
#3892 = ORIENTED_EDGE('',*,*,#3893,.F.);
#3893 = EDGE_CURVE('',#3894,#3886,#3896,.T.);
#3894 = VERTEX_POINT('',#3895);
#3895 = CARTESIAN_POINT('',(-1.940376247012,-0.11,1.695));
#3896 = LINE('',#3897,#3898);
#3897 = CARTESIAN_POINT('',(-1.940376247012,-0.11,2.45));
#3898 = VECTOR('',#3899,1.);
#3899 = DIRECTION('',(0.,0.,1.));
#3900 = ORIENTED_EDGE('',*,*,#3901,.T.);
#3901 = EDGE_CURVE('',#3894,#3902,#3904,.T.);
#3902 = VERTEX_POINT('',#3903);
#3903 = CARTESIAN_POINT('',(-1.95,0.,1.695));
#3904 = LINE('',#3905,#3906);
#3905 = CARTESIAN_POINT('',(-1.95,0.,1.695));
#3906 = VECTOR('',#3907,1.);
#3907 = DIRECTION('',(-8.715574274766E-02,0.996194698092,0.));
#3908 = ORIENTED_EDGE('',*,*,#3909,.F.);
#3909 = EDGE_CURVE('',#3910,#3902,#3912,.T.);
#3910 = VERTEX_POINT('',#3911);
#3911 = CARTESIAN_POINT('',(-1.95,0.,0.85));
#3912 = LINE('',#3913,#3914);
#3913 = CARTESIAN_POINT('',(-1.95,0.,2.45));
#3914 = VECTOR('',#3915,1.);
#3915 = DIRECTION('',(-0.,-0.,1.));
#3916 = ORIENTED_EDGE('',*,*,#3917,.F.);
#3917 = EDGE_CURVE('',#3918,#3910,#3920,.T.);
#3918 = VERTEX_POINT('',#3919);
#3919 = CARTESIAN_POINT('',(-1.940376247012,-0.11,0.85));
#3920 = LINE('',#3921,#3922);
#3921 = CARTESIAN_POINT('',(-1.95,0.,0.85));
#3922 = VECTOR('',#3923,1.);
#3923 = DIRECTION('',(-8.715574274766E-02,0.996194698092,0.));
#3924 = ORIENTED_EDGE('',*,*,#3925,.F.);
#3925 = EDGE_CURVE('',#3926,#3918,#3928,.T.);
#3926 = VERTEX_POINT('',#3927);
#3927 = CARTESIAN_POINT('',(-1.940376247012,-0.11,0.425));
#3928 = LINE('',#3929,#3930);
#3929 = CARTESIAN_POINT('',(-1.940376247012,-0.11,2.45));
#3930 = VECTOR('',#3931,1.);
#3931 = DIRECTION('',(0.,0.,1.));
#3932 = ORIENTED_EDGE('',*,*,#3933,.T.);
#3933 = EDGE_CURVE('',#3926,#3934,#3936,.T.);
#3934 = VERTEX_POINT('',#3935);
#3935 = CARTESIAN_POINT('',(-1.95,0.,0.425));
#3936 = LINE('',#3937,#3938);
#3937 = CARTESIAN_POINT('',(-1.95,0.,0.425));
#3938 = VECTOR('',#3939,1.);
#3939 = DIRECTION('',(-8.715574274766E-02,0.996194698092,0.));
#3940 = ORIENTED_EDGE('',*,*,#3941,.F.);
#3941 = EDGE_CURVE('',#3942,#3934,#3944,.T.);
#3942 = VERTEX_POINT('',#3943);
#3943 = CARTESIAN_POINT('',(-1.95,0.,-0.42));
#3944 = LINE('',#3945,#3946);
#3945 = CARTESIAN_POINT('',(-1.95,0.,2.45));
#3946 = VECTOR('',#3947,1.);
#3947 = DIRECTION('',(-0.,-0.,1.));
#3948 = ORIENTED_EDGE('',*,*,#3949,.F.);
#3949 = EDGE_CURVE('',#3950,#3942,#3952,.T.);
#3950 = VERTEX_POINT('',#3951);
#3951 = CARTESIAN_POINT('',(-1.940376247012,-0.11,-0.42));
#3952 = LINE('',#3953,#3954);
#3953 = CARTESIAN_POINT('',(-1.95,0.,-0.42));
#3954 = VECTOR('',#3955,1.);
#3955 = DIRECTION('',(-8.715574274766E-02,0.996194698092,0.));
#3956 = ORIENTED_EDGE('',*,*,#3957,.F.);
#3957 = EDGE_CURVE('',#3958,#3950,#3960,.T.);
#3958 = VERTEX_POINT('',#3959);
#3959 = CARTESIAN_POINT('',(-1.940376247012,-0.11,-0.845));
#3960 = LINE('',#3961,#3962);
#3961 = CARTESIAN_POINT('',(-1.940376247012,-0.11,2.45));
#3962 = VECTOR('',#3963,1.);
#3963 = DIRECTION('',(0.,0.,1.));
#3964 = ORIENTED_EDGE('',*,*,#3965,.T.);
#3965 = EDGE_CURVE('',#3958,#3966,#3968,.T.);
#3966 = VERTEX_POINT('',#3967);
#3967 = CARTESIAN_POINT('',(-1.95,0.,-0.845));
#3968 = LINE('',#3969,#3970);
#3969 = CARTESIAN_POINT('',(-1.95,0.,-0.845));
#3970 = VECTOR('',#3971,1.);
#3971 = DIRECTION('',(-8.715574274766E-02,0.996194698092,0.));
#3972 = ORIENTED_EDGE('',*,*,#3973,.F.);
#3973 = EDGE_CURVE('',#3974,#3966,#3976,.T.);
#3974 = VERTEX_POINT('',#3975);
#3975 = CARTESIAN_POINT('',(-1.95,0.,-1.69));
#3976 = LINE('',#3977,#3978);
#3977 = CARTESIAN_POINT('',(-1.95,0.,2.45));
#3978 = VECTOR('',#3979,1.);
#3979 = DIRECTION('',(-0.,-0.,1.));
#3980 = ORIENTED_EDGE('',*,*,#3981,.F.);
#3981 = EDGE_CURVE('',#3830,#3974,#3982,.T.);
#3982 = LINE('',#3983,#3984);
#3983 = CARTESIAN_POINT('',(-1.95,0.,-1.69));
#3984 = VECTOR('',#3985,1.);
#3985 = DIRECTION('',(-8.715574274766E-02,0.996194698092,0.));
#3986 = PLANE('',#3987);
#3987 = AXIS2_PLACEMENT_3D('',#3988,#3989,#3990);
#3988 = CARTESIAN_POINT('',(-1.95,0.,2.45));
#3989 = DIRECTION('',(-0.996194698092,-8.715574274766E-02,0.));
#3990 = DIRECTION('',(8.715574274766E-02,-0.996194698092,0.));
#3991 = ADVANCED_FACE('',(#3992),#4109,.T.);
#3992 = FACE_BOUND('',#3993,.T.);
#3993 = EDGE_LOOP('',(#3994,#4002,#4003,#4011,#4019,#4025,#4026,#4034,
    #4042,#4048,#4049,#4057,#4065,#4071,#4072,#4080,#4088,#4094,#4095,
    #4103));
#3994 = ORIENTED_EDGE('',*,*,#3995,.F.);
#3995 = EDGE_CURVE('',#3660,#3996,#3998,.T.);
#3996 = VERTEX_POINT('',#3997);
#3997 = CARTESIAN_POINT('',(1.940376247012,0.11,-2.115));
#3998 = LINE('',#3999,#4000);
#3999 = CARTESIAN_POINT('',(1.95,0.,-2.115));
#4000 = VECTOR('',#4001,1.);
#4001 = DIRECTION('',(-8.715574274766E-02,0.996194698092,-0.));
#4002 = ORIENTED_EDGE('',*,*,#3659,.T.);
#4003 = ORIENTED_EDGE('',*,*,#4004,.F.);
#4004 = EDGE_CURVE('',#4005,#3662,#4007,.T.);
#4005 = VERTEX_POINT('',#4006);
#4006 = CARTESIAN_POINT('',(1.89094515212,0.675,-2.39094515212));
#4007 = LINE('',#4008,#4009);
#4008 = CARTESIAN_POINT('',(1.920598456132,0.336061184194,
    -2.420598456132));
#4009 = VECTOR('',#4010,1.);
#4010 = DIRECTION('',(8.682659386425E-02,-0.992432509139,
    -8.682659386425E-02));
#4011 = ORIENTED_EDGE('',*,*,#4012,.F.);
#4012 = EDGE_CURVE('',#4013,#4005,#4015,.T.);
#4013 = VERTEX_POINT('',#4014);
#4014 = CARTESIAN_POINT('',(1.89094515212,0.675,2.39094515212));
#4015 = LINE('',#4016,#4017);
#4016 = CARTESIAN_POINT('',(1.89094515212,0.675,0.));
#4017 = VECTOR('',#4018,1.);
#4018 = DIRECTION('',(0.,-0.,-1.));
#4019 = ORIENTED_EDGE('',*,*,#4020,.T.);
#4020 = EDGE_CURVE('',#4013,#3790,#4021,.T.);
#4021 = LINE('',#4022,#4023);
#4022 = CARTESIAN_POINT('',(1.95,0.,2.45));
#4023 = VECTOR('',#4024,1.);
#4024 = DIRECTION('',(8.682659386425E-02,-0.992432509139,
    8.682659386425E-02));
#4025 = ORIENTED_EDGE('',*,*,#3789,.T.);
#4026 = ORIENTED_EDGE('',*,*,#4027,.T.);
#4027 = EDGE_CURVE('',#3782,#4028,#4030,.T.);
#4028 = VERTEX_POINT('',#4029);
#4029 = CARTESIAN_POINT('',(1.940376247012,0.11,2.12));
#4030 = LINE('',#4031,#4032);
#4031 = CARTESIAN_POINT('',(1.95,0.,2.12));
#4032 = VECTOR('',#4033,1.);
#4033 = DIRECTION('',(-8.715574274766E-02,0.996194698092,-0.));
#4034 = ORIENTED_EDGE('',*,*,#4035,.T.);
#4035 = EDGE_CURVE('',#4028,#4036,#4038,.T.);
#4036 = VERTEX_POINT('',#4037);
#4037 = CARTESIAN_POINT('',(1.940376247012,0.11,1.695));
#4038 = LINE('',#4039,#4040);
#4039 = CARTESIAN_POINT('',(1.940376247012,0.11,2.45));
#4040 = VECTOR('',#4041,1.);
#4041 = DIRECTION('',(0.,-0.,-1.));
#4042 = ORIENTED_EDGE('',*,*,#4043,.F.);
#4043 = EDGE_CURVE('',#3758,#4036,#4044,.T.);
#4044 = LINE('',#4045,#4046);
#4045 = CARTESIAN_POINT('',(1.95,0.,1.695));
#4046 = VECTOR('',#4047,1.);
#4047 = DIRECTION('',(-8.715574274766E-02,0.996194698092,-0.));
#4048 = ORIENTED_EDGE('',*,*,#3757,.T.);
#4049 = ORIENTED_EDGE('',*,*,#4050,.T.);
#4050 = EDGE_CURVE('',#3750,#4051,#4053,.T.);
#4051 = VERTEX_POINT('',#4052);
#4052 = CARTESIAN_POINT('',(1.940376247012,0.11,0.85));
#4053 = LINE('',#4054,#4055);
#4054 = CARTESIAN_POINT('',(1.95,0.,0.85));
#4055 = VECTOR('',#4056,1.);
#4056 = DIRECTION('',(-8.715574274766E-02,0.996194698092,-0.));
#4057 = ORIENTED_EDGE('',*,*,#4058,.T.);
#4058 = EDGE_CURVE('',#4051,#4059,#4061,.T.);
#4059 = VERTEX_POINT('',#4060);
#4060 = CARTESIAN_POINT('',(1.940376247012,0.11,0.425));
#4061 = LINE('',#4062,#4063);
#4062 = CARTESIAN_POINT('',(1.940376247012,0.11,2.45));
#4063 = VECTOR('',#4064,1.);
#4064 = DIRECTION('',(0.,-0.,-1.));
#4065 = ORIENTED_EDGE('',*,*,#4066,.F.);
#4066 = EDGE_CURVE('',#3726,#4059,#4067,.T.);
#4067 = LINE('',#4068,#4069);
#4068 = CARTESIAN_POINT('',(1.95,0.,0.425));
#4069 = VECTOR('',#4070,1.);
#4070 = DIRECTION('',(-8.715574274766E-02,0.996194698092,-0.));
#4071 = ORIENTED_EDGE('',*,*,#3725,.T.);
#4072 = ORIENTED_EDGE('',*,*,#4073,.T.);
#4073 = EDGE_CURVE('',#3718,#4074,#4076,.T.);
#4074 = VERTEX_POINT('',#4075);
#4075 = CARTESIAN_POINT('',(1.940376247012,0.11,-0.42));
#4076 = LINE('',#4077,#4078);
#4077 = CARTESIAN_POINT('',(1.95,0.,-0.42));
#4078 = VECTOR('',#4079,1.);
#4079 = DIRECTION('',(-8.715574274766E-02,0.996194698092,-0.));
#4080 = ORIENTED_EDGE('',*,*,#4081,.T.);
#4081 = EDGE_CURVE('',#4074,#4082,#4084,.T.);
#4082 = VERTEX_POINT('',#4083);
#4083 = CARTESIAN_POINT('',(1.940376247012,0.11,-0.845));
#4084 = LINE('',#4085,#4086);
#4085 = CARTESIAN_POINT('',(1.940376247012,0.11,2.45));
#4086 = VECTOR('',#4087,1.);
#4087 = DIRECTION('',(0.,-0.,-1.));
#4088 = ORIENTED_EDGE('',*,*,#4089,.F.);
#4089 = EDGE_CURVE('',#3694,#4082,#4090,.T.);
#4090 = LINE('',#4091,#4092);
#4091 = CARTESIAN_POINT('',(1.95,0.,-0.845));
#4092 = VECTOR('',#4093,1.);
#4093 = DIRECTION('',(-8.715574274766E-02,0.996194698092,-0.));
#4094 = ORIENTED_EDGE('',*,*,#3693,.T.);
#4095 = ORIENTED_EDGE('',*,*,#4096,.T.);
#4096 = EDGE_CURVE('',#3686,#4097,#4099,.T.);
#4097 = VERTEX_POINT('',#4098);
#4098 = CARTESIAN_POINT('',(1.940376247012,0.11,-1.69));
#4099 = LINE('',#4100,#4101);
#4100 = CARTESIAN_POINT('',(1.95,0.,-1.69));
#4101 = VECTOR('',#4102,1.);
#4102 = DIRECTION('',(-8.715574274766E-02,0.996194698092,-0.));
#4103 = ORIENTED_EDGE('',*,*,#4104,.T.);
#4104 = EDGE_CURVE('',#4097,#3996,#4105,.T.);
#4105 = LINE('',#4106,#4107);
#4106 = CARTESIAN_POINT('',(1.940376247012,0.11,2.45));
#4107 = VECTOR('',#4108,1.);
#4108 = DIRECTION('',(0.,-0.,-1.));
#4109 = PLANE('',#4110);
#4110 = AXIS2_PLACEMENT_3D('',#4111,#4112,#4113);
#4111 = CARTESIAN_POINT('',(1.95,0.,2.45));
#4112 = DIRECTION('',(0.996194698092,8.715574274766E-02,0.));
#4113 = DIRECTION('',(-8.715574274766E-02,0.996194698092,0.));
#4114 = ADVANCED_FACE('',(#4115),#4232,.T.);
#4115 = FACE_BOUND('',#4116,.T.);
#4116 = EDGE_LOOP('',(#4117,#4125,#4133,#4139,#4140,#4148,#4156,#4162,
    #4163,#4171,#4179,#4185,#4186,#4194,#4202,#4208,#4209,#4217,#4225,
    #4231));
#4117 = ORIENTED_EDGE('',*,*,#4118,.F.);
#4118 = EDGE_CURVE('',#4119,#3870,#4121,.T.);
#4119 = VERTEX_POINT('',#4120);
#4120 = CARTESIAN_POINT('',(-1.912734087807,0.425951325477,
    2.412734087807));
#4121 = LINE('',#4122,#4123);
#4122 = CARTESIAN_POINT('',(-1.95,0.,2.45));
#4123 = VECTOR('',#4124,1.);
#4124 = DIRECTION('',(-8.682659386425E-02,-0.992432509139,
    8.682659386425E-02));
#4125 = ORIENTED_EDGE('',*,*,#4126,.T.);
#4126 = EDGE_CURVE('',#4119,#4127,#4129,.T.);
#4127 = VERTEX_POINT('',#4128);
#4128 = CARTESIAN_POINT('',(-1.912734087807,0.425951325477,
    -2.412734087807));
#4129 = LINE('',#4130,#4131);
#4130 = CARTESIAN_POINT('',(-1.912734087807,0.425951325477,2.45));
#4131 = VECTOR('',#4132,1.);
#4132 = DIRECTION('',(-0.,-0.,-1.));
#4133 = ORIENTED_EDGE('',*,*,#4134,.T.);
#4134 = EDGE_CURVE('',#4127,#3846,#4135,.T.);
#4135 = LINE('',#4136,#4137);
#4136 = CARTESIAN_POINT('',(-1.91305959873,0.422230718603,-2.41305959873
    ));
#4137 = VECTOR('',#4138,1.);
#4138 = DIRECTION('',(-8.682659386425E-02,-0.992432509139,
    -8.682659386425E-02));
#4139 = ORIENTED_EDGE('',*,*,#3845,.T.);
#4140 = ORIENTED_EDGE('',*,*,#4141,.F.);
#4141 = EDGE_CURVE('',#4142,#3838,#4144,.T.);
#4142 = VERTEX_POINT('',#4143);
#4143 = CARTESIAN_POINT('',(-1.940376247012,0.11,-2.115));
#4144 = LINE('',#4145,#4146);
#4145 = CARTESIAN_POINT('',(-1.95,0.,-2.115));
#4146 = VECTOR('',#4147,1.);
#4147 = DIRECTION('',(-8.715574274766E-02,-0.996194698092,0.));
#4148 = ORIENTED_EDGE('',*,*,#4149,.T.);
#4149 = EDGE_CURVE('',#4142,#4150,#4152,.T.);
#4150 = VERTEX_POINT('',#4151);
#4151 = CARTESIAN_POINT('',(-1.940376247012,0.11,-1.69));
#4152 = LINE('',#4153,#4154);
#4153 = CARTESIAN_POINT('',(-1.940376247012,0.11,2.45));
#4154 = VECTOR('',#4155,1.);
#4155 = DIRECTION('',(-0.,-0.,1.));
#4156 = ORIENTED_EDGE('',*,*,#4157,.T.);
#4157 = EDGE_CURVE('',#4150,#3974,#4158,.T.);
#4158 = LINE('',#4159,#4160);
#4159 = CARTESIAN_POINT('',(-1.95,0.,-1.69));
#4160 = VECTOR('',#4161,1.);
#4161 = DIRECTION('',(-8.715574274766E-02,-0.996194698092,0.));
#4162 = ORIENTED_EDGE('',*,*,#3973,.T.);
#4163 = ORIENTED_EDGE('',*,*,#4164,.F.);
#4164 = EDGE_CURVE('',#4165,#3966,#4167,.T.);
#4165 = VERTEX_POINT('',#4166);
#4166 = CARTESIAN_POINT('',(-1.940376247012,0.11,-0.845));
#4167 = LINE('',#4168,#4169);
#4168 = CARTESIAN_POINT('',(-1.95,0.,-0.845));
#4169 = VECTOR('',#4170,1.);
#4170 = DIRECTION('',(-8.715574274766E-02,-0.996194698092,0.));
#4171 = ORIENTED_EDGE('',*,*,#4172,.T.);
#4172 = EDGE_CURVE('',#4165,#4173,#4175,.T.);
#4173 = VERTEX_POINT('',#4174);
#4174 = CARTESIAN_POINT('',(-1.940376247012,0.11,-0.42));
#4175 = LINE('',#4176,#4177);
#4176 = CARTESIAN_POINT('',(-1.940376247012,0.11,2.45));
#4177 = VECTOR('',#4178,1.);
#4178 = DIRECTION('',(-0.,-0.,1.));
#4179 = ORIENTED_EDGE('',*,*,#4180,.T.);
#4180 = EDGE_CURVE('',#4173,#3942,#4181,.T.);
#4181 = LINE('',#4182,#4183);
#4182 = CARTESIAN_POINT('',(-1.95,0.,-0.42));
#4183 = VECTOR('',#4184,1.);
#4184 = DIRECTION('',(-8.715574274766E-02,-0.996194698092,0.));
#4185 = ORIENTED_EDGE('',*,*,#3941,.T.);
#4186 = ORIENTED_EDGE('',*,*,#4187,.F.);
#4187 = EDGE_CURVE('',#4188,#3934,#4190,.T.);
#4188 = VERTEX_POINT('',#4189);
#4189 = CARTESIAN_POINT('',(-1.940376247012,0.11,0.425));
#4190 = LINE('',#4191,#4192);
#4191 = CARTESIAN_POINT('',(-1.95,0.,0.425));
#4192 = VECTOR('',#4193,1.);
#4193 = DIRECTION('',(-8.715574274766E-02,-0.996194698092,0.));
#4194 = ORIENTED_EDGE('',*,*,#4195,.T.);
#4195 = EDGE_CURVE('',#4188,#4196,#4198,.T.);
#4196 = VERTEX_POINT('',#4197);
#4197 = CARTESIAN_POINT('',(-1.940376247012,0.11,0.85));
#4198 = LINE('',#4199,#4200);
#4199 = CARTESIAN_POINT('',(-1.940376247012,0.11,2.45));
#4200 = VECTOR('',#4201,1.);
#4201 = DIRECTION('',(-0.,-0.,1.));
#4202 = ORIENTED_EDGE('',*,*,#4203,.T.);
#4203 = EDGE_CURVE('',#4196,#3910,#4204,.T.);
#4204 = LINE('',#4205,#4206);
#4205 = CARTESIAN_POINT('',(-1.95,0.,0.85));
#4206 = VECTOR('',#4207,1.);
#4207 = DIRECTION('',(-8.715574274766E-02,-0.996194698092,0.));
#4208 = ORIENTED_EDGE('',*,*,#3909,.T.);
#4209 = ORIENTED_EDGE('',*,*,#4210,.F.);
#4210 = EDGE_CURVE('',#4211,#3902,#4213,.T.);
#4211 = VERTEX_POINT('',#4212);
#4212 = CARTESIAN_POINT('',(-1.940376247012,0.11,1.695));
#4213 = LINE('',#4214,#4215);
#4214 = CARTESIAN_POINT('',(-1.95,0.,1.695));
#4215 = VECTOR('',#4216,1.);
#4216 = DIRECTION('',(-8.715574274766E-02,-0.996194698092,0.));
#4217 = ORIENTED_EDGE('',*,*,#4218,.T.);
#4218 = EDGE_CURVE('',#4211,#4219,#4221,.T.);
#4219 = VERTEX_POINT('',#4220);
#4220 = CARTESIAN_POINT('',(-1.940376247012,0.11,2.12));
#4221 = LINE('',#4222,#4223);
#4222 = CARTESIAN_POINT('',(-1.940376247012,0.11,2.45));
#4223 = VECTOR('',#4224,1.);
#4224 = DIRECTION('',(-0.,-0.,1.));
#4225 = ORIENTED_EDGE('',*,*,#4226,.T.);
#4226 = EDGE_CURVE('',#4219,#3878,#4227,.T.);
#4227 = LINE('',#4228,#4229);
#4228 = CARTESIAN_POINT('',(-1.95,0.,2.12));
#4229 = VECTOR('',#4230,1.);
#4230 = DIRECTION('',(-8.715574274766E-02,-0.996194698092,0.));
#4231 = ORIENTED_EDGE('',*,*,#3877,.T.);
#4232 = PLANE('',#4233);
#4233 = AXIS2_PLACEMENT_3D('',#4234,#4235,#4236);
#4234 = CARTESIAN_POINT('',(-1.95,0.,2.45));
#4235 = DIRECTION('',(-0.996194698092,8.715574274766E-02,0.));
#4236 = DIRECTION('',(-8.715574274766E-02,-0.996194698092,0.));
#4237 = ADVANCED_FACE('',(#4238),#4254,.T.);
#4238 = FACE_BOUND('',#4239,.T.);
#4239 = EDGE_LOOP('',(#4240,#4246,#4247,#4253));
#4240 = ORIENTED_EDGE('',*,*,#4241,.F.);
#4241 = EDGE_CURVE('',#3870,#3790,#4242,.T.);
#4242 = LINE('',#4243,#4244);
#4243 = CARTESIAN_POINT('',(-1.95,0.,2.45));
#4244 = VECTOR('',#4245,1.);
#4245 = DIRECTION('',(1.,0.,0.));
#4246 = ORIENTED_EDGE('',*,*,#3869,.F.);
#4247 = ORIENTED_EDGE('',*,*,#4248,.T.);
#4248 = EDGE_CURVE('',#3862,#3798,#4249,.T.);
#4249 = LINE('',#4250,#4251);
#4250 = CARTESIAN_POINT('',(-1.95,-0.675,2.39094515212));
#4251 = VECTOR('',#4252,1.);
#4252 = DIRECTION('',(1.,0.,0.));
#4253 = ORIENTED_EDGE('',*,*,#3797,.T.);
#4254 = PLANE('',#4255);
#4255 = AXIS2_PLACEMENT_3D('',#4256,#4257,#4258);
#4256 = CARTESIAN_POINT('',(-1.95,0.,2.45));
#4257 = DIRECTION('',(0.,-8.715574274766E-02,0.996194698092));
#4258 = DIRECTION('',(0.,-0.996194698092,-8.715574274766E-02));
#4259 = ADVANCED_FACE('',(#4260),#4276,.T.);
#4260 = FACE_BOUND('',#4261,.T.);
#4261 = EDGE_LOOP('',(#4262,#4268,#4269,#4275));
#4262 = ORIENTED_EDGE('',*,*,#4263,.F.);
#4263 = EDGE_CURVE('',#3662,#3846,#4264,.T.);
#4264 = LINE('',#4265,#4266);
#4265 = CARTESIAN_POINT('',(-1.95,0.,-2.45));
#4266 = VECTOR('',#4267,1.);
#4267 = DIRECTION('',(-1.,-0.,-0.));
#4268 = ORIENTED_EDGE('',*,*,#3813,.F.);
#4269 = ORIENTED_EDGE('',*,*,#4270,.T.);
#4270 = EDGE_CURVE('',#3806,#3854,#4271,.T.);
#4271 = LINE('',#4272,#4273);
#4272 = CARTESIAN_POINT('',(-1.95,-0.675,-2.39094515212));
#4273 = VECTOR('',#4274,1.);
#4274 = DIRECTION('',(-1.,0.,0.));
#4275 = ORIENTED_EDGE('',*,*,#3853,.T.);
#4276 = PLANE('',#4277);
#4277 = AXIS2_PLACEMENT_3D('',#4278,#4279,#4280);
#4278 = CARTESIAN_POINT('',(-1.95,0.,-2.45));
#4279 = DIRECTION('',(0.,-8.715574274766E-02,-0.996194698092));
#4280 = DIRECTION('',(0.,0.996194698092,-8.715574274766E-02));
#4281 = ADVANCED_FACE('',(#4282),#4288,.T.);
#4282 = FACE_BOUND('',#4283,.T.);
#4283 = EDGE_LOOP('',(#4284,#4285,#4286,#4287));
#4284 = ORIENTED_EDGE('',*,*,#3805,.F.);
#4285 = ORIENTED_EDGE('',*,*,#4248,.F.);
#4286 = ORIENTED_EDGE('',*,*,#3861,.F.);
#4287 = ORIENTED_EDGE('',*,*,#4270,.F.);
#4288 = PLANE('',#4289);
#4289 = AXIS2_PLACEMENT_3D('',#4290,#4291,#4292);
#4290 = CARTESIAN_POINT('',(0.,-0.675,0.));
#4291 = DIRECTION('',(0.,-1.,0.));
#4292 = DIRECTION('',(0.,-0.,-1.));
#4293 = ADVANCED_FACE('',(#4294),#4313,.T.);
#4294 = FACE_BOUND('',#4295,.T.);
#4295 = EDGE_LOOP('',(#4296,#4297,#4305,#4311,#4312));
#4296 = ORIENTED_EDGE('',*,*,#4134,.F.);
#4297 = ORIENTED_EDGE('',*,*,#4298,.T.);
#4298 = EDGE_CURVE('',#4127,#4299,#4301,.T.);
#4299 = VERTEX_POINT('',#4300);
#4300 = CARTESIAN_POINT('',(-1.615929435213,0.675,-2.39094515212));
#4301 = LINE('',#4302,#4303);
#4302 = CARTESIAN_POINT('',(-1.513252819687,0.761155910219,
    -2.38340748668));
#4303 = VECTOR('',#4304,1.);
#4304 = DIRECTION('',(0.764835978589,0.641773587545,5.614791346054E-02)
  );
#4305 = ORIENTED_EDGE('',*,*,#4306,.F.);
#4306 = EDGE_CURVE('',#4005,#4299,#4307,.T.);
#4307 = LINE('',#4308,#4309);
#4308 = CARTESIAN_POINT('',(0.,0.675,-2.39094515212));
#4309 = VECTOR('',#4310,1.);
#4310 = DIRECTION('',(-1.,-0.,-0.));
#4311 = ORIENTED_EDGE('',*,*,#4004,.T.);
#4312 = ORIENTED_EDGE('',*,*,#4263,.T.);
#4313 = PLANE('',#4314);
#4314 = AXIS2_PLACEMENT_3D('',#4315,#4316,#4317);
#4315 = CARTESIAN_POINT('',(-1.95,0.,-2.45));
#4316 = DIRECTION('',(0.,8.715574274766E-02,-0.996194698092));
#4317 = DIRECTION('',(0.,0.996194698092,8.715574274766E-02));
#4318 = ADVANCED_FACE('',(#4319),#4338,.T.);
#4319 = FACE_BOUND('',#4320,.T.);
#4320 = EDGE_LOOP('',(#4321,#4329,#4335,#4336,#4337));
#4321 = ORIENTED_EDGE('',*,*,#4322,.F.);
#4322 = EDGE_CURVE('',#4323,#4013,#4325,.T.);
#4323 = VERTEX_POINT('',#4324);
#4324 = CARTESIAN_POINT('',(-1.615929435213,0.675,2.39094515212));
#4325 = LINE('',#4326,#4327);
#4326 = CARTESIAN_POINT('',(0.,0.675,2.39094515212));
#4327 = VECTOR('',#4328,1.);
#4328 = DIRECTION('',(1.,-0.,-0.));
#4329 = ORIENTED_EDGE('',*,*,#4330,.T.);
#4330 = EDGE_CURVE('',#4323,#4119,#4331,.T.);
#4331 = LINE('',#4332,#4333);
#4332 = CARTESIAN_POINT('',(-1.513252819687,0.761155910219,2.38340748668
    ));
#4333 = VECTOR('',#4334,1.);
#4334 = DIRECTION('',(-0.764835978589,-0.641773587545,5.614791346054E-02
    ));
#4335 = ORIENTED_EDGE('',*,*,#4118,.T.);
#4336 = ORIENTED_EDGE('',*,*,#4241,.T.);
#4337 = ORIENTED_EDGE('',*,*,#4020,.F.);
#4338 = PLANE('',#4339);
#4339 = AXIS2_PLACEMENT_3D('',#4340,#4341,#4342);
#4340 = CARTESIAN_POINT('',(-1.95,0.,2.45));
#4341 = DIRECTION('',(0.,8.715574274766E-02,0.996194698092));
#4342 = DIRECTION('',(0.,-0.996194698092,8.715574274766E-02));
#4343 = ADVANCED_FACE('',(#4344,#4354),#4365,.F.);
#4344 = FACE_BOUND('',#4345,.T.);
#4345 = EDGE_LOOP('',(#4346,#4353));
#4346 = ORIENTED_EDGE('',*,*,#4347,.F.);
#4347 = EDGE_CURVE('',#3620,#3628,#4348,.T.);
#4348 = CIRCLE('',#4349,0.25);
#4349 = AXIS2_PLACEMENT_3D('',#4350,#4351,#4352);
#4350 = CARTESIAN_POINT('',(-1.14094515212,0.675,-1.64094515212));
#4351 = DIRECTION('',(0.,1.,0.));
#4352 = DIRECTION('',(0.,-0.,1.));
#4353 = ORIENTED_EDGE('',*,*,#3627,.F.);
#4354 = FACE_BOUND('',#4355,.T.);
#4355 = EDGE_LOOP('',(#4356,#4357,#4363,#4364));
#4356 = ORIENTED_EDGE('',*,*,#4306,.T.);
#4357 = ORIENTED_EDGE('',*,*,#4358,.T.);
#4358 = EDGE_CURVE('',#4299,#4323,#4359,.T.);
#4359 = LINE('',#4360,#4361);
#4360 = CARTESIAN_POINT('',(-1.615929435213,0.675,0.));
#4361 = VECTOR('',#4362,1.);
#4362 = DIRECTION('',(0.,0.,1.));
#4363 = ORIENTED_EDGE('',*,*,#4322,.T.);
#4364 = ORIENTED_EDGE('',*,*,#4012,.T.);
#4365 = PLANE('',#4366);
#4366 = AXIS2_PLACEMENT_3D('',#4367,#4368,#4369);
#4367 = CARTESIAN_POINT('',(0.,0.675,0.));
#4368 = DIRECTION('',(0.,-1.,0.));
#4369 = DIRECTION('',(0.,-0.,-1.));
#4370 = ADVANCED_FACE('',(#4371),#4407,.F.);
#4371 = FACE_BOUND('',#4372,.F.);
#4372 = EDGE_LOOP('',(#4373,#4383,#4392,#4400));
#4373 = ORIENTED_EDGE('',*,*,#4374,.F.);
#4374 = EDGE_CURVE('',#4375,#4377,#4379,.T.);
#4375 = VERTEX_POINT('',#4376);
#4376 = CARTESIAN_POINT('',(-2.27,-0.11,1.695));
#4377 = VERTEX_POINT('',#4378);
#4378 = CARTESIAN_POINT('',(-2.27,-0.11,2.12));
#4379 = LINE('',#4380,#4381);
#4380 = CARTESIAN_POINT('',(-2.27,-0.11,1.695));
#4381 = VECTOR('',#4382,1.);
#4382 = DIRECTION('',(0.,0.,1.));
#4383 = ORIENTED_EDGE('',*,*,#4384,.F.);
#4384 = EDGE_CURVE('',#4385,#4375,#4387,.T.);
#4385 = VERTEX_POINT('',#4386);
#4386 = CARTESIAN_POINT('',(-2.3,-0.14,1.695));
#4387 = CIRCLE('',#4388,3.E-02);
#4388 = AXIS2_PLACEMENT_3D('',#4389,#4390,#4391);
#4389 = CARTESIAN_POINT('',(-2.27,-0.14,1.695));
#4390 = DIRECTION('',(0.,0.,-1.));
#4391 = DIRECTION('',(1.,0.,0.));
#4392 = ORIENTED_EDGE('',*,*,#4393,.T.);
#4393 = EDGE_CURVE('',#4385,#4394,#4396,.T.);
#4394 = VERTEX_POINT('',#4395);
#4395 = CARTESIAN_POINT('',(-2.3,-0.14,2.12));
#4396 = LINE('',#4397,#4398);
#4397 = CARTESIAN_POINT('',(-2.3,-0.14,1.695));
#4398 = VECTOR('',#4399,1.);
#4399 = DIRECTION('',(0.,0.,1.));
#4400 = ORIENTED_EDGE('',*,*,#4401,.T.);
#4401 = EDGE_CURVE('',#4394,#4377,#4402,.T.);
#4402 = CIRCLE('',#4403,3.E-02);
#4403 = AXIS2_PLACEMENT_3D('',#4404,#4405,#4406);
#4404 = CARTESIAN_POINT('',(-2.27,-0.14,2.12));
#4405 = DIRECTION('',(0.,0.,-1.));
#4406 = DIRECTION('',(1.,0.,0.));
#4407 = CYLINDRICAL_SURFACE('',#4408,3.E-02);
#4408 = AXIS2_PLACEMENT_3D('',#4409,#4410,#4411);
#4409 = CARTESIAN_POINT('',(-2.27,-0.14,1.695));
#4410 = DIRECTION('',(0.,0.,1.));
#4411 = DIRECTION('',(1.,0.,-0.));
#4412 = ADVANCED_FACE('',(#4413),#4438,.T.);
#4413 = FACE_BOUND('',#4414,.T.);
#4414 = EDGE_LOOP('',(#4415,#4423,#4431,#4437));
#4415 = ORIENTED_EDGE('',*,*,#4416,.F.);
#4416 = EDGE_CURVE('',#4417,#4394,#4419,.T.);
#4417 = VERTEX_POINT('',#4418);
#4418 = CARTESIAN_POINT('',(-2.3,-0.575,2.12));
#4419 = LINE('',#4420,#4421);
#4420 = CARTESIAN_POINT('',(-2.3,-0.14,2.12));
#4421 = VECTOR('',#4422,1.);
#4422 = DIRECTION('',(-0.,1.,-0.));
#4423 = ORIENTED_EDGE('',*,*,#4424,.F.);
#4424 = EDGE_CURVE('',#4425,#4417,#4427,.T.);
#4425 = VERTEX_POINT('',#4426);
#4426 = CARTESIAN_POINT('',(-2.3,-0.575,1.695));
#4427 = LINE('',#4428,#4429);
#4428 = CARTESIAN_POINT('',(-2.3,-0.575,1.695));
#4429 = VECTOR('',#4430,1.);
#4430 = DIRECTION('',(0.,0.,1.));
#4431 = ORIENTED_EDGE('',*,*,#4432,.T.);
#4432 = EDGE_CURVE('',#4425,#4385,#4433,.T.);
#4433 = LINE('',#4434,#4435);
#4434 = CARTESIAN_POINT('',(-2.3,-0.14,1.695));
#4435 = VECTOR('',#4436,1.);
#4436 = DIRECTION('',(-0.,1.,-0.));
#4437 = ORIENTED_EDGE('',*,*,#4393,.T.);
#4438 = PLANE('',#4439);
#4439 = AXIS2_PLACEMENT_3D('',#4440,#4441,#4442);
#4440 = CARTESIAN_POINT('',(-2.3,-0.14,1.695));
#4441 = DIRECTION('',(1.,0.,-0.));
#4442 = DIRECTION('',(-0.,0.,-1.));
#4443 = ADVANCED_FACE('',(#4444),#4471,.T.);
#4444 = FACE_BOUND('',#4445,.T.);
#4445 = EDGE_LOOP('',(#4446,#4455,#4463,#4470));
#4446 = ORIENTED_EDGE('',*,*,#4447,.F.);
#4447 = EDGE_CURVE('',#4448,#4417,#4450,.T.);
#4448 = VERTEX_POINT('',#4449);
#4449 = CARTESIAN_POINT('',(-2.55,-0.825,2.12));
#4450 = CIRCLE('',#4451,0.25);
#4451 = AXIS2_PLACEMENT_3D('',#4452,#4453,#4454);
#4452 = CARTESIAN_POINT('',(-2.55,-0.575,2.12));
#4453 = DIRECTION('',(0.,0.,1.));
#4454 = DIRECTION('',(-1.,0.,0.));
#4455 = ORIENTED_EDGE('',*,*,#4456,.F.);
#4456 = EDGE_CURVE('',#4457,#4448,#4459,.T.);
#4457 = VERTEX_POINT('',#4458);
#4458 = CARTESIAN_POINT('',(-2.55,-0.825,1.695));
#4459 = LINE('',#4460,#4461);
#4460 = CARTESIAN_POINT('',(-2.55,-0.825,1.695));
#4461 = VECTOR('',#4462,1.);
#4462 = DIRECTION('',(0.,0.,1.));
#4463 = ORIENTED_EDGE('',*,*,#4464,.T.);
#4464 = EDGE_CURVE('',#4457,#4425,#4465,.T.);
#4465 = CIRCLE('',#4466,0.25);
#4466 = AXIS2_PLACEMENT_3D('',#4467,#4468,#4469);
#4467 = CARTESIAN_POINT('',(-2.55,-0.575,1.695));
#4468 = DIRECTION('',(0.,0.,1.));
#4469 = DIRECTION('',(-1.,0.,0.));
#4470 = ORIENTED_EDGE('',*,*,#4424,.T.);
#4471 = CYLINDRICAL_SURFACE('',#4472,0.25);
#4472 = AXIS2_PLACEMENT_3D('',#4473,#4474,#4475);
#4473 = CARTESIAN_POINT('',(-2.55,-0.575,1.695));
#4474 = DIRECTION('',(0.,0.,1.));
#4475 = DIRECTION('',(1.,0.,-0.));
#4476 = ADVANCED_FACE('',(#4477),#4502,.T.);
#4477 = FACE_BOUND('',#4478,.T.);
#4478 = EDGE_LOOP('',(#4479,#4487,#4495,#4501));
#4479 = ORIENTED_EDGE('',*,*,#4480,.F.);
#4480 = EDGE_CURVE('',#4481,#4448,#4483,.T.);
#4481 = VERTEX_POINT('',#4482);
#4482 = CARTESIAN_POINT('',(-3.,-0.825,2.12));
#4483 = LINE('',#4484,#4485);
#4484 = CARTESIAN_POINT('',(-2.55,-0.825,2.12));
#4485 = VECTOR('',#4486,1.);
#4486 = DIRECTION('',(1.,4.818676322158E-16,-0.));
#4487 = ORIENTED_EDGE('',*,*,#4488,.F.);
#4488 = EDGE_CURVE('',#4489,#4481,#4491,.T.);
#4489 = VERTEX_POINT('',#4490);
#4490 = CARTESIAN_POINT('',(-3.,-0.825,1.695));
#4491 = LINE('',#4492,#4493);
#4492 = CARTESIAN_POINT('',(-3.,-0.825,1.695));
#4493 = VECTOR('',#4494,1.);
#4494 = DIRECTION('',(0.,0.,1.));
#4495 = ORIENTED_EDGE('',*,*,#4496,.T.);
#4496 = EDGE_CURVE('',#4489,#4457,#4497,.T.);
#4497 = LINE('',#4498,#4499);
#4498 = CARTESIAN_POINT('',(-2.55,-0.825,1.695));
#4499 = VECTOR('',#4500,1.);
#4500 = DIRECTION('',(1.,4.818676322158E-16,-0.));
#4501 = ORIENTED_EDGE('',*,*,#4456,.T.);
#4502 = PLANE('',#4503);
#4503 = AXIS2_PLACEMENT_3D('',#4504,#4505,#4506);
#4504 = CARTESIAN_POINT('',(-2.55,-0.825,1.695));
#4505 = DIRECTION('',(4.818676322158E-16,-1.,0.));
#4506 = DIRECTION('',(1.,4.818676322158E-16,0.));
#4507 = ADVANCED_FACE('',(#4508),#4533,.T.);
#4508 = FACE_BOUND('',#4509,.T.);
#4509 = EDGE_LOOP('',(#4510,#4518,#4526,#4532));
#4510 = ORIENTED_EDGE('',*,*,#4511,.F.);
#4511 = EDGE_CURVE('',#4512,#4481,#4514,.T.);
#4512 = VERTEX_POINT('',#4513);
#4513 = CARTESIAN_POINT('',(-3.,-0.605,2.12));
#4514 = LINE('',#4515,#4516);
#4515 = CARTESIAN_POINT('',(-3.,-0.825,2.12));
#4516 = VECTOR('',#4517,1.);
#4517 = DIRECTION('',(-0.,-1.,-0.));
#4518 = ORIENTED_EDGE('',*,*,#4519,.F.);
#4519 = EDGE_CURVE('',#4520,#4512,#4522,.T.);
#4520 = VERTEX_POINT('',#4521);
#4521 = CARTESIAN_POINT('',(-3.,-0.605,1.695));
#4522 = LINE('',#4523,#4524);
#4523 = CARTESIAN_POINT('',(-3.,-0.605,1.695));
#4524 = VECTOR('',#4525,1.);
#4525 = DIRECTION('',(0.,0.,1.));
#4526 = ORIENTED_EDGE('',*,*,#4527,.T.);
#4527 = EDGE_CURVE('',#4520,#4489,#4528,.T.);
#4528 = LINE('',#4529,#4530);
#4529 = CARTESIAN_POINT('',(-3.,-0.825,1.695));
#4530 = VECTOR('',#4531,1.);
#4531 = DIRECTION('',(-0.,-1.,-0.));
#4532 = ORIENTED_EDGE('',*,*,#4488,.T.);
#4533 = PLANE('',#4534);
#4534 = AXIS2_PLACEMENT_3D('',#4535,#4536,#4537);
#4535 = CARTESIAN_POINT('',(-3.,-0.825,1.695));
#4536 = DIRECTION('',(-1.,0.,0.));
#4537 = DIRECTION('',(0.,0.,1.));
#4538 = ADVANCED_FACE('',(#4539),#4564,.T.);
#4539 = FACE_BOUND('',#4540,.T.);
#4540 = EDGE_LOOP('',(#4541,#4549,#4557,#4563));
#4541 = ORIENTED_EDGE('',*,*,#4542,.F.);
#4542 = EDGE_CURVE('',#4543,#4512,#4545,.T.);
#4543 = VERTEX_POINT('',#4544);
#4544 = CARTESIAN_POINT('',(-2.55,-0.605,2.12));
#4545 = LINE('',#4546,#4547);
#4546 = CARTESIAN_POINT('',(-2.55,-0.605,2.12));
#4547 = VECTOR('',#4548,1.);
#4548 = DIRECTION('',(-1.,-2.409338161079E-16,0.));
#4549 = ORIENTED_EDGE('',*,*,#4550,.F.);
#4550 = EDGE_CURVE('',#4551,#4543,#4553,.T.);
#4551 = VERTEX_POINT('',#4552);
#4552 = CARTESIAN_POINT('',(-2.55,-0.605,1.695));
#4553 = LINE('',#4554,#4555);
#4554 = CARTESIAN_POINT('',(-2.55,-0.605,1.695));
#4555 = VECTOR('',#4556,1.);
#4556 = DIRECTION('',(0.,0.,1.));
#4557 = ORIENTED_EDGE('',*,*,#4558,.T.);
#4558 = EDGE_CURVE('',#4551,#4520,#4559,.T.);
#4559 = LINE('',#4560,#4561);
#4560 = CARTESIAN_POINT('',(-2.55,-0.605,1.695));
#4561 = VECTOR('',#4562,1.);
#4562 = DIRECTION('',(-1.,-2.409338161079E-16,0.));
#4563 = ORIENTED_EDGE('',*,*,#4519,.T.);
#4564 = PLANE('',#4565);
#4565 = AXIS2_PLACEMENT_3D('',#4566,#4567,#4568);
#4566 = CARTESIAN_POINT('',(-2.55,-0.605,1.695));
#4567 = DIRECTION('',(-2.409338161079E-16,1.,0.));
#4568 = DIRECTION('',(-1.,-2.409338161079E-16,0.));
#4569 = ADVANCED_FACE('',(#4570),#4597,.F.);
#4570 = FACE_BOUND('',#4571,.F.);
#4571 = EDGE_LOOP('',(#4572,#4573,#4582,#4590));
#4572 = ORIENTED_EDGE('',*,*,#4550,.F.);
#4573 = ORIENTED_EDGE('',*,*,#4574,.F.);
#4574 = EDGE_CURVE('',#4575,#4551,#4577,.T.);
#4575 = VERTEX_POINT('',#4576);
#4576 = CARTESIAN_POINT('',(-2.52,-0.575,1.695));
#4577 = CIRCLE('',#4578,3.E-02);
#4578 = AXIS2_PLACEMENT_3D('',#4579,#4580,#4581);
#4579 = CARTESIAN_POINT('',(-2.55,-0.575,1.695));
#4580 = DIRECTION('',(-0.,0.,-1.));
#4581 = DIRECTION('',(-1.,0.,0.));
#4582 = ORIENTED_EDGE('',*,*,#4583,.T.);
#4583 = EDGE_CURVE('',#4575,#4584,#4586,.T.);
#4584 = VERTEX_POINT('',#4585);
#4585 = CARTESIAN_POINT('',(-2.52,-0.575,2.12));
#4586 = LINE('',#4587,#4588);
#4587 = CARTESIAN_POINT('',(-2.52,-0.575,1.695));
#4588 = VECTOR('',#4589,1.);
#4589 = DIRECTION('',(0.,0.,1.));
#4590 = ORIENTED_EDGE('',*,*,#4591,.T.);
#4591 = EDGE_CURVE('',#4584,#4543,#4592,.T.);
#4592 = CIRCLE('',#4593,3.E-02);
#4593 = AXIS2_PLACEMENT_3D('',#4594,#4595,#4596);
#4594 = CARTESIAN_POINT('',(-2.55,-0.575,2.12));
#4595 = DIRECTION('',(-0.,0.,-1.));
#4596 = DIRECTION('',(-1.,0.,0.));
#4597 = CYLINDRICAL_SURFACE('',#4598,3.E-02);
#4598 = AXIS2_PLACEMENT_3D('',#4599,#4600,#4601);
#4599 = CARTESIAN_POINT('',(-2.55,-0.575,1.695));
#4600 = DIRECTION('',(0.,0.,1.));
#4601 = DIRECTION('',(1.,0.,-0.));
#4602 = ADVANCED_FACE('',(#4603),#4628,.T.);
#4603 = FACE_BOUND('',#4604,.T.);
#4604 = EDGE_LOOP('',(#4605,#4613,#4621,#4627));
#4605 = ORIENTED_EDGE('',*,*,#4606,.F.);
#4606 = EDGE_CURVE('',#4607,#4584,#4609,.T.);
#4607 = VERTEX_POINT('',#4608);
#4608 = CARTESIAN_POINT('',(-2.52,-0.14,2.12));
#4609 = LINE('',#4610,#4611);
#4610 = CARTESIAN_POINT('',(-2.52,-0.14,2.12));
#4611 = VECTOR('',#4612,1.);
#4612 = DIRECTION('',(9.969675149292E-16,-1.,0.));
#4613 = ORIENTED_EDGE('',*,*,#4614,.F.);
#4614 = EDGE_CURVE('',#4615,#4607,#4617,.T.);
#4615 = VERTEX_POINT('',#4616);
#4616 = CARTESIAN_POINT('',(-2.52,-0.14,1.695));
#4617 = LINE('',#4618,#4619);
#4618 = CARTESIAN_POINT('',(-2.52,-0.14,1.695));
#4619 = VECTOR('',#4620,1.);
#4620 = DIRECTION('',(0.,0.,1.));
#4621 = ORIENTED_EDGE('',*,*,#4622,.T.);
#4622 = EDGE_CURVE('',#4615,#4575,#4623,.T.);
#4623 = LINE('',#4624,#4625);
#4624 = CARTESIAN_POINT('',(-2.52,-0.14,1.695));
#4625 = VECTOR('',#4626,1.);
#4626 = DIRECTION('',(9.969675149292E-16,-1.,0.));
#4627 = ORIENTED_EDGE('',*,*,#4583,.T.);
#4628 = PLANE('',#4629);
#4629 = AXIS2_PLACEMENT_3D('',#4630,#4631,#4632);
#4630 = CARTESIAN_POINT('',(-2.52,-0.14,1.695));
#4631 = DIRECTION('',(-1.,-9.969675149292E-16,0.));
#4632 = DIRECTION('',(9.969675149292E-16,-1.,0.));
#4633 = ADVANCED_FACE('',(#4634),#4661,.T.);
#4634 = FACE_BOUND('',#4635,.T.);
#4635 = EDGE_LOOP('',(#4636,#4645,#4653,#4660));
#4636 = ORIENTED_EDGE('',*,*,#4637,.F.);
#4637 = EDGE_CURVE('',#4638,#4607,#4640,.T.);
#4638 = VERTEX_POINT('',#4639);
#4639 = CARTESIAN_POINT('',(-2.27,0.11,2.12));
#4640 = CIRCLE('',#4641,0.25);
#4641 = AXIS2_PLACEMENT_3D('',#4642,#4643,#4644);
#4642 = CARTESIAN_POINT('',(-2.27,-0.14,2.12));
#4643 = DIRECTION('',(0.,0.,1.));
#4644 = DIRECTION('',(1.,0.,-0.));
#4645 = ORIENTED_EDGE('',*,*,#4646,.F.);
#4646 = EDGE_CURVE('',#4647,#4638,#4649,.T.);
#4647 = VERTEX_POINT('',#4648);
#4648 = CARTESIAN_POINT('',(-2.27,0.11,1.695));
#4649 = LINE('',#4650,#4651);
#4650 = CARTESIAN_POINT('',(-2.27,0.11,1.695));
#4651 = VECTOR('',#4652,1.);
#4652 = DIRECTION('',(0.,0.,1.));
#4653 = ORIENTED_EDGE('',*,*,#4654,.T.);
#4654 = EDGE_CURVE('',#4647,#4615,#4655,.T.);
#4655 = CIRCLE('',#4656,0.25);
#4656 = AXIS2_PLACEMENT_3D('',#4657,#4658,#4659);
#4657 = CARTESIAN_POINT('',(-2.27,-0.14,1.695));
#4658 = DIRECTION('',(0.,0.,1.));
#4659 = DIRECTION('',(1.,0.,-0.));
#4660 = ORIENTED_EDGE('',*,*,#4614,.T.);
#4661 = CYLINDRICAL_SURFACE('',#4662,0.25);
#4662 = AXIS2_PLACEMENT_3D('',#4663,#4664,#4665);
#4663 = CARTESIAN_POINT('',(-2.27,-0.14,1.695));
#4664 = DIRECTION('',(0.,0.,1.));
#4665 = DIRECTION('',(1.,0.,-0.));
#4666 = ADVANCED_FACE('',(#4667),#4692,.T.);
#4667 = FACE_BOUND('',#4668,.T.);
#4668 = EDGE_LOOP('',(#4669,#4675,#4676,#4677,#4683,#4684,#4685,#4686,
    #4687,#4688,#4689,#4690,#4691));
#4669 = ORIENTED_EDGE('',*,*,#4670,.T.);
#4670 = EDGE_CURVE('',#4377,#3886,#4671,.T.);
#4671 = LINE('',#4672,#4673);
#4672 = CARTESIAN_POINT('',(-4.24337722231E-16,-0.11,2.12));
#4673 = VECTOR('',#4674,1.);
#4674 = DIRECTION('',(1.,0.,0.));
#4675 = ORIENTED_EDGE('',*,*,#3885,.T.);
#4676 = ORIENTED_EDGE('',*,*,#4226,.F.);
#4677 = ORIENTED_EDGE('',*,*,#4678,.T.);
#4678 = EDGE_CURVE('',#4219,#4638,#4679,.T.);
#4679 = LINE('',#4680,#4681);
#4680 = CARTESIAN_POINT('',(1.058422799427E-17,0.11,2.12));
#4681 = VECTOR('',#4682,1.);
#4682 = DIRECTION('',(-1.,3.76127405653E-16,0.));
#4683 = ORIENTED_EDGE('',*,*,#4637,.T.);
#4684 = ORIENTED_EDGE('',*,*,#4606,.T.);
#4685 = ORIENTED_EDGE('',*,*,#4591,.T.);
#4686 = ORIENTED_EDGE('',*,*,#4542,.T.);
#4687 = ORIENTED_EDGE('',*,*,#4511,.T.);
#4688 = ORIENTED_EDGE('',*,*,#4480,.T.);
#4689 = ORIENTED_EDGE('',*,*,#4447,.T.);
#4690 = ORIENTED_EDGE('',*,*,#4416,.T.);
#4691 = ORIENTED_EDGE('',*,*,#4401,.T.);
#4692 = PLANE('',#4693);
#4693 = AXIS2_PLACEMENT_3D('',#4694,#4695,#4696);
#4694 = CARTESIAN_POINT('',(2.55,-0.575,2.12));
#4695 = DIRECTION('',(0.,0.,1.));
#4696 = DIRECTION('',(1.,0.,-0.));
#4697 = ADVANCED_FACE('',(#4698),#4723,.F.);
#4698 = FACE_BOUND('',#4699,.T.);
#4699 = EDGE_LOOP('',(#4700,#4701,#4707,#4708,#4709,#4710,#4711,#4712,
    #4713,#4714,#4715,#4716,#4722));
#4700 = ORIENTED_EDGE('',*,*,#3901,.F.);
#4701 = ORIENTED_EDGE('',*,*,#4702,.F.);
#4702 = EDGE_CURVE('',#4375,#3894,#4703,.T.);
#4703 = LINE('',#4704,#4705);
#4704 = CARTESIAN_POINT('',(-4.24337722231E-16,-0.11,1.695));
#4705 = VECTOR('',#4706,1.);
#4706 = DIRECTION('',(1.,-3.820976819332E-16,-0.));
#4707 = ORIENTED_EDGE('',*,*,#4384,.F.);
#4708 = ORIENTED_EDGE('',*,*,#4432,.F.);
#4709 = ORIENTED_EDGE('',*,*,#4464,.F.);
#4710 = ORIENTED_EDGE('',*,*,#4496,.F.);
#4711 = ORIENTED_EDGE('',*,*,#4527,.F.);
#4712 = ORIENTED_EDGE('',*,*,#4558,.F.);
#4713 = ORIENTED_EDGE('',*,*,#4574,.F.);
#4714 = ORIENTED_EDGE('',*,*,#4622,.F.);
#4715 = ORIENTED_EDGE('',*,*,#4654,.F.);
#4716 = ORIENTED_EDGE('',*,*,#4717,.F.);
#4717 = EDGE_CURVE('',#4211,#4647,#4718,.T.);
#4718 = LINE('',#4719,#4720);
#4719 = CARTESIAN_POINT('',(1.058422799427E-17,0.11,1.695));
#4720 = VECTOR('',#4721,1.);
#4721 = DIRECTION('',(-1.,5.970276280207E-18,-0.));
#4722 = ORIENTED_EDGE('',*,*,#4210,.T.);
#4723 = PLANE('',#4724);
#4724 = AXIS2_PLACEMENT_3D('',#4725,#4726,#4727);
#4725 = CARTESIAN_POINT('',(2.55,-0.575,1.695));
#4726 = DIRECTION('',(0.,0.,1.));
#4727 = DIRECTION('',(1.,0.,-0.));
#4728 = ADVANCED_FACE('',(#4729),#4735,.T.);
#4729 = FACE_BOUND('',#4730,.T.);
#4730 = EDGE_LOOP('',(#4731,#4732,#4733,#4734));
#4731 = ORIENTED_EDGE('',*,*,#4218,.F.);
#4732 = ORIENTED_EDGE('',*,*,#4717,.T.);
#4733 = ORIENTED_EDGE('',*,*,#4646,.T.);
#4734 = ORIENTED_EDGE('',*,*,#4678,.F.);
#4735 = PLANE('',#4736);
#4736 = AXIS2_PLACEMENT_3D('',#4737,#4738,#4739);
#4737 = CARTESIAN_POINT('',(1.058422799427E-17,0.11,1.695));
#4738 = DIRECTION('',(3.76127405653E-16,1.,-0.));
#4739 = DIRECTION('',(-1.,3.76127405653E-16,0.));
#4740 = ADVANCED_FACE('',(#4741),#4747,.T.);
#4741 = FACE_BOUND('',#4742,.T.);
#4742 = EDGE_LOOP('',(#4743,#4744,#4745,#4746));
#4743 = ORIENTED_EDGE('',*,*,#4702,.T.);
#4744 = ORIENTED_EDGE('',*,*,#3893,.T.);
#4745 = ORIENTED_EDGE('',*,*,#4670,.F.);
#4746 = ORIENTED_EDGE('',*,*,#4374,.F.);
#4747 = PLANE('',#4748);
#4748 = AXIS2_PLACEMENT_3D('',#4749,#4750,#4751);
#4749 = CARTESIAN_POINT('',(-4.24337722231E-16,-0.11,1.695));
#4750 = DIRECTION('',(0.,-1.,0.));
#4751 = DIRECTION('',(0.,-0.,-1.));
#4752 = ADVANCED_FACE('',(#4753),#4778,.T.);
#4753 = FACE_BOUND('',#4754,.T.);
#4754 = EDGE_LOOP('',(#4755,#4763,#4764,#4772));
#4755 = ORIENTED_EDGE('',*,*,#4756,.F.);
#4756 = EDGE_CURVE('',#3774,#4757,#4759,.T.);
#4757 = VERTEX_POINT('',#4758);
#4758 = CARTESIAN_POINT('',(2.27,-0.11,2.12));
#4759 = LINE('',#4760,#4761);
#4760 = CARTESIAN_POINT('',(-4.24337722231E-16,-0.11,2.12));
#4761 = VECTOR('',#4762,1.);
#4762 = DIRECTION('',(1.,0.,0.));
#4763 = ORIENTED_EDGE('',*,*,#3773,.T.);
#4764 = ORIENTED_EDGE('',*,*,#4765,.T.);
#4765 = EDGE_CURVE('',#3766,#4766,#4768,.T.);
#4766 = VERTEX_POINT('',#4767);
#4767 = CARTESIAN_POINT('',(2.27,-0.11,1.695));
#4768 = LINE('',#4769,#4770);
#4769 = CARTESIAN_POINT('',(-4.24337722231E-16,-0.11,1.695));
#4770 = VECTOR('',#4771,1.);
#4771 = DIRECTION('',(1.,-3.820976819332E-16,-0.));
#4772 = ORIENTED_EDGE('',*,*,#4773,.T.);
#4773 = EDGE_CURVE('',#4766,#4757,#4774,.T.);
#4774 = LINE('',#4775,#4776);
#4775 = CARTESIAN_POINT('',(2.27,-0.11,1.695));
#4776 = VECTOR('',#4777,1.);
#4777 = DIRECTION('',(0.,0.,1.));
#4778 = PLANE('',#4779);
#4779 = AXIS2_PLACEMENT_3D('',#4780,#4781,#4782);
#4780 = CARTESIAN_POINT('',(-4.24337722231E-16,-0.11,1.695));
#4781 = DIRECTION('',(0.,-1.,0.));
#4782 = DIRECTION('',(0.,-0.,-1.));
#4783 = ADVANCED_FACE('',(#4784),#4809,.T.);
#4784 = FACE_BOUND('',#4785,.T.);
#4785 = EDGE_LOOP('',(#4786,#4787,#4795,#4803));
#4786 = ORIENTED_EDGE('',*,*,#4035,.F.);
#4787 = ORIENTED_EDGE('',*,*,#4788,.F.);
#4788 = EDGE_CURVE('',#4789,#4028,#4791,.T.);
#4789 = VERTEX_POINT('',#4790);
#4790 = CARTESIAN_POINT('',(2.27,0.11,2.12));
#4791 = LINE('',#4792,#4793);
#4792 = CARTESIAN_POINT('',(1.058422799427E-17,0.11,2.12));
#4793 = VECTOR('',#4794,1.);
#4794 = DIRECTION('',(-1.,3.76127405653E-16,0.));
#4795 = ORIENTED_EDGE('',*,*,#4796,.F.);
#4796 = EDGE_CURVE('',#4797,#4789,#4799,.T.);
#4797 = VERTEX_POINT('',#4798);
#4798 = CARTESIAN_POINT('',(2.27,0.11,1.695));
#4799 = LINE('',#4800,#4801);
#4800 = CARTESIAN_POINT('',(2.27,0.11,1.695));
#4801 = VECTOR('',#4802,1.);
#4802 = DIRECTION('',(0.,0.,1.));
#4803 = ORIENTED_EDGE('',*,*,#4804,.T.);
#4804 = EDGE_CURVE('',#4797,#4036,#4805,.T.);
#4805 = LINE('',#4806,#4807);
#4806 = CARTESIAN_POINT('',(1.058422799427E-17,0.11,1.695));
#4807 = VECTOR('',#4808,1.);
#4808 = DIRECTION('',(-1.,5.970276280207E-18,-0.));
#4809 = PLANE('',#4810);
#4810 = AXIS2_PLACEMENT_3D('',#4811,#4812,#4813);
#4811 = CARTESIAN_POINT('',(1.058422799427E-17,0.11,1.695));
#4812 = DIRECTION('',(3.76127405653E-16,1.,-0.));
#4813 = DIRECTION('',(-1.,3.76127405653E-16,0.));
#4814 = ADVANCED_FACE('',(#4815),#4895,.F.);
#4815 = FACE_BOUND('',#4816,.T.);
#4816 = EDGE_LOOP('',(#4817,#4818,#4819,#4820,#4829,#4837,#4846,#4854,
    #4862,#4870,#4879,#4887,#4894));
#4817 = ORIENTED_EDGE('',*,*,#3765,.F.);
#4818 = ORIENTED_EDGE('',*,*,#4043,.T.);
#4819 = ORIENTED_EDGE('',*,*,#4804,.F.);
#4820 = ORIENTED_EDGE('',*,*,#4821,.F.);
#4821 = EDGE_CURVE('',#4822,#4797,#4824,.T.);
#4822 = VERTEX_POINT('',#4823);
#4823 = CARTESIAN_POINT('',(2.52,-0.14,1.695));
#4824 = CIRCLE('',#4825,0.25);
#4825 = AXIS2_PLACEMENT_3D('',#4826,#4827,#4828);
#4826 = CARTESIAN_POINT('',(2.27,-0.14,1.695));
#4827 = DIRECTION('',(0.,0.,1.));
#4828 = DIRECTION('',(-1.,0.,0.));
#4829 = ORIENTED_EDGE('',*,*,#4830,.F.);
#4830 = EDGE_CURVE('',#4831,#4822,#4833,.T.);
#4831 = VERTEX_POINT('',#4832);
#4832 = CARTESIAN_POINT('',(2.52,-0.575,1.695));
#4833 = LINE('',#4834,#4835);
#4834 = CARTESIAN_POINT('',(2.52,-0.14,1.695));
#4835 = VECTOR('',#4836,1.);
#4836 = DIRECTION('',(9.969675149292E-16,1.,-0.));
#4837 = ORIENTED_EDGE('',*,*,#4838,.F.);
#4838 = EDGE_CURVE('',#4839,#4831,#4841,.T.);
#4839 = VERTEX_POINT('',#4840);
#4840 = CARTESIAN_POINT('',(2.55,-0.605,1.695));
#4841 = CIRCLE('',#4842,3.E-02);
#4842 = AXIS2_PLACEMENT_3D('',#4843,#4844,#4845);
#4843 = CARTESIAN_POINT('',(2.55,-0.575,1.695));
#4844 = DIRECTION('',(0.,0.,-1.));
#4845 = DIRECTION('',(1.,0.,0.));
#4846 = ORIENTED_EDGE('',*,*,#4847,.F.);
#4847 = EDGE_CURVE('',#4848,#4839,#4850,.T.);
#4848 = VERTEX_POINT('',#4849);
#4849 = CARTESIAN_POINT('',(3.,-0.605,1.695));
#4850 = LINE('',#4851,#4852);
#4851 = CARTESIAN_POINT('',(2.55,-0.605,1.695));
#4852 = VECTOR('',#4853,1.);
#4853 = DIRECTION('',(-1.,2.409338161079E-16,-0.));
#4854 = ORIENTED_EDGE('',*,*,#4855,.F.);
#4855 = EDGE_CURVE('',#4856,#4848,#4858,.T.);
#4856 = VERTEX_POINT('',#4857);
#4857 = CARTESIAN_POINT('',(3.,-0.825,1.695));
#4858 = LINE('',#4859,#4860);
#4859 = CARTESIAN_POINT('',(3.,-0.825,1.695));
#4860 = VECTOR('',#4861,1.);
#4861 = DIRECTION('',(0.,1.,0.));
#4862 = ORIENTED_EDGE('',*,*,#4863,.F.);
#4863 = EDGE_CURVE('',#4864,#4856,#4866,.T.);
#4864 = VERTEX_POINT('',#4865);
#4865 = CARTESIAN_POINT('',(2.55,-0.825,1.695));
#4866 = LINE('',#4867,#4868);
#4867 = CARTESIAN_POINT('',(2.55,-0.825,1.695));
#4868 = VECTOR('',#4869,1.);
#4869 = DIRECTION('',(1.,-4.818676322158E-16,0.));
#4870 = ORIENTED_EDGE('',*,*,#4871,.F.);
#4871 = EDGE_CURVE('',#4872,#4864,#4874,.T.);
#4872 = VERTEX_POINT('',#4873);
#4873 = CARTESIAN_POINT('',(2.3,-0.575,1.695));
#4874 = CIRCLE('',#4875,0.25);
#4875 = AXIS2_PLACEMENT_3D('',#4876,#4877,#4878);
#4876 = CARTESIAN_POINT('',(2.55,-0.575,1.695));
#4877 = DIRECTION('',(0.,0.,1.));
#4878 = DIRECTION('',(1.,0.,-0.));
#4879 = ORIENTED_EDGE('',*,*,#4880,.F.);
#4880 = EDGE_CURVE('',#4881,#4872,#4883,.T.);
#4881 = VERTEX_POINT('',#4882);
#4882 = CARTESIAN_POINT('',(2.3,-0.14,1.695));
#4883 = LINE('',#4884,#4885);
#4884 = CARTESIAN_POINT('',(2.3,-0.14,1.695));
#4885 = VECTOR('',#4886,1.);
#4886 = DIRECTION('',(0.,-1.,0.));
#4887 = ORIENTED_EDGE('',*,*,#4888,.F.);
#4888 = EDGE_CURVE('',#4766,#4881,#4889,.T.);
#4889 = CIRCLE('',#4890,3.E-02);
#4890 = AXIS2_PLACEMENT_3D('',#4891,#4892,#4893);
#4891 = CARTESIAN_POINT('',(2.27,-0.14,1.695));
#4892 = DIRECTION('',(-0.,0.,-1.));
#4893 = DIRECTION('',(-1.,0.,0.));
#4894 = ORIENTED_EDGE('',*,*,#4765,.F.);
#4895 = PLANE('',#4896);
#4896 = AXIS2_PLACEMENT_3D('',#4897,#4898,#4899);
#4897 = CARTESIAN_POINT('',(2.55,-0.575,1.695));
#4898 = DIRECTION('',(0.,0.,1.));
#4899 = DIRECTION('',(1.,0.,-0.));
#4900 = ADVANCED_FACE('',(#4901),#4981,.T.);
#4901 = FACE_BOUND('',#4902,.T.);
#4902 = EDGE_LOOP('',(#4903,#4904,#4905,#4906,#4915,#4923,#4932,#4940,
    #4948,#4956,#4965,#4973,#4980));
#4903 = ORIENTED_EDGE('',*,*,#4027,.F.);
#4904 = ORIENTED_EDGE('',*,*,#3781,.T.);
#4905 = ORIENTED_EDGE('',*,*,#4756,.T.);
#4906 = ORIENTED_EDGE('',*,*,#4907,.T.);
#4907 = EDGE_CURVE('',#4757,#4908,#4910,.T.);
#4908 = VERTEX_POINT('',#4909);
#4909 = CARTESIAN_POINT('',(2.3,-0.14,2.12));
#4910 = CIRCLE('',#4911,3.E-02);
#4911 = AXIS2_PLACEMENT_3D('',#4912,#4913,#4914);
#4912 = CARTESIAN_POINT('',(2.27,-0.14,2.12));
#4913 = DIRECTION('',(-0.,0.,-1.));
#4914 = DIRECTION('',(-1.,0.,0.));
#4915 = ORIENTED_EDGE('',*,*,#4916,.T.);
#4916 = EDGE_CURVE('',#4908,#4917,#4919,.T.);
#4917 = VERTEX_POINT('',#4918);
#4918 = CARTESIAN_POINT('',(2.3,-0.575,2.12));
#4919 = LINE('',#4920,#4921);
#4920 = CARTESIAN_POINT('',(2.3,-0.14,2.12));
#4921 = VECTOR('',#4922,1.);
#4922 = DIRECTION('',(0.,-1.,0.));
#4923 = ORIENTED_EDGE('',*,*,#4924,.T.);
#4924 = EDGE_CURVE('',#4917,#4925,#4927,.T.);
#4925 = VERTEX_POINT('',#4926);
#4926 = CARTESIAN_POINT('',(2.55,-0.825,2.12));
#4927 = CIRCLE('',#4928,0.25);
#4928 = AXIS2_PLACEMENT_3D('',#4929,#4930,#4931);
#4929 = CARTESIAN_POINT('',(2.55,-0.575,2.12));
#4930 = DIRECTION('',(0.,0.,1.));
#4931 = DIRECTION('',(1.,0.,-0.));
#4932 = ORIENTED_EDGE('',*,*,#4933,.T.);
#4933 = EDGE_CURVE('',#4925,#4934,#4936,.T.);
#4934 = VERTEX_POINT('',#4935);
#4935 = CARTESIAN_POINT('',(3.,-0.825,2.12));
#4936 = LINE('',#4937,#4938);
#4937 = CARTESIAN_POINT('',(2.55,-0.825,2.12));
#4938 = VECTOR('',#4939,1.);
#4939 = DIRECTION('',(1.,-4.818676322158E-16,0.));
#4940 = ORIENTED_EDGE('',*,*,#4941,.T.);
#4941 = EDGE_CURVE('',#4934,#4942,#4944,.T.);
#4942 = VERTEX_POINT('',#4943);
#4943 = CARTESIAN_POINT('',(3.,-0.605,2.12));
#4944 = LINE('',#4945,#4946);
#4945 = CARTESIAN_POINT('',(3.,-0.825,2.12));
#4946 = VECTOR('',#4947,1.);
#4947 = DIRECTION('',(0.,1.,0.));
#4948 = ORIENTED_EDGE('',*,*,#4949,.T.);
#4949 = EDGE_CURVE('',#4942,#4950,#4952,.T.);
#4950 = VERTEX_POINT('',#4951);
#4951 = CARTESIAN_POINT('',(2.55,-0.605,2.12));
#4952 = LINE('',#4953,#4954);
#4953 = CARTESIAN_POINT('',(2.55,-0.605,2.12));
#4954 = VECTOR('',#4955,1.);
#4955 = DIRECTION('',(-1.,2.409338161079E-16,-0.));
#4956 = ORIENTED_EDGE('',*,*,#4957,.T.);
#4957 = EDGE_CURVE('',#4950,#4958,#4960,.T.);
#4958 = VERTEX_POINT('',#4959);
#4959 = CARTESIAN_POINT('',(2.52,-0.575,2.12));
#4960 = CIRCLE('',#4961,3.E-02);
#4961 = AXIS2_PLACEMENT_3D('',#4962,#4963,#4964);
#4962 = CARTESIAN_POINT('',(2.55,-0.575,2.12));
#4963 = DIRECTION('',(0.,0.,-1.));
#4964 = DIRECTION('',(1.,0.,0.));
#4965 = ORIENTED_EDGE('',*,*,#4966,.T.);
#4966 = EDGE_CURVE('',#4958,#4967,#4969,.T.);
#4967 = VERTEX_POINT('',#4968);
#4968 = CARTESIAN_POINT('',(2.52,-0.14,2.12));
#4969 = LINE('',#4970,#4971);
#4970 = CARTESIAN_POINT('',(2.52,-0.14,2.12));
#4971 = VECTOR('',#4972,1.);
#4972 = DIRECTION('',(9.969675149292E-16,1.,-0.));
#4973 = ORIENTED_EDGE('',*,*,#4974,.T.);
#4974 = EDGE_CURVE('',#4967,#4789,#4975,.T.);
#4975 = CIRCLE('',#4976,0.25);
#4976 = AXIS2_PLACEMENT_3D('',#4977,#4978,#4979);
#4977 = CARTESIAN_POINT('',(2.27,-0.14,2.12));
#4978 = DIRECTION('',(0.,0.,1.));
#4979 = DIRECTION('',(-1.,0.,0.));
#4980 = ORIENTED_EDGE('',*,*,#4788,.T.);
#4981 = PLANE('',#4982);
#4982 = AXIS2_PLACEMENT_3D('',#4983,#4984,#4985);
#4983 = CARTESIAN_POINT('',(2.55,-0.575,2.12));
#4984 = DIRECTION('',(0.,0.,1.));
#4985 = DIRECTION('',(1.,0.,-0.));
#4986 = ADVANCED_FACE('',(#4987),#5003,.T.);
#4987 = FACE_BOUND('',#4988,.T.);
#4988 = EDGE_LOOP('',(#4989,#4990,#4996,#4997));
#4989 = ORIENTED_EDGE('',*,*,#4941,.F.);
#4990 = ORIENTED_EDGE('',*,*,#4991,.F.);
#4991 = EDGE_CURVE('',#4856,#4934,#4992,.T.);
#4992 = LINE('',#4993,#4994);
#4993 = CARTESIAN_POINT('',(3.,-0.825,1.695));
#4994 = VECTOR('',#4995,1.);
#4995 = DIRECTION('',(0.,0.,1.));
#4996 = ORIENTED_EDGE('',*,*,#4855,.T.);
#4997 = ORIENTED_EDGE('',*,*,#4998,.T.);
#4998 = EDGE_CURVE('',#4848,#4942,#4999,.T.);
#4999 = LINE('',#5000,#5001);
#5000 = CARTESIAN_POINT('',(3.,-0.605,1.695));
#5001 = VECTOR('',#5002,1.);
#5002 = DIRECTION('',(0.,0.,1.));
#5003 = PLANE('',#5004);
#5004 = AXIS2_PLACEMENT_3D('',#5005,#5006,#5007);
#5005 = CARTESIAN_POINT('',(3.,-0.825,1.695));
#5006 = DIRECTION('',(1.,0.,0.));
#5007 = DIRECTION('',(0.,0.,-1.));
#5008 = ADVANCED_FACE('',(#5009),#5020,.T.);
#5009 = FACE_BOUND('',#5010,.T.);
#5010 = EDGE_LOOP('',(#5011,#5012,#5018,#5019));
#5011 = ORIENTED_EDGE('',*,*,#4933,.F.);
#5012 = ORIENTED_EDGE('',*,*,#5013,.F.);
#5013 = EDGE_CURVE('',#4864,#4925,#5014,.T.);
#5014 = LINE('',#5015,#5016);
#5015 = CARTESIAN_POINT('',(2.55,-0.825,1.695));
#5016 = VECTOR('',#5017,1.);
#5017 = DIRECTION('',(0.,0.,1.));
#5018 = ORIENTED_EDGE('',*,*,#4863,.T.);
#5019 = ORIENTED_EDGE('',*,*,#4991,.T.);
#5020 = PLANE('',#5021);
#5021 = AXIS2_PLACEMENT_3D('',#5022,#5023,#5024);
#5022 = CARTESIAN_POINT('',(2.55,-0.825,1.695));
#5023 = DIRECTION('',(-4.818676322158E-16,-1.,0.));
#5024 = DIRECTION('',(1.,-4.818676322158E-16,0.));
#5025 = ADVANCED_FACE('',(#5026),#5037,.T.);
#5026 = FACE_BOUND('',#5027,.T.);
#5027 = EDGE_LOOP('',(#5028,#5029,#5035,#5036));
#5028 = ORIENTED_EDGE('',*,*,#4924,.F.);
#5029 = ORIENTED_EDGE('',*,*,#5030,.F.);
#5030 = EDGE_CURVE('',#4872,#4917,#5031,.T.);
#5031 = LINE('',#5032,#5033);
#5032 = CARTESIAN_POINT('',(2.3,-0.575,1.695));
#5033 = VECTOR('',#5034,1.);
#5034 = DIRECTION('',(0.,0.,1.));
#5035 = ORIENTED_EDGE('',*,*,#4871,.T.);
#5036 = ORIENTED_EDGE('',*,*,#5013,.T.);
#5037 = CYLINDRICAL_SURFACE('',#5038,0.25);
#5038 = AXIS2_PLACEMENT_3D('',#5039,#5040,#5041);
#5039 = CARTESIAN_POINT('',(2.55,-0.575,1.695));
#5040 = DIRECTION('',(0.,0.,1.));
#5041 = DIRECTION('',(1.,0.,-0.));
#5042 = ADVANCED_FACE('',(#5043),#5054,.T.);
#5043 = FACE_BOUND('',#5044,.T.);
#5044 = EDGE_LOOP('',(#5045,#5046,#5052,#5053));
#5045 = ORIENTED_EDGE('',*,*,#4916,.F.);
#5046 = ORIENTED_EDGE('',*,*,#5047,.F.);
#5047 = EDGE_CURVE('',#4881,#4908,#5048,.T.);
#5048 = LINE('',#5049,#5050);
#5049 = CARTESIAN_POINT('',(2.3,-0.14,1.695));
#5050 = VECTOR('',#5051,1.);
#5051 = DIRECTION('',(0.,0.,1.));
#5052 = ORIENTED_EDGE('',*,*,#4880,.T.);
#5053 = ORIENTED_EDGE('',*,*,#5030,.T.);
#5054 = PLANE('',#5055);
#5055 = AXIS2_PLACEMENT_3D('',#5056,#5057,#5058);
#5056 = CARTESIAN_POINT('',(2.3,-0.14,1.695));
#5057 = DIRECTION('',(-1.,0.,0.));
#5058 = DIRECTION('',(0.,0.,1.));
#5059 = ADVANCED_FACE('',(#5060),#5066,.F.);
#5060 = FACE_BOUND('',#5061,.F.);
#5061 = EDGE_LOOP('',(#5062,#5063,#5064,#5065));
#5062 = ORIENTED_EDGE('',*,*,#5047,.F.);
#5063 = ORIENTED_EDGE('',*,*,#4888,.F.);
#5064 = ORIENTED_EDGE('',*,*,#4773,.T.);
#5065 = ORIENTED_EDGE('',*,*,#4907,.T.);
#5066 = CYLINDRICAL_SURFACE('',#5067,3.E-02);
#5067 = AXIS2_PLACEMENT_3D('',#5068,#5069,#5070);
#5068 = CARTESIAN_POINT('',(2.27,-0.14,1.695));
#5069 = DIRECTION('',(0.,0.,1.));
#5070 = DIRECTION('',(1.,0.,-0.));
#5071 = ADVANCED_FACE('',(#5072),#5083,.T.);
#5072 = FACE_BOUND('',#5073,.T.);
#5073 = EDGE_LOOP('',(#5074,#5075,#5081,#5082));
#5074 = ORIENTED_EDGE('',*,*,#4974,.F.);
#5075 = ORIENTED_EDGE('',*,*,#5076,.F.);
#5076 = EDGE_CURVE('',#4822,#4967,#5077,.T.);
#5077 = LINE('',#5078,#5079);
#5078 = CARTESIAN_POINT('',(2.52,-0.14,1.695));
#5079 = VECTOR('',#5080,1.);
#5080 = DIRECTION('',(0.,0.,1.));
#5081 = ORIENTED_EDGE('',*,*,#4821,.T.);
#5082 = ORIENTED_EDGE('',*,*,#4796,.T.);
#5083 = CYLINDRICAL_SURFACE('',#5084,0.25);
#5084 = AXIS2_PLACEMENT_3D('',#5085,#5086,#5087);
#5085 = CARTESIAN_POINT('',(2.27,-0.14,1.695));
#5086 = DIRECTION('',(0.,0.,1.));
#5087 = DIRECTION('',(1.,0.,-0.));
#5088 = ADVANCED_FACE('',(#5089),#5100,.T.);
#5089 = FACE_BOUND('',#5090,.T.);
#5090 = EDGE_LOOP('',(#5091,#5092,#5098,#5099));
#5091 = ORIENTED_EDGE('',*,*,#4966,.F.);
#5092 = ORIENTED_EDGE('',*,*,#5093,.F.);
#5093 = EDGE_CURVE('',#4831,#4958,#5094,.T.);
#5094 = LINE('',#5095,#5096);
#5095 = CARTESIAN_POINT('',(2.52,-0.575,1.695));
#5096 = VECTOR('',#5097,1.);
#5097 = DIRECTION('',(0.,0.,1.));
#5098 = ORIENTED_EDGE('',*,*,#4830,.T.);
#5099 = ORIENTED_EDGE('',*,*,#5076,.T.);
#5100 = PLANE('',#5101);
#5101 = AXIS2_PLACEMENT_3D('',#5102,#5103,#5104);
#5102 = CARTESIAN_POINT('',(2.52,-0.14,1.695));
#5103 = DIRECTION('',(1.,-9.969675149292E-16,0.));
#5104 = DIRECTION('',(9.969675149292E-16,1.,0.));
#5105 = ADVANCED_FACE('',(#5106),#5117,.F.);
#5106 = FACE_BOUND('',#5107,.F.);
#5107 = EDGE_LOOP('',(#5108,#5109,#5110,#5116));
#5108 = ORIENTED_EDGE('',*,*,#5093,.F.);
#5109 = ORIENTED_EDGE('',*,*,#4838,.F.);
#5110 = ORIENTED_EDGE('',*,*,#5111,.T.);
#5111 = EDGE_CURVE('',#4839,#4950,#5112,.T.);
#5112 = LINE('',#5113,#5114);
#5113 = CARTESIAN_POINT('',(2.55,-0.605,1.695));
#5114 = VECTOR('',#5115,1.);
#5115 = DIRECTION('',(0.,0.,1.));
#5116 = ORIENTED_EDGE('',*,*,#4957,.T.);
#5117 = CYLINDRICAL_SURFACE('',#5118,3.E-02);
#5118 = AXIS2_PLACEMENT_3D('',#5119,#5120,#5121);
#5119 = CARTESIAN_POINT('',(2.55,-0.575,1.695));
#5120 = DIRECTION('',(0.,0.,1.));
#5121 = DIRECTION('',(1.,0.,-0.));
#5122 = ADVANCED_FACE('',(#5123),#5129,.T.);
#5123 = FACE_BOUND('',#5124,.T.);
#5124 = EDGE_LOOP('',(#5125,#5126,#5127,#5128));
#5125 = ORIENTED_EDGE('',*,*,#4949,.F.);
#5126 = ORIENTED_EDGE('',*,*,#4998,.F.);
#5127 = ORIENTED_EDGE('',*,*,#4847,.T.);
#5128 = ORIENTED_EDGE('',*,*,#5111,.T.);
#5129 = PLANE('',#5130);
#5130 = AXIS2_PLACEMENT_3D('',#5131,#5132,#5133);
#5131 = CARTESIAN_POINT('',(2.55,-0.605,1.695));
#5132 = DIRECTION('',(2.409338161079E-16,1.,-0.));
#5133 = DIRECTION('',(-1.,2.409338161079E-16,0.));
#5134 = ADVANCED_FACE('',(#5135),#5171,.F.);
#5135 = FACE_BOUND('',#5136,.F.);
#5136 = EDGE_LOOP('',(#5137,#5147,#5156,#5164));
#5137 = ORIENTED_EDGE('',*,*,#5138,.F.);
#5138 = EDGE_CURVE('',#5139,#5141,#5143,.T.);
#5139 = VERTEX_POINT('',#5140);
#5140 = CARTESIAN_POINT('',(-2.27,-0.11,0.425));
#5141 = VERTEX_POINT('',#5142);
#5142 = CARTESIAN_POINT('',(-2.27,-0.11,0.85));
#5143 = LINE('',#5144,#5145);
#5144 = CARTESIAN_POINT('',(-2.27,-0.11,0.425));
#5145 = VECTOR('',#5146,1.);
#5146 = DIRECTION('',(0.,0.,1.));
#5147 = ORIENTED_EDGE('',*,*,#5148,.F.);
#5148 = EDGE_CURVE('',#5149,#5139,#5151,.T.);
#5149 = VERTEX_POINT('',#5150);
#5150 = CARTESIAN_POINT('',(-2.3,-0.14,0.425));
#5151 = CIRCLE('',#5152,3.E-02);
#5152 = AXIS2_PLACEMENT_3D('',#5153,#5154,#5155);
#5153 = CARTESIAN_POINT('',(-2.27,-0.14,0.425));
#5154 = DIRECTION('',(0.,0.,-1.));
#5155 = DIRECTION('',(1.,0.,0.));
#5156 = ORIENTED_EDGE('',*,*,#5157,.T.);
#5157 = EDGE_CURVE('',#5149,#5158,#5160,.T.);
#5158 = VERTEX_POINT('',#5159);
#5159 = CARTESIAN_POINT('',(-2.3,-0.14,0.85));
#5160 = LINE('',#5161,#5162);
#5161 = CARTESIAN_POINT('',(-2.3,-0.14,0.425));
#5162 = VECTOR('',#5163,1.);
#5163 = DIRECTION('',(0.,0.,1.));
#5164 = ORIENTED_EDGE('',*,*,#5165,.T.);
#5165 = EDGE_CURVE('',#5158,#5141,#5166,.T.);
#5166 = CIRCLE('',#5167,3.E-02);
#5167 = AXIS2_PLACEMENT_3D('',#5168,#5169,#5170);
#5168 = CARTESIAN_POINT('',(-2.27,-0.14,0.85));
#5169 = DIRECTION('',(0.,0.,-1.));
#5170 = DIRECTION('',(1.,0.,0.));
#5171 = CYLINDRICAL_SURFACE('',#5172,3.E-02);
#5172 = AXIS2_PLACEMENT_3D('',#5173,#5174,#5175);
#5173 = CARTESIAN_POINT('',(-2.27,-0.14,0.425));
#5174 = DIRECTION('',(0.,0.,1.));
#5175 = DIRECTION('',(1.,0.,-0.));
#5176 = ADVANCED_FACE('',(#5177),#5202,.T.);
#5177 = FACE_BOUND('',#5178,.T.);
#5178 = EDGE_LOOP('',(#5179,#5187,#5195,#5201));
#5179 = ORIENTED_EDGE('',*,*,#5180,.F.);
#5180 = EDGE_CURVE('',#5181,#5158,#5183,.T.);
#5181 = VERTEX_POINT('',#5182);
#5182 = CARTESIAN_POINT('',(-2.3,-0.575,0.85));
#5183 = LINE('',#5184,#5185);
#5184 = CARTESIAN_POINT('',(-2.3,-0.14,0.85));
#5185 = VECTOR('',#5186,1.);
#5186 = DIRECTION('',(-0.,1.,-0.));
#5187 = ORIENTED_EDGE('',*,*,#5188,.F.);
#5188 = EDGE_CURVE('',#5189,#5181,#5191,.T.);
#5189 = VERTEX_POINT('',#5190);
#5190 = CARTESIAN_POINT('',(-2.3,-0.575,0.425));
#5191 = LINE('',#5192,#5193);
#5192 = CARTESIAN_POINT('',(-2.3,-0.575,0.425));
#5193 = VECTOR('',#5194,1.);
#5194 = DIRECTION('',(0.,0.,1.));
#5195 = ORIENTED_EDGE('',*,*,#5196,.T.);
#5196 = EDGE_CURVE('',#5189,#5149,#5197,.T.);
#5197 = LINE('',#5198,#5199);
#5198 = CARTESIAN_POINT('',(-2.3,-0.14,0.425));
#5199 = VECTOR('',#5200,1.);
#5200 = DIRECTION('',(-0.,1.,-0.));
#5201 = ORIENTED_EDGE('',*,*,#5157,.T.);
#5202 = PLANE('',#5203);
#5203 = AXIS2_PLACEMENT_3D('',#5204,#5205,#5206);
#5204 = CARTESIAN_POINT('',(-2.3,-0.14,0.425));
#5205 = DIRECTION('',(1.,0.,-0.));
#5206 = DIRECTION('',(-0.,0.,-1.));
#5207 = ADVANCED_FACE('',(#5208),#5235,.T.);
#5208 = FACE_BOUND('',#5209,.T.);
#5209 = EDGE_LOOP('',(#5210,#5219,#5227,#5234));
#5210 = ORIENTED_EDGE('',*,*,#5211,.F.);
#5211 = EDGE_CURVE('',#5212,#5181,#5214,.T.);
#5212 = VERTEX_POINT('',#5213);
#5213 = CARTESIAN_POINT('',(-2.55,-0.825,0.85));
#5214 = CIRCLE('',#5215,0.25);
#5215 = AXIS2_PLACEMENT_3D('',#5216,#5217,#5218);
#5216 = CARTESIAN_POINT('',(-2.55,-0.575,0.85));
#5217 = DIRECTION('',(0.,0.,1.));
#5218 = DIRECTION('',(-1.,0.,0.));
#5219 = ORIENTED_EDGE('',*,*,#5220,.F.);
#5220 = EDGE_CURVE('',#5221,#5212,#5223,.T.);
#5221 = VERTEX_POINT('',#5222);
#5222 = CARTESIAN_POINT('',(-2.55,-0.825,0.425));
#5223 = LINE('',#5224,#5225);
#5224 = CARTESIAN_POINT('',(-2.55,-0.825,0.425));
#5225 = VECTOR('',#5226,1.);
#5226 = DIRECTION('',(0.,0.,1.));
#5227 = ORIENTED_EDGE('',*,*,#5228,.T.);
#5228 = EDGE_CURVE('',#5221,#5189,#5229,.T.);
#5229 = CIRCLE('',#5230,0.25);
#5230 = AXIS2_PLACEMENT_3D('',#5231,#5232,#5233);
#5231 = CARTESIAN_POINT('',(-2.55,-0.575,0.425));
#5232 = DIRECTION('',(0.,0.,1.));
#5233 = DIRECTION('',(-1.,0.,0.));
#5234 = ORIENTED_EDGE('',*,*,#5188,.T.);
#5235 = CYLINDRICAL_SURFACE('',#5236,0.25);
#5236 = AXIS2_PLACEMENT_3D('',#5237,#5238,#5239);
#5237 = CARTESIAN_POINT('',(-2.55,-0.575,0.425));
#5238 = DIRECTION('',(0.,0.,1.));
#5239 = DIRECTION('',(1.,0.,-0.));
#5240 = ADVANCED_FACE('',(#5241),#5266,.T.);
#5241 = FACE_BOUND('',#5242,.T.);
#5242 = EDGE_LOOP('',(#5243,#5251,#5259,#5265));
#5243 = ORIENTED_EDGE('',*,*,#5244,.F.);
#5244 = EDGE_CURVE('',#5245,#5212,#5247,.T.);
#5245 = VERTEX_POINT('',#5246);
#5246 = CARTESIAN_POINT('',(-3.,-0.825,0.85));
#5247 = LINE('',#5248,#5249);
#5248 = CARTESIAN_POINT('',(-2.55,-0.825,0.85));
#5249 = VECTOR('',#5250,1.);
#5250 = DIRECTION('',(1.,4.818676322158E-16,-0.));
#5251 = ORIENTED_EDGE('',*,*,#5252,.F.);
#5252 = EDGE_CURVE('',#5253,#5245,#5255,.T.);
#5253 = VERTEX_POINT('',#5254);
#5254 = CARTESIAN_POINT('',(-3.,-0.825,0.425));
#5255 = LINE('',#5256,#5257);
#5256 = CARTESIAN_POINT('',(-3.,-0.825,0.425));
#5257 = VECTOR('',#5258,1.);
#5258 = DIRECTION('',(0.,0.,1.));
#5259 = ORIENTED_EDGE('',*,*,#5260,.T.);
#5260 = EDGE_CURVE('',#5253,#5221,#5261,.T.);
#5261 = LINE('',#5262,#5263);
#5262 = CARTESIAN_POINT('',(-2.55,-0.825,0.425));
#5263 = VECTOR('',#5264,1.);
#5264 = DIRECTION('',(1.,4.818676322158E-16,-0.));
#5265 = ORIENTED_EDGE('',*,*,#5220,.T.);
#5266 = PLANE('',#5267);
#5267 = AXIS2_PLACEMENT_3D('',#5268,#5269,#5270);
#5268 = CARTESIAN_POINT('',(-2.55,-0.825,0.425));
#5269 = DIRECTION('',(4.818676322158E-16,-1.,0.));
#5270 = DIRECTION('',(1.,4.818676322158E-16,0.));
#5271 = ADVANCED_FACE('',(#5272),#5297,.T.);
#5272 = FACE_BOUND('',#5273,.T.);
#5273 = EDGE_LOOP('',(#5274,#5282,#5290,#5296));
#5274 = ORIENTED_EDGE('',*,*,#5275,.F.);
#5275 = EDGE_CURVE('',#5276,#5245,#5278,.T.);
#5276 = VERTEX_POINT('',#5277);
#5277 = CARTESIAN_POINT('',(-3.,-0.605,0.85));
#5278 = LINE('',#5279,#5280);
#5279 = CARTESIAN_POINT('',(-3.,-0.825,0.85));
#5280 = VECTOR('',#5281,1.);
#5281 = DIRECTION('',(-0.,-1.,-0.));
#5282 = ORIENTED_EDGE('',*,*,#5283,.F.);
#5283 = EDGE_CURVE('',#5284,#5276,#5286,.T.);
#5284 = VERTEX_POINT('',#5285);
#5285 = CARTESIAN_POINT('',(-3.,-0.605,0.425));
#5286 = LINE('',#5287,#5288);
#5287 = CARTESIAN_POINT('',(-3.,-0.605,0.425));
#5288 = VECTOR('',#5289,1.);
#5289 = DIRECTION('',(0.,0.,1.));
#5290 = ORIENTED_EDGE('',*,*,#5291,.T.);
#5291 = EDGE_CURVE('',#5284,#5253,#5292,.T.);
#5292 = LINE('',#5293,#5294);
#5293 = CARTESIAN_POINT('',(-3.,-0.825,0.425));
#5294 = VECTOR('',#5295,1.);
#5295 = DIRECTION('',(-0.,-1.,-0.));
#5296 = ORIENTED_EDGE('',*,*,#5252,.T.);
#5297 = PLANE('',#5298);
#5298 = AXIS2_PLACEMENT_3D('',#5299,#5300,#5301);
#5299 = CARTESIAN_POINT('',(-3.,-0.825,0.425));
#5300 = DIRECTION('',(-1.,0.,0.));
#5301 = DIRECTION('',(0.,0.,1.));
#5302 = ADVANCED_FACE('',(#5303),#5328,.T.);
#5303 = FACE_BOUND('',#5304,.T.);
#5304 = EDGE_LOOP('',(#5305,#5313,#5321,#5327));
#5305 = ORIENTED_EDGE('',*,*,#5306,.F.);
#5306 = EDGE_CURVE('',#5307,#5276,#5309,.T.);
#5307 = VERTEX_POINT('',#5308);
#5308 = CARTESIAN_POINT('',(-2.55,-0.605,0.85));
#5309 = LINE('',#5310,#5311);
#5310 = CARTESIAN_POINT('',(-2.55,-0.605,0.85));
#5311 = VECTOR('',#5312,1.);
#5312 = DIRECTION('',(-1.,-2.409338161079E-16,0.));
#5313 = ORIENTED_EDGE('',*,*,#5314,.F.);
#5314 = EDGE_CURVE('',#5315,#5307,#5317,.T.);
#5315 = VERTEX_POINT('',#5316);
#5316 = CARTESIAN_POINT('',(-2.55,-0.605,0.425));
#5317 = LINE('',#5318,#5319);
#5318 = CARTESIAN_POINT('',(-2.55,-0.605,0.425));
#5319 = VECTOR('',#5320,1.);
#5320 = DIRECTION('',(0.,0.,1.));
#5321 = ORIENTED_EDGE('',*,*,#5322,.T.);
#5322 = EDGE_CURVE('',#5315,#5284,#5323,.T.);
#5323 = LINE('',#5324,#5325);
#5324 = CARTESIAN_POINT('',(-2.55,-0.605,0.425));
#5325 = VECTOR('',#5326,1.);
#5326 = DIRECTION('',(-1.,-2.409338161079E-16,0.));
#5327 = ORIENTED_EDGE('',*,*,#5283,.T.);
#5328 = PLANE('',#5329);
#5329 = AXIS2_PLACEMENT_3D('',#5330,#5331,#5332);
#5330 = CARTESIAN_POINT('',(-2.55,-0.605,0.425));
#5331 = DIRECTION('',(-2.409338161079E-16,1.,0.));
#5332 = DIRECTION('',(-1.,-2.409338161079E-16,0.));
#5333 = ADVANCED_FACE('',(#5334),#5361,.F.);
#5334 = FACE_BOUND('',#5335,.F.);
#5335 = EDGE_LOOP('',(#5336,#5337,#5346,#5354));
#5336 = ORIENTED_EDGE('',*,*,#5314,.F.);
#5337 = ORIENTED_EDGE('',*,*,#5338,.F.);
#5338 = EDGE_CURVE('',#5339,#5315,#5341,.T.);
#5339 = VERTEX_POINT('',#5340);
#5340 = CARTESIAN_POINT('',(-2.52,-0.575,0.425));
#5341 = CIRCLE('',#5342,3.E-02);
#5342 = AXIS2_PLACEMENT_3D('',#5343,#5344,#5345);
#5343 = CARTESIAN_POINT('',(-2.55,-0.575,0.425));
#5344 = DIRECTION('',(-0.,0.,-1.));
#5345 = DIRECTION('',(-1.,0.,0.));
#5346 = ORIENTED_EDGE('',*,*,#5347,.T.);
#5347 = EDGE_CURVE('',#5339,#5348,#5350,.T.);
#5348 = VERTEX_POINT('',#5349);
#5349 = CARTESIAN_POINT('',(-2.52,-0.575,0.85));
#5350 = LINE('',#5351,#5352);
#5351 = CARTESIAN_POINT('',(-2.52,-0.575,0.425));
#5352 = VECTOR('',#5353,1.);
#5353 = DIRECTION('',(0.,0.,1.));
#5354 = ORIENTED_EDGE('',*,*,#5355,.T.);
#5355 = EDGE_CURVE('',#5348,#5307,#5356,.T.);
#5356 = CIRCLE('',#5357,3.E-02);
#5357 = AXIS2_PLACEMENT_3D('',#5358,#5359,#5360);
#5358 = CARTESIAN_POINT('',(-2.55,-0.575,0.85));
#5359 = DIRECTION('',(-0.,0.,-1.));
#5360 = DIRECTION('',(-1.,0.,0.));
#5361 = CYLINDRICAL_SURFACE('',#5362,3.E-02);
#5362 = AXIS2_PLACEMENT_3D('',#5363,#5364,#5365);
#5363 = CARTESIAN_POINT('',(-2.55,-0.575,0.425));
#5364 = DIRECTION('',(0.,0.,1.));
#5365 = DIRECTION('',(1.,0.,-0.));
#5366 = ADVANCED_FACE('',(#5367),#5392,.T.);
#5367 = FACE_BOUND('',#5368,.T.);
#5368 = EDGE_LOOP('',(#5369,#5377,#5385,#5391));
#5369 = ORIENTED_EDGE('',*,*,#5370,.F.);
#5370 = EDGE_CURVE('',#5371,#5348,#5373,.T.);
#5371 = VERTEX_POINT('',#5372);
#5372 = CARTESIAN_POINT('',(-2.52,-0.14,0.85));
#5373 = LINE('',#5374,#5375);
#5374 = CARTESIAN_POINT('',(-2.52,-0.14,0.85));
#5375 = VECTOR('',#5376,1.);
#5376 = DIRECTION('',(9.969675149292E-16,-1.,0.));
#5377 = ORIENTED_EDGE('',*,*,#5378,.F.);
#5378 = EDGE_CURVE('',#5379,#5371,#5381,.T.);
#5379 = VERTEX_POINT('',#5380);
#5380 = CARTESIAN_POINT('',(-2.52,-0.14,0.425));
#5381 = LINE('',#5382,#5383);
#5382 = CARTESIAN_POINT('',(-2.52,-0.14,0.425));
#5383 = VECTOR('',#5384,1.);
#5384 = DIRECTION('',(0.,0.,1.));
#5385 = ORIENTED_EDGE('',*,*,#5386,.T.);
#5386 = EDGE_CURVE('',#5379,#5339,#5387,.T.);
#5387 = LINE('',#5388,#5389);
#5388 = CARTESIAN_POINT('',(-2.52,-0.14,0.425));
#5389 = VECTOR('',#5390,1.);
#5390 = DIRECTION('',(9.969675149292E-16,-1.,0.));
#5391 = ORIENTED_EDGE('',*,*,#5347,.T.);
#5392 = PLANE('',#5393);
#5393 = AXIS2_PLACEMENT_3D('',#5394,#5395,#5396);
#5394 = CARTESIAN_POINT('',(-2.52,-0.14,0.425));
#5395 = DIRECTION('',(-1.,-9.969675149292E-16,0.));
#5396 = DIRECTION('',(9.969675149292E-16,-1.,0.));
#5397 = ADVANCED_FACE('',(#5398),#5425,.T.);
#5398 = FACE_BOUND('',#5399,.T.);
#5399 = EDGE_LOOP('',(#5400,#5409,#5417,#5424));
#5400 = ORIENTED_EDGE('',*,*,#5401,.F.);
#5401 = EDGE_CURVE('',#5402,#5371,#5404,.T.);
#5402 = VERTEX_POINT('',#5403);
#5403 = CARTESIAN_POINT('',(-2.27,0.11,0.85));
#5404 = CIRCLE('',#5405,0.25);
#5405 = AXIS2_PLACEMENT_3D('',#5406,#5407,#5408);
#5406 = CARTESIAN_POINT('',(-2.27,-0.14,0.85));
#5407 = DIRECTION('',(0.,0.,1.));
#5408 = DIRECTION('',(1.,0.,-0.));
#5409 = ORIENTED_EDGE('',*,*,#5410,.F.);
#5410 = EDGE_CURVE('',#5411,#5402,#5413,.T.);
#5411 = VERTEX_POINT('',#5412);
#5412 = CARTESIAN_POINT('',(-2.27,0.11,0.425));
#5413 = LINE('',#5414,#5415);
#5414 = CARTESIAN_POINT('',(-2.27,0.11,0.425));
#5415 = VECTOR('',#5416,1.);
#5416 = DIRECTION('',(0.,0.,1.));
#5417 = ORIENTED_EDGE('',*,*,#5418,.T.);
#5418 = EDGE_CURVE('',#5411,#5379,#5419,.T.);
#5419 = CIRCLE('',#5420,0.25);
#5420 = AXIS2_PLACEMENT_3D('',#5421,#5422,#5423);
#5421 = CARTESIAN_POINT('',(-2.27,-0.14,0.425));
#5422 = DIRECTION('',(0.,0.,1.));
#5423 = DIRECTION('',(1.,0.,-0.));
#5424 = ORIENTED_EDGE('',*,*,#5378,.T.);
#5425 = CYLINDRICAL_SURFACE('',#5426,0.25);
#5426 = AXIS2_PLACEMENT_3D('',#5427,#5428,#5429);
#5427 = CARTESIAN_POINT('',(-2.27,-0.14,0.425));
#5428 = DIRECTION('',(0.,0.,1.));
#5429 = DIRECTION('',(1.,0.,-0.));
#5430 = ADVANCED_FACE('',(#5431),#5456,.T.);
#5431 = FACE_BOUND('',#5432,.T.);
#5432 = EDGE_LOOP('',(#5433,#5439,#5440,#5441,#5447,#5448,#5449,#5450,
    #5451,#5452,#5453,#5454,#5455));
#5433 = ORIENTED_EDGE('',*,*,#5434,.T.);
#5434 = EDGE_CURVE('',#5141,#3918,#5435,.T.);
#5435 = LINE('',#5436,#5437);
#5436 = CARTESIAN_POINT('',(-4.24337722231E-16,-0.11,0.85));
#5437 = VECTOR('',#5438,1.);
#5438 = DIRECTION('',(1.,0.,0.));
#5439 = ORIENTED_EDGE('',*,*,#3917,.T.);
#5440 = ORIENTED_EDGE('',*,*,#4203,.F.);
#5441 = ORIENTED_EDGE('',*,*,#5442,.T.);
#5442 = EDGE_CURVE('',#4196,#5402,#5443,.T.);
#5443 = LINE('',#5444,#5445);
#5444 = CARTESIAN_POINT('',(1.058422799427E-17,0.11,0.85));
#5445 = VECTOR('',#5446,1.);
#5446 = DIRECTION('',(-1.,3.76127405653E-16,0.));
#5447 = ORIENTED_EDGE('',*,*,#5401,.T.);
#5448 = ORIENTED_EDGE('',*,*,#5370,.T.);
#5449 = ORIENTED_EDGE('',*,*,#5355,.T.);
#5450 = ORIENTED_EDGE('',*,*,#5306,.T.);
#5451 = ORIENTED_EDGE('',*,*,#5275,.T.);
#5452 = ORIENTED_EDGE('',*,*,#5244,.T.);
#5453 = ORIENTED_EDGE('',*,*,#5211,.T.);
#5454 = ORIENTED_EDGE('',*,*,#5180,.T.);
#5455 = ORIENTED_EDGE('',*,*,#5165,.T.);
#5456 = PLANE('',#5457);
#5457 = AXIS2_PLACEMENT_3D('',#5458,#5459,#5460);
#5458 = CARTESIAN_POINT('',(2.55,-0.575,0.85));
#5459 = DIRECTION('',(0.,0.,1.));
#5460 = DIRECTION('',(1.,0.,-0.));
#5461 = ADVANCED_FACE('',(#5462),#5487,.F.);
#5462 = FACE_BOUND('',#5463,.T.);
#5463 = EDGE_LOOP('',(#5464,#5465,#5471,#5472,#5473,#5474,#5475,#5476,
    #5477,#5478,#5479,#5480,#5486));
#5464 = ORIENTED_EDGE('',*,*,#3933,.F.);
#5465 = ORIENTED_EDGE('',*,*,#5466,.F.);
#5466 = EDGE_CURVE('',#5139,#3926,#5467,.T.);
#5467 = LINE('',#5468,#5469);
#5468 = CARTESIAN_POINT('',(-4.24337722231E-16,-0.11,0.425));
#5469 = VECTOR('',#5470,1.);
#5470 = DIRECTION('',(1.,-3.820976819332E-16,-0.));
#5471 = ORIENTED_EDGE('',*,*,#5148,.F.);
#5472 = ORIENTED_EDGE('',*,*,#5196,.F.);
#5473 = ORIENTED_EDGE('',*,*,#5228,.F.);
#5474 = ORIENTED_EDGE('',*,*,#5260,.F.);
#5475 = ORIENTED_EDGE('',*,*,#5291,.F.);
#5476 = ORIENTED_EDGE('',*,*,#5322,.F.);
#5477 = ORIENTED_EDGE('',*,*,#5338,.F.);
#5478 = ORIENTED_EDGE('',*,*,#5386,.F.);
#5479 = ORIENTED_EDGE('',*,*,#5418,.F.);
#5480 = ORIENTED_EDGE('',*,*,#5481,.F.);
#5481 = EDGE_CURVE('',#4188,#5411,#5482,.T.);
#5482 = LINE('',#5483,#5484);
#5483 = CARTESIAN_POINT('',(1.058422799427E-17,0.11,0.425));
#5484 = VECTOR('',#5485,1.);
#5485 = DIRECTION('',(-1.,5.970276280207E-18,-0.));
#5486 = ORIENTED_EDGE('',*,*,#4187,.T.);
#5487 = PLANE('',#5488);
#5488 = AXIS2_PLACEMENT_3D('',#5489,#5490,#5491);
#5489 = CARTESIAN_POINT('',(2.55,-0.575,0.425));
#5490 = DIRECTION('',(0.,0.,1.));
#5491 = DIRECTION('',(1.,0.,-0.));
#5492 = ADVANCED_FACE('',(#5493),#5499,.T.);
#5493 = FACE_BOUND('',#5494,.T.);
#5494 = EDGE_LOOP('',(#5495,#5496,#5497,#5498));
#5495 = ORIENTED_EDGE('',*,*,#4195,.F.);
#5496 = ORIENTED_EDGE('',*,*,#5481,.T.);
#5497 = ORIENTED_EDGE('',*,*,#5410,.T.);
#5498 = ORIENTED_EDGE('',*,*,#5442,.F.);
#5499 = PLANE('',#5500);
#5500 = AXIS2_PLACEMENT_3D('',#5501,#5502,#5503);
#5501 = CARTESIAN_POINT('',(1.058422799427E-17,0.11,0.425));
#5502 = DIRECTION('',(3.76127405653E-16,1.,-0.));
#5503 = DIRECTION('',(-1.,3.76127405653E-16,0.));
#5504 = ADVANCED_FACE('',(#5505),#5511,.T.);
#5505 = FACE_BOUND('',#5506,.T.);
#5506 = EDGE_LOOP('',(#5507,#5508,#5509,#5510));
#5507 = ORIENTED_EDGE('',*,*,#5466,.T.);
#5508 = ORIENTED_EDGE('',*,*,#3925,.T.);
#5509 = ORIENTED_EDGE('',*,*,#5434,.F.);
#5510 = ORIENTED_EDGE('',*,*,#5138,.F.);
#5511 = PLANE('',#5512);
#5512 = AXIS2_PLACEMENT_3D('',#5513,#5514,#5515);
#5513 = CARTESIAN_POINT('',(-4.24337722231E-16,-0.11,0.425));
#5514 = DIRECTION('',(0.,-1.,0.));
#5515 = DIRECTION('',(0.,-0.,-1.));
#5516 = ADVANCED_FACE('',(#5517),#5542,.T.);
#5517 = FACE_BOUND('',#5518,.T.);
#5518 = EDGE_LOOP('',(#5519,#5527,#5528,#5536));
#5519 = ORIENTED_EDGE('',*,*,#5520,.F.);
#5520 = EDGE_CURVE('',#3742,#5521,#5523,.T.);
#5521 = VERTEX_POINT('',#5522);
#5522 = CARTESIAN_POINT('',(2.27,-0.11,0.85));
#5523 = LINE('',#5524,#5525);
#5524 = CARTESIAN_POINT('',(-4.24337722231E-16,-0.11,0.85));
#5525 = VECTOR('',#5526,1.);
#5526 = DIRECTION('',(1.,0.,0.));
#5527 = ORIENTED_EDGE('',*,*,#3741,.T.);
#5528 = ORIENTED_EDGE('',*,*,#5529,.T.);
#5529 = EDGE_CURVE('',#3734,#5530,#5532,.T.);
#5530 = VERTEX_POINT('',#5531);
#5531 = CARTESIAN_POINT('',(2.27,-0.11,0.425));
#5532 = LINE('',#5533,#5534);
#5533 = CARTESIAN_POINT('',(-4.24337722231E-16,-0.11,0.425));
#5534 = VECTOR('',#5535,1.);
#5535 = DIRECTION('',(1.,-3.820976819332E-16,-0.));
#5536 = ORIENTED_EDGE('',*,*,#5537,.T.);
#5537 = EDGE_CURVE('',#5530,#5521,#5538,.T.);
#5538 = LINE('',#5539,#5540);
#5539 = CARTESIAN_POINT('',(2.27,-0.11,0.425));
#5540 = VECTOR('',#5541,1.);
#5541 = DIRECTION('',(0.,0.,1.));
#5542 = PLANE('',#5543);
#5543 = AXIS2_PLACEMENT_3D('',#5544,#5545,#5546);
#5544 = CARTESIAN_POINT('',(-4.24337722231E-16,-0.11,0.425));
#5545 = DIRECTION('',(0.,-1.,0.));
#5546 = DIRECTION('',(0.,-0.,-1.));
#5547 = ADVANCED_FACE('',(#5548),#5573,.T.);
#5548 = FACE_BOUND('',#5549,.T.);
#5549 = EDGE_LOOP('',(#5550,#5551,#5559,#5567));
#5550 = ORIENTED_EDGE('',*,*,#4058,.F.);
#5551 = ORIENTED_EDGE('',*,*,#5552,.F.);
#5552 = EDGE_CURVE('',#5553,#4051,#5555,.T.);
#5553 = VERTEX_POINT('',#5554);
#5554 = CARTESIAN_POINT('',(2.27,0.11,0.85));
#5555 = LINE('',#5556,#5557);
#5556 = CARTESIAN_POINT('',(1.058422799427E-17,0.11,0.85));
#5557 = VECTOR('',#5558,1.);
#5558 = DIRECTION('',(-1.,3.76127405653E-16,0.));
#5559 = ORIENTED_EDGE('',*,*,#5560,.F.);
#5560 = EDGE_CURVE('',#5561,#5553,#5563,.T.);
#5561 = VERTEX_POINT('',#5562);
#5562 = CARTESIAN_POINT('',(2.27,0.11,0.425));
#5563 = LINE('',#5564,#5565);
#5564 = CARTESIAN_POINT('',(2.27,0.11,0.425));
#5565 = VECTOR('',#5566,1.);
#5566 = DIRECTION('',(0.,0.,1.));
#5567 = ORIENTED_EDGE('',*,*,#5568,.T.);
#5568 = EDGE_CURVE('',#5561,#4059,#5569,.T.);
#5569 = LINE('',#5570,#5571);
#5570 = CARTESIAN_POINT('',(1.058422799427E-17,0.11,0.425));
#5571 = VECTOR('',#5572,1.);
#5572 = DIRECTION('',(-1.,5.970276280207E-18,-0.));
#5573 = PLANE('',#5574);
#5574 = AXIS2_PLACEMENT_3D('',#5575,#5576,#5577);
#5575 = CARTESIAN_POINT('',(1.058422799427E-17,0.11,0.425));
#5576 = DIRECTION('',(3.76127405653E-16,1.,-0.));
#5577 = DIRECTION('',(-1.,3.76127405653E-16,0.));
#5578 = ADVANCED_FACE('',(#5579),#5659,.F.);
#5579 = FACE_BOUND('',#5580,.T.);
#5580 = EDGE_LOOP('',(#5581,#5582,#5583,#5584,#5593,#5601,#5610,#5618,
    #5626,#5634,#5643,#5651,#5658));
#5581 = ORIENTED_EDGE('',*,*,#3733,.F.);
#5582 = ORIENTED_EDGE('',*,*,#4066,.T.);
#5583 = ORIENTED_EDGE('',*,*,#5568,.F.);
#5584 = ORIENTED_EDGE('',*,*,#5585,.F.);
#5585 = EDGE_CURVE('',#5586,#5561,#5588,.T.);
#5586 = VERTEX_POINT('',#5587);
#5587 = CARTESIAN_POINT('',(2.52,-0.14,0.425));
#5588 = CIRCLE('',#5589,0.25);
#5589 = AXIS2_PLACEMENT_3D('',#5590,#5591,#5592);
#5590 = CARTESIAN_POINT('',(2.27,-0.14,0.425));
#5591 = DIRECTION('',(0.,0.,1.));
#5592 = DIRECTION('',(-1.,0.,0.));
#5593 = ORIENTED_EDGE('',*,*,#5594,.F.);
#5594 = EDGE_CURVE('',#5595,#5586,#5597,.T.);
#5595 = VERTEX_POINT('',#5596);
#5596 = CARTESIAN_POINT('',(2.52,-0.575,0.425));
#5597 = LINE('',#5598,#5599);
#5598 = CARTESIAN_POINT('',(2.52,-0.14,0.425));
#5599 = VECTOR('',#5600,1.);
#5600 = DIRECTION('',(9.969675149292E-16,1.,-0.));
#5601 = ORIENTED_EDGE('',*,*,#5602,.F.);
#5602 = EDGE_CURVE('',#5603,#5595,#5605,.T.);
#5603 = VERTEX_POINT('',#5604);
#5604 = CARTESIAN_POINT('',(2.55,-0.605,0.425));
#5605 = CIRCLE('',#5606,3.E-02);
#5606 = AXIS2_PLACEMENT_3D('',#5607,#5608,#5609);
#5607 = CARTESIAN_POINT('',(2.55,-0.575,0.425));
#5608 = DIRECTION('',(0.,0.,-1.));
#5609 = DIRECTION('',(1.,0.,0.));
#5610 = ORIENTED_EDGE('',*,*,#5611,.F.);
#5611 = EDGE_CURVE('',#5612,#5603,#5614,.T.);
#5612 = VERTEX_POINT('',#5613);
#5613 = CARTESIAN_POINT('',(3.,-0.605,0.425));
#5614 = LINE('',#5615,#5616);
#5615 = CARTESIAN_POINT('',(2.55,-0.605,0.425));
#5616 = VECTOR('',#5617,1.);
#5617 = DIRECTION('',(-1.,2.409338161079E-16,-0.));
#5618 = ORIENTED_EDGE('',*,*,#5619,.F.);
#5619 = EDGE_CURVE('',#5620,#5612,#5622,.T.);
#5620 = VERTEX_POINT('',#5621);
#5621 = CARTESIAN_POINT('',(3.,-0.825,0.425));
#5622 = LINE('',#5623,#5624);
#5623 = CARTESIAN_POINT('',(3.,-0.825,0.425));
#5624 = VECTOR('',#5625,1.);
#5625 = DIRECTION('',(0.,1.,0.));
#5626 = ORIENTED_EDGE('',*,*,#5627,.F.);
#5627 = EDGE_CURVE('',#5628,#5620,#5630,.T.);
#5628 = VERTEX_POINT('',#5629);
#5629 = CARTESIAN_POINT('',(2.55,-0.825,0.425));
#5630 = LINE('',#5631,#5632);
#5631 = CARTESIAN_POINT('',(2.55,-0.825,0.425));
#5632 = VECTOR('',#5633,1.);
#5633 = DIRECTION('',(1.,-4.818676322158E-16,0.));
#5634 = ORIENTED_EDGE('',*,*,#5635,.F.);
#5635 = EDGE_CURVE('',#5636,#5628,#5638,.T.);
#5636 = VERTEX_POINT('',#5637);
#5637 = CARTESIAN_POINT('',(2.3,-0.575,0.425));
#5638 = CIRCLE('',#5639,0.25);
#5639 = AXIS2_PLACEMENT_3D('',#5640,#5641,#5642);
#5640 = CARTESIAN_POINT('',(2.55,-0.575,0.425));
#5641 = DIRECTION('',(0.,0.,1.));
#5642 = DIRECTION('',(1.,0.,-0.));
#5643 = ORIENTED_EDGE('',*,*,#5644,.F.);
#5644 = EDGE_CURVE('',#5645,#5636,#5647,.T.);
#5645 = VERTEX_POINT('',#5646);
#5646 = CARTESIAN_POINT('',(2.3,-0.14,0.425));
#5647 = LINE('',#5648,#5649);
#5648 = CARTESIAN_POINT('',(2.3,-0.14,0.425));
#5649 = VECTOR('',#5650,1.);
#5650 = DIRECTION('',(0.,-1.,0.));
#5651 = ORIENTED_EDGE('',*,*,#5652,.F.);
#5652 = EDGE_CURVE('',#5530,#5645,#5653,.T.);
#5653 = CIRCLE('',#5654,3.E-02);
#5654 = AXIS2_PLACEMENT_3D('',#5655,#5656,#5657);
#5655 = CARTESIAN_POINT('',(2.27,-0.14,0.425));
#5656 = DIRECTION('',(-0.,0.,-1.));
#5657 = DIRECTION('',(-1.,0.,0.));
#5658 = ORIENTED_EDGE('',*,*,#5529,.F.);
#5659 = PLANE('',#5660);
#5660 = AXIS2_PLACEMENT_3D('',#5661,#5662,#5663);
#5661 = CARTESIAN_POINT('',(2.55,-0.575,0.425));
#5662 = DIRECTION('',(0.,0.,1.));
#5663 = DIRECTION('',(1.,0.,-0.));
#5664 = ADVANCED_FACE('',(#5665),#5745,.T.);
#5665 = FACE_BOUND('',#5666,.T.);
#5666 = EDGE_LOOP('',(#5667,#5668,#5669,#5670,#5679,#5687,#5696,#5704,
    #5712,#5720,#5729,#5737,#5744));
#5667 = ORIENTED_EDGE('',*,*,#4050,.F.);
#5668 = ORIENTED_EDGE('',*,*,#3749,.T.);
#5669 = ORIENTED_EDGE('',*,*,#5520,.T.);
#5670 = ORIENTED_EDGE('',*,*,#5671,.T.);
#5671 = EDGE_CURVE('',#5521,#5672,#5674,.T.);
#5672 = VERTEX_POINT('',#5673);
#5673 = CARTESIAN_POINT('',(2.3,-0.14,0.85));
#5674 = CIRCLE('',#5675,3.E-02);
#5675 = AXIS2_PLACEMENT_3D('',#5676,#5677,#5678);
#5676 = CARTESIAN_POINT('',(2.27,-0.14,0.85));
#5677 = DIRECTION('',(-0.,0.,-1.));
#5678 = DIRECTION('',(-1.,0.,0.));
#5679 = ORIENTED_EDGE('',*,*,#5680,.T.);
#5680 = EDGE_CURVE('',#5672,#5681,#5683,.T.);
#5681 = VERTEX_POINT('',#5682);
#5682 = CARTESIAN_POINT('',(2.3,-0.575,0.85));
#5683 = LINE('',#5684,#5685);
#5684 = CARTESIAN_POINT('',(2.3,-0.14,0.85));
#5685 = VECTOR('',#5686,1.);
#5686 = DIRECTION('',(0.,-1.,0.));
#5687 = ORIENTED_EDGE('',*,*,#5688,.T.);
#5688 = EDGE_CURVE('',#5681,#5689,#5691,.T.);
#5689 = VERTEX_POINT('',#5690);
#5690 = CARTESIAN_POINT('',(2.55,-0.825,0.85));
#5691 = CIRCLE('',#5692,0.25);
#5692 = AXIS2_PLACEMENT_3D('',#5693,#5694,#5695);
#5693 = CARTESIAN_POINT('',(2.55,-0.575,0.85));
#5694 = DIRECTION('',(0.,0.,1.));
#5695 = DIRECTION('',(1.,0.,-0.));
#5696 = ORIENTED_EDGE('',*,*,#5697,.T.);
#5697 = EDGE_CURVE('',#5689,#5698,#5700,.T.);
#5698 = VERTEX_POINT('',#5699);
#5699 = CARTESIAN_POINT('',(3.,-0.825,0.85));
#5700 = LINE('',#5701,#5702);
#5701 = CARTESIAN_POINT('',(2.55,-0.825,0.85));
#5702 = VECTOR('',#5703,1.);
#5703 = DIRECTION('',(1.,-4.818676322158E-16,0.));
#5704 = ORIENTED_EDGE('',*,*,#5705,.T.);
#5705 = EDGE_CURVE('',#5698,#5706,#5708,.T.);
#5706 = VERTEX_POINT('',#5707);
#5707 = CARTESIAN_POINT('',(3.,-0.605,0.85));
#5708 = LINE('',#5709,#5710);
#5709 = CARTESIAN_POINT('',(3.,-0.825,0.85));
#5710 = VECTOR('',#5711,1.);
#5711 = DIRECTION('',(0.,1.,0.));
#5712 = ORIENTED_EDGE('',*,*,#5713,.T.);
#5713 = EDGE_CURVE('',#5706,#5714,#5716,.T.);
#5714 = VERTEX_POINT('',#5715);
#5715 = CARTESIAN_POINT('',(2.55,-0.605,0.85));
#5716 = LINE('',#5717,#5718);
#5717 = CARTESIAN_POINT('',(2.55,-0.605,0.85));
#5718 = VECTOR('',#5719,1.);
#5719 = DIRECTION('',(-1.,2.409338161079E-16,-0.));
#5720 = ORIENTED_EDGE('',*,*,#5721,.T.);
#5721 = EDGE_CURVE('',#5714,#5722,#5724,.T.);
#5722 = VERTEX_POINT('',#5723);
#5723 = CARTESIAN_POINT('',(2.52,-0.575,0.85));
#5724 = CIRCLE('',#5725,3.E-02);
#5725 = AXIS2_PLACEMENT_3D('',#5726,#5727,#5728);
#5726 = CARTESIAN_POINT('',(2.55,-0.575,0.85));
#5727 = DIRECTION('',(0.,0.,-1.));
#5728 = DIRECTION('',(1.,0.,0.));
#5729 = ORIENTED_EDGE('',*,*,#5730,.T.);
#5730 = EDGE_CURVE('',#5722,#5731,#5733,.T.);
#5731 = VERTEX_POINT('',#5732);
#5732 = CARTESIAN_POINT('',(2.52,-0.14,0.85));
#5733 = LINE('',#5734,#5735);
#5734 = CARTESIAN_POINT('',(2.52,-0.14,0.85));
#5735 = VECTOR('',#5736,1.);
#5736 = DIRECTION('',(9.969675149292E-16,1.,-0.));
#5737 = ORIENTED_EDGE('',*,*,#5738,.T.);
#5738 = EDGE_CURVE('',#5731,#5553,#5739,.T.);
#5739 = CIRCLE('',#5740,0.25);
#5740 = AXIS2_PLACEMENT_3D('',#5741,#5742,#5743);
#5741 = CARTESIAN_POINT('',(2.27,-0.14,0.85));
#5742 = DIRECTION('',(0.,0.,1.));
#5743 = DIRECTION('',(-1.,0.,0.));
#5744 = ORIENTED_EDGE('',*,*,#5552,.T.);
#5745 = PLANE('',#5746);
#5746 = AXIS2_PLACEMENT_3D('',#5747,#5748,#5749);
#5747 = CARTESIAN_POINT('',(2.55,-0.575,0.85));
#5748 = DIRECTION('',(0.,0.,1.));
#5749 = DIRECTION('',(1.,0.,-0.));
#5750 = ADVANCED_FACE('',(#5751),#5767,.T.);
#5751 = FACE_BOUND('',#5752,.T.);
#5752 = EDGE_LOOP('',(#5753,#5754,#5760,#5761));
#5753 = ORIENTED_EDGE('',*,*,#5705,.F.);
#5754 = ORIENTED_EDGE('',*,*,#5755,.F.);
#5755 = EDGE_CURVE('',#5620,#5698,#5756,.T.);
#5756 = LINE('',#5757,#5758);
#5757 = CARTESIAN_POINT('',(3.,-0.825,0.425));
#5758 = VECTOR('',#5759,1.);
#5759 = DIRECTION('',(0.,0.,1.));
#5760 = ORIENTED_EDGE('',*,*,#5619,.T.);
#5761 = ORIENTED_EDGE('',*,*,#5762,.T.);
#5762 = EDGE_CURVE('',#5612,#5706,#5763,.T.);
#5763 = LINE('',#5764,#5765);
#5764 = CARTESIAN_POINT('',(3.,-0.605,0.425));
#5765 = VECTOR('',#5766,1.);
#5766 = DIRECTION('',(0.,0.,1.));
#5767 = PLANE('',#5768);
#5768 = AXIS2_PLACEMENT_3D('',#5769,#5770,#5771);
#5769 = CARTESIAN_POINT('',(3.,-0.825,0.425));
#5770 = DIRECTION('',(1.,0.,0.));
#5771 = DIRECTION('',(0.,0.,-1.));
#5772 = ADVANCED_FACE('',(#5773),#5784,.T.);
#5773 = FACE_BOUND('',#5774,.T.);
#5774 = EDGE_LOOP('',(#5775,#5776,#5782,#5783));
#5775 = ORIENTED_EDGE('',*,*,#5697,.F.);
#5776 = ORIENTED_EDGE('',*,*,#5777,.F.);
#5777 = EDGE_CURVE('',#5628,#5689,#5778,.T.);
#5778 = LINE('',#5779,#5780);
#5779 = CARTESIAN_POINT('',(2.55,-0.825,0.425));
#5780 = VECTOR('',#5781,1.);
#5781 = DIRECTION('',(0.,0.,1.));
#5782 = ORIENTED_EDGE('',*,*,#5627,.T.);
#5783 = ORIENTED_EDGE('',*,*,#5755,.T.);
#5784 = PLANE('',#5785);
#5785 = AXIS2_PLACEMENT_3D('',#5786,#5787,#5788);
#5786 = CARTESIAN_POINT('',(2.55,-0.825,0.425));
#5787 = DIRECTION('',(-4.818676322158E-16,-1.,0.));
#5788 = DIRECTION('',(1.,-4.818676322158E-16,0.));
#5789 = ADVANCED_FACE('',(#5790),#5801,.T.);
#5790 = FACE_BOUND('',#5791,.T.);
#5791 = EDGE_LOOP('',(#5792,#5793,#5799,#5800));
#5792 = ORIENTED_EDGE('',*,*,#5688,.F.);
#5793 = ORIENTED_EDGE('',*,*,#5794,.F.);
#5794 = EDGE_CURVE('',#5636,#5681,#5795,.T.);
#5795 = LINE('',#5796,#5797);
#5796 = CARTESIAN_POINT('',(2.3,-0.575,0.425));
#5797 = VECTOR('',#5798,1.);
#5798 = DIRECTION('',(0.,0.,1.));
#5799 = ORIENTED_EDGE('',*,*,#5635,.T.);
#5800 = ORIENTED_EDGE('',*,*,#5777,.T.);
#5801 = CYLINDRICAL_SURFACE('',#5802,0.25);
#5802 = AXIS2_PLACEMENT_3D('',#5803,#5804,#5805);
#5803 = CARTESIAN_POINT('',(2.55,-0.575,0.425));
#5804 = DIRECTION('',(0.,0.,1.));
#5805 = DIRECTION('',(1.,0.,-0.));
#5806 = ADVANCED_FACE('',(#5807),#5818,.T.);
#5807 = FACE_BOUND('',#5808,.T.);
#5808 = EDGE_LOOP('',(#5809,#5810,#5816,#5817));
#5809 = ORIENTED_EDGE('',*,*,#5680,.F.);
#5810 = ORIENTED_EDGE('',*,*,#5811,.F.);
#5811 = EDGE_CURVE('',#5645,#5672,#5812,.T.);
#5812 = LINE('',#5813,#5814);
#5813 = CARTESIAN_POINT('',(2.3,-0.14,0.425));
#5814 = VECTOR('',#5815,1.);
#5815 = DIRECTION('',(0.,0.,1.));
#5816 = ORIENTED_EDGE('',*,*,#5644,.T.);
#5817 = ORIENTED_EDGE('',*,*,#5794,.T.);
#5818 = PLANE('',#5819);
#5819 = AXIS2_PLACEMENT_3D('',#5820,#5821,#5822);
#5820 = CARTESIAN_POINT('',(2.3,-0.14,0.425));
#5821 = DIRECTION('',(-1.,0.,0.));
#5822 = DIRECTION('',(0.,0.,1.));
#5823 = ADVANCED_FACE('',(#5824),#5830,.F.);
#5824 = FACE_BOUND('',#5825,.F.);
#5825 = EDGE_LOOP('',(#5826,#5827,#5828,#5829));
#5826 = ORIENTED_EDGE('',*,*,#5811,.F.);
#5827 = ORIENTED_EDGE('',*,*,#5652,.F.);
#5828 = ORIENTED_EDGE('',*,*,#5537,.T.);
#5829 = ORIENTED_EDGE('',*,*,#5671,.T.);
#5830 = CYLINDRICAL_SURFACE('',#5831,3.E-02);
#5831 = AXIS2_PLACEMENT_3D('',#5832,#5833,#5834);
#5832 = CARTESIAN_POINT('',(2.27,-0.14,0.425));
#5833 = DIRECTION('',(0.,0.,1.));
#5834 = DIRECTION('',(1.,0.,-0.));
#5835 = ADVANCED_FACE('',(#5836),#5847,.T.);
#5836 = FACE_BOUND('',#5837,.T.);
#5837 = EDGE_LOOP('',(#5838,#5839,#5845,#5846));
#5838 = ORIENTED_EDGE('',*,*,#5738,.F.);
#5839 = ORIENTED_EDGE('',*,*,#5840,.F.);
#5840 = EDGE_CURVE('',#5586,#5731,#5841,.T.);
#5841 = LINE('',#5842,#5843);
#5842 = CARTESIAN_POINT('',(2.52,-0.14,0.425));
#5843 = VECTOR('',#5844,1.);
#5844 = DIRECTION('',(0.,0.,1.));
#5845 = ORIENTED_EDGE('',*,*,#5585,.T.);
#5846 = ORIENTED_EDGE('',*,*,#5560,.T.);
#5847 = CYLINDRICAL_SURFACE('',#5848,0.25);
#5848 = AXIS2_PLACEMENT_3D('',#5849,#5850,#5851);
#5849 = CARTESIAN_POINT('',(2.27,-0.14,0.425));
#5850 = DIRECTION('',(0.,0.,1.));
#5851 = DIRECTION('',(1.,0.,-0.));
#5852 = ADVANCED_FACE('',(#5853),#5864,.T.);
#5853 = FACE_BOUND('',#5854,.T.);
#5854 = EDGE_LOOP('',(#5855,#5856,#5862,#5863));
#5855 = ORIENTED_EDGE('',*,*,#5730,.F.);
#5856 = ORIENTED_EDGE('',*,*,#5857,.F.);
#5857 = EDGE_CURVE('',#5595,#5722,#5858,.T.);
#5858 = LINE('',#5859,#5860);
#5859 = CARTESIAN_POINT('',(2.52,-0.575,0.425));
#5860 = VECTOR('',#5861,1.);
#5861 = DIRECTION('',(0.,0.,1.));
#5862 = ORIENTED_EDGE('',*,*,#5594,.T.);
#5863 = ORIENTED_EDGE('',*,*,#5840,.T.);
#5864 = PLANE('',#5865);
#5865 = AXIS2_PLACEMENT_3D('',#5866,#5867,#5868);
#5866 = CARTESIAN_POINT('',(2.52,-0.14,0.425));
#5867 = DIRECTION('',(1.,-9.969675149292E-16,0.));
#5868 = DIRECTION('',(9.969675149292E-16,1.,0.));
#5869 = ADVANCED_FACE('',(#5870),#5881,.F.);
#5870 = FACE_BOUND('',#5871,.F.);
#5871 = EDGE_LOOP('',(#5872,#5873,#5874,#5880));
#5872 = ORIENTED_EDGE('',*,*,#5857,.F.);
#5873 = ORIENTED_EDGE('',*,*,#5602,.F.);
#5874 = ORIENTED_EDGE('',*,*,#5875,.T.);
#5875 = EDGE_CURVE('',#5603,#5714,#5876,.T.);
#5876 = LINE('',#5877,#5878);
#5877 = CARTESIAN_POINT('',(2.55,-0.605,0.425));
#5878 = VECTOR('',#5879,1.);
#5879 = DIRECTION('',(0.,0.,1.));
#5880 = ORIENTED_EDGE('',*,*,#5721,.T.);
#5881 = CYLINDRICAL_SURFACE('',#5882,3.E-02);
#5882 = AXIS2_PLACEMENT_3D('',#5883,#5884,#5885);
#5883 = CARTESIAN_POINT('',(2.55,-0.575,0.425));
#5884 = DIRECTION('',(0.,0.,1.));
#5885 = DIRECTION('',(1.,0.,-0.));
#5886 = ADVANCED_FACE('',(#5887),#5893,.T.);
#5887 = FACE_BOUND('',#5888,.T.);
#5888 = EDGE_LOOP('',(#5889,#5890,#5891,#5892));
#5889 = ORIENTED_EDGE('',*,*,#5713,.F.);
#5890 = ORIENTED_EDGE('',*,*,#5762,.F.);
#5891 = ORIENTED_EDGE('',*,*,#5611,.T.);
#5892 = ORIENTED_EDGE('',*,*,#5875,.T.);
#5893 = PLANE('',#5894);
#5894 = AXIS2_PLACEMENT_3D('',#5895,#5896,#5897);
#5895 = CARTESIAN_POINT('',(2.55,-0.605,0.425));
#5896 = DIRECTION('',(2.409338161079E-16,1.,-0.));
#5897 = DIRECTION('',(-1.,2.409338161079E-16,0.));
#5898 = ADVANCED_FACE('',(#5899),#5935,.F.);
#5899 = FACE_BOUND('',#5900,.F.);
#5900 = EDGE_LOOP('',(#5901,#5911,#5920,#5928));
#5901 = ORIENTED_EDGE('',*,*,#5902,.F.);
#5902 = EDGE_CURVE('',#5903,#5905,#5907,.T.);
#5903 = VERTEX_POINT('',#5904);
#5904 = CARTESIAN_POINT('',(-2.27,-0.11,-0.845));
#5905 = VERTEX_POINT('',#5906);
#5906 = CARTESIAN_POINT('',(-2.27,-0.11,-0.42));
#5907 = LINE('',#5908,#5909);
#5908 = CARTESIAN_POINT('',(-2.27,-0.11,-0.845));
#5909 = VECTOR('',#5910,1.);
#5910 = DIRECTION('',(0.,0.,1.));
#5911 = ORIENTED_EDGE('',*,*,#5912,.F.);
#5912 = EDGE_CURVE('',#5913,#5903,#5915,.T.);
#5913 = VERTEX_POINT('',#5914);
#5914 = CARTESIAN_POINT('',(-2.3,-0.14,-0.845));
#5915 = CIRCLE('',#5916,3.E-02);
#5916 = AXIS2_PLACEMENT_3D('',#5917,#5918,#5919);
#5917 = CARTESIAN_POINT('',(-2.27,-0.14,-0.845));
#5918 = DIRECTION('',(0.,0.,-1.));
#5919 = DIRECTION('',(1.,0.,0.));
#5920 = ORIENTED_EDGE('',*,*,#5921,.T.);
#5921 = EDGE_CURVE('',#5913,#5922,#5924,.T.);
#5922 = VERTEX_POINT('',#5923);
#5923 = CARTESIAN_POINT('',(-2.3,-0.14,-0.42));
#5924 = LINE('',#5925,#5926);
#5925 = CARTESIAN_POINT('',(-2.3,-0.14,-0.845));
#5926 = VECTOR('',#5927,1.);
#5927 = DIRECTION('',(0.,0.,1.));
#5928 = ORIENTED_EDGE('',*,*,#5929,.T.);
#5929 = EDGE_CURVE('',#5922,#5905,#5930,.T.);
#5930 = CIRCLE('',#5931,3.E-02);
#5931 = AXIS2_PLACEMENT_3D('',#5932,#5933,#5934);
#5932 = CARTESIAN_POINT('',(-2.27,-0.14,-0.42));
#5933 = DIRECTION('',(0.,0.,-1.));
#5934 = DIRECTION('',(1.,0.,0.));
#5935 = CYLINDRICAL_SURFACE('',#5936,3.E-02);
#5936 = AXIS2_PLACEMENT_3D('',#5937,#5938,#5939);
#5937 = CARTESIAN_POINT('',(-2.27,-0.14,-0.845));
#5938 = DIRECTION('',(0.,0.,1.));
#5939 = DIRECTION('',(1.,0.,-0.));
#5940 = ADVANCED_FACE('',(#5941),#5966,.T.);
#5941 = FACE_BOUND('',#5942,.T.);
#5942 = EDGE_LOOP('',(#5943,#5951,#5959,#5965));
#5943 = ORIENTED_EDGE('',*,*,#5944,.F.);
#5944 = EDGE_CURVE('',#5945,#5922,#5947,.T.);
#5945 = VERTEX_POINT('',#5946);
#5946 = CARTESIAN_POINT('',(-2.3,-0.575,-0.42));
#5947 = LINE('',#5948,#5949);
#5948 = CARTESIAN_POINT('',(-2.3,-0.14,-0.42));
#5949 = VECTOR('',#5950,1.);
#5950 = DIRECTION('',(-0.,1.,-0.));
#5951 = ORIENTED_EDGE('',*,*,#5952,.F.);
#5952 = EDGE_CURVE('',#5953,#5945,#5955,.T.);
#5953 = VERTEX_POINT('',#5954);
#5954 = CARTESIAN_POINT('',(-2.3,-0.575,-0.845));
#5955 = LINE('',#5956,#5957);
#5956 = CARTESIAN_POINT('',(-2.3,-0.575,-0.845));
#5957 = VECTOR('',#5958,1.);
#5958 = DIRECTION('',(0.,0.,1.));
#5959 = ORIENTED_EDGE('',*,*,#5960,.T.);
#5960 = EDGE_CURVE('',#5953,#5913,#5961,.T.);
#5961 = LINE('',#5962,#5963);
#5962 = CARTESIAN_POINT('',(-2.3,-0.14,-0.845));
#5963 = VECTOR('',#5964,1.);
#5964 = DIRECTION('',(-0.,1.,-0.));
#5965 = ORIENTED_EDGE('',*,*,#5921,.T.);
#5966 = PLANE('',#5967);
#5967 = AXIS2_PLACEMENT_3D('',#5968,#5969,#5970);
#5968 = CARTESIAN_POINT('',(-2.3,-0.14,-0.845));
#5969 = DIRECTION('',(1.,0.,-0.));
#5970 = DIRECTION('',(-0.,0.,-1.));
#5971 = ADVANCED_FACE('',(#5972),#5999,.T.);
#5972 = FACE_BOUND('',#5973,.T.);
#5973 = EDGE_LOOP('',(#5974,#5983,#5991,#5998));
#5974 = ORIENTED_EDGE('',*,*,#5975,.F.);
#5975 = EDGE_CURVE('',#5976,#5945,#5978,.T.);
#5976 = VERTEX_POINT('',#5977);
#5977 = CARTESIAN_POINT('',(-2.55,-0.825,-0.42));
#5978 = CIRCLE('',#5979,0.25);
#5979 = AXIS2_PLACEMENT_3D('',#5980,#5981,#5982);
#5980 = CARTESIAN_POINT('',(-2.55,-0.575,-0.42));
#5981 = DIRECTION('',(0.,0.,1.));
#5982 = DIRECTION('',(-1.,0.,0.));
#5983 = ORIENTED_EDGE('',*,*,#5984,.F.);
#5984 = EDGE_CURVE('',#5985,#5976,#5987,.T.);
#5985 = VERTEX_POINT('',#5986);
#5986 = CARTESIAN_POINT('',(-2.55,-0.825,-0.845));
#5987 = LINE('',#5988,#5989);
#5988 = CARTESIAN_POINT('',(-2.55,-0.825,-0.845));
#5989 = VECTOR('',#5990,1.);
#5990 = DIRECTION('',(0.,0.,1.));
#5991 = ORIENTED_EDGE('',*,*,#5992,.T.);
#5992 = EDGE_CURVE('',#5985,#5953,#5993,.T.);
#5993 = CIRCLE('',#5994,0.25);
#5994 = AXIS2_PLACEMENT_3D('',#5995,#5996,#5997);
#5995 = CARTESIAN_POINT('',(-2.55,-0.575,-0.845));
#5996 = DIRECTION('',(0.,0.,1.));
#5997 = DIRECTION('',(-1.,0.,0.));
#5998 = ORIENTED_EDGE('',*,*,#5952,.T.);
#5999 = CYLINDRICAL_SURFACE('',#6000,0.25);
#6000 = AXIS2_PLACEMENT_3D('',#6001,#6002,#6003);
#6001 = CARTESIAN_POINT('',(-2.55,-0.575,-0.845));
#6002 = DIRECTION('',(0.,0.,1.));
#6003 = DIRECTION('',(1.,0.,-0.));
#6004 = ADVANCED_FACE('',(#6005),#6030,.T.);
#6005 = FACE_BOUND('',#6006,.T.);
#6006 = EDGE_LOOP('',(#6007,#6015,#6023,#6029));
#6007 = ORIENTED_EDGE('',*,*,#6008,.F.);
#6008 = EDGE_CURVE('',#6009,#5976,#6011,.T.);
#6009 = VERTEX_POINT('',#6010);
#6010 = CARTESIAN_POINT('',(-3.,-0.825,-0.42));
#6011 = LINE('',#6012,#6013);
#6012 = CARTESIAN_POINT('',(-2.55,-0.825,-0.42));
#6013 = VECTOR('',#6014,1.);
#6014 = DIRECTION('',(1.,4.818676322158E-16,-0.));
#6015 = ORIENTED_EDGE('',*,*,#6016,.F.);
#6016 = EDGE_CURVE('',#6017,#6009,#6019,.T.);
#6017 = VERTEX_POINT('',#6018);
#6018 = CARTESIAN_POINT('',(-3.,-0.825,-0.845));
#6019 = LINE('',#6020,#6021);
#6020 = CARTESIAN_POINT('',(-3.,-0.825,-0.845));
#6021 = VECTOR('',#6022,1.);
#6022 = DIRECTION('',(0.,0.,1.));
#6023 = ORIENTED_EDGE('',*,*,#6024,.T.);
#6024 = EDGE_CURVE('',#6017,#5985,#6025,.T.);
#6025 = LINE('',#6026,#6027);
#6026 = CARTESIAN_POINT('',(-2.55,-0.825,-0.845));
#6027 = VECTOR('',#6028,1.);
#6028 = DIRECTION('',(1.,4.818676322158E-16,-0.));
#6029 = ORIENTED_EDGE('',*,*,#5984,.T.);
#6030 = PLANE('',#6031);
#6031 = AXIS2_PLACEMENT_3D('',#6032,#6033,#6034);
#6032 = CARTESIAN_POINT('',(-2.55,-0.825,-0.845));
#6033 = DIRECTION('',(4.818676322158E-16,-1.,0.));
#6034 = DIRECTION('',(1.,4.818676322158E-16,0.));
#6035 = ADVANCED_FACE('',(#6036),#6061,.T.);
#6036 = FACE_BOUND('',#6037,.T.);
#6037 = EDGE_LOOP('',(#6038,#6046,#6054,#6060));
#6038 = ORIENTED_EDGE('',*,*,#6039,.F.);
#6039 = EDGE_CURVE('',#6040,#6009,#6042,.T.);
#6040 = VERTEX_POINT('',#6041);
#6041 = CARTESIAN_POINT('',(-3.,-0.605,-0.42));
#6042 = LINE('',#6043,#6044);
#6043 = CARTESIAN_POINT('',(-3.,-0.825,-0.42));
#6044 = VECTOR('',#6045,1.);
#6045 = DIRECTION('',(-0.,-1.,-0.));
#6046 = ORIENTED_EDGE('',*,*,#6047,.F.);
#6047 = EDGE_CURVE('',#6048,#6040,#6050,.T.);
#6048 = VERTEX_POINT('',#6049);
#6049 = CARTESIAN_POINT('',(-3.,-0.605,-0.845));
#6050 = LINE('',#6051,#6052);
#6051 = CARTESIAN_POINT('',(-3.,-0.605,-0.845));
#6052 = VECTOR('',#6053,1.);
#6053 = DIRECTION('',(0.,0.,1.));
#6054 = ORIENTED_EDGE('',*,*,#6055,.T.);
#6055 = EDGE_CURVE('',#6048,#6017,#6056,.T.);
#6056 = LINE('',#6057,#6058);
#6057 = CARTESIAN_POINT('',(-3.,-0.825,-0.845));
#6058 = VECTOR('',#6059,1.);
#6059 = DIRECTION('',(-0.,-1.,-0.));
#6060 = ORIENTED_EDGE('',*,*,#6016,.T.);
#6061 = PLANE('',#6062);
#6062 = AXIS2_PLACEMENT_3D('',#6063,#6064,#6065);
#6063 = CARTESIAN_POINT('',(-3.,-0.825,-0.845));
#6064 = DIRECTION('',(-1.,0.,0.));
#6065 = DIRECTION('',(0.,0.,1.));
#6066 = ADVANCED_FACE('',(#6067),#6092,.T.);
#6067 = FACE_BOUND('',#6068,.T.);
#6068 = EDGE_LOOP('',(#6069,#6077,#6085,#6091));
#6069 = ORIENTED_EDGE('',*,*,#6070,.F.);
#6070 = EDGE_CURVE('',#6071,#6040,#6073,.T.);
#6071 = VERTEX_POINT('',#6072);
#6072 = CARTESIAN_POINT('',(-2.55,-0.605,-0.42));
#6073 = LINE('',#6074,#6075);
#6074 = CARTESIAN_POINT('',(-2.55,-0.605,-0.42));
#6075 = VECTOR('',#6076,1.);
#6076 = DIRECTION('',(-1.,-2.409338161079E-16,0.));
#6077 = ORIENTED_EDGE('',*,*,#6078,.F.);
#6078 = EDGE_CURVE('',#6079,#6071,#6081,.T.);
#6079 = VERTEX_POINT('',#6080);
#6080 = CARTESIAN_POINT('',(-2.55,-0.605,-0.845));
#6081 = LINE('',#6082,#6083);
#6082 = CARTESIAN_POINT('',(-2.55,-0.605,-0.845));
#6083 = VECTOR('',#6084,1.);
#6084 = DIRECTION('',(0.,0.,1.));
#6085 = ORIENTED_EDGE('',*,*,#6086,.T.);
#6086 = EDGE_CURVE('',#6079,#6048,#6087,.T.);
#6087 = LINE('',#6088,#6089);
#6088 = CARTESIAN_POINT('',(-2.55,-0.605,-0.845));
#6089 = VECTOR('',#6090,1.);
#6090 = DIRECTION('',(-1.,-2.409338161079E-16,0.));
#6091 = ORIENTED_EDGE('',*,*,#6047,.T.);
#6092 = PLANE('',#6093);
#6093 = AXIS2_PLACEMENT_3D('',#6094,#6095,#6096);
#6094 = CARTESIAN_POINT('',(-2.55,-0.605,-0.845));
#6095 = DIRECTION('',(-2.409338161079E-16,1.,0.));
#6096 = DIRECTION('',(-1.,-2.409338161079E-16,0.));
#6097 = ADVANCED_FACE('',(#6098),#6125,.F.);
#6098 = FACE_BOUND('',#6099,.F.);
#6099 = EDGE_LOOP('',(#6100,#6101,#6110,#6118));
#6100 = ORIENTED_EDGE('',*,*,#6078,.F.);
#6101 = ORIENTED_EDGE('',*,*,#6102,.F.);
#6102 = EDGE_CURVE('',#6103,#6079,#6105,.T.);
#6103 = VERTEX_POINT('',#6104);
#6104 = CARTESIAN_POINT('',(-2.52,-0.575,-0.845));
#6105 = CIRCLE('',#6106,3.E-02);
#6106 = AXIS2_PLACEMENT_3D('',#6107,#6108,#6109);
#6107 = CARTESIAN_POINT('',(-2.55,-0.575,-0.845));
#6108 = DIRECTION('',(-0.,0.,-1.));
#6109 = DIRECTION('',(-1.,0.,0.));
#6110 = ORIENTED_EDGE('',*,*,#6111,.T.);
#6111 = EDGE_CURVE('',#6103,#6112,#6114,.T.);
#6112 = VERTEX_POINT('',#6113);
#6113 = CARTESIAN_POINT('',(-2.52,-0.575,-0.42));
#6114 = LINE('',#6115,#6116);
#6115 = CARTESIAN_POINT('',(-2.52,-0.575,-0.845));
#6116 = VECTOR('',#6117,1.);
#6117 = DIRECTION('',(0.,0.,1.));
#6118 = ORIENTED_EDGE('',*,*,#6119,.T.);
#6119 = EDGE_CURVE('',#6112,#6071,#6120,.T.);
#6120 = CIRCLE('',#6121,3.E-02);
#6121 = AXIS2_PLACEMENT_3D('',#6122,#6123,#6124);
#6122 = CARTESIAN_POINT('',(-2.55,-0.575,-0.42));
#6123 = DIRECTION('',(-0.,0.,-1.));
#6124 = DIRECTION('',(-1.,0.,0.));
#6125 = CYLINDRICAL_SURFACE('',#6126,3.E-02);
#6126 = AXIS2_PLACEMENT_3D('',#6127,#6128,#6129);
#6127 = CARTESIAN_POINT('',(-2.55,-0.575,-0.845));
#6128 = DIRECTION('',(0.,0.,1.));
#6129 = DIRECTION('',(1.,0.,-0.));
#6130 = ADVANCED_FACE('',(#6131),#6156,.T.);
#6131 = FACE_BOUND('',#6132,.T.);
#6132 = EDGE_LOOP('',(#6133,#6141,#6149,#6155));
#6133 = ORIENTED_EDGE('',*,*,#6134,.F.);
#6134 = EDGE_CURVE('',#6135,#6112,#6137,.T.);
#6135 = VERTEX_POINT('',#6136);
#6136 = CARTESIAN_POINT('',(-2.52,-0.14,-0.42));
#6137 = LINE('',#6138,#6139);
#6138 = CARTESIAN_POINT('',(-2.52,-0.14,-0.42));
#6139 = VECTOR('',#6140,1.);
#6140 = DIRECTION('',(9.969675149292E-16,-1.,0.));
#6141 = ORIENTED_EDGE('',*,*,#6142,.F.);
#6142 = EDGE_CURVE('',#6143,#6135,#6145,.T.);
#6143 = VERTEX_POINT('',#6144);
#6144 = CARTESIAN_POINT('',(-2.52,-0.14,-0.845));
#6145 = LINE('',#6146,#6147);
#6146 = CARTESIAN_POINT('',(-2.52,-0.14,-0.845));
#6147 = VECTOR('',#6148,1.);
#6148 = DIRECTION('',(0.,0.,1.));
#6149 = ORIENTED_EDGE('',*,*,#6150,.T.);
#6150 = EDGE_CURVE('',#6143,#6103,#6151,.T.);
#6151 = LINE('',#6152,#6153);
#6152 = CARTESIAN_POINT('',(-2.52,-0.14,-0.845));
#6153 = VECTOR('',#6154,1.);
#6154 = DIRECTION('',(9.969675149292E-16,-1.,0.));
#6155 = ORIENTED_EDGE('',*,*,#6111,.T.);
#6156 = PLANE('',#6157);
#6157 = AXIS2_PLACEMENT_3D('',#6158,#6159,#6160);
#6158 = CARTESIAN_POINT('',(-2.52,-0.14,-0.845));
#6159 = DIRECTION('',(-1.,-9.969675149292E-16,0.));
#6160 = DIRECTION('',(9.969675149292E-16,-1.,0.));
#6161 = ADVANCED_FACE('',(#6162),#6189,.T.);
#6162 = FACE_BOUND('',#6163,.T.);
#6163 = EDGE_LOOP('',(#6164,#6173,#6181,#6188));
#6164 = ORIENTED_EDGE('',*,*,#6165,.F.);
#6165 = EDGE_CURVE('',#6166,#6135,#6168,.T.);
#6166 = VERTEX_POINT('',#6167);
#6167 = CARTESIAN_POINT('',(-2.27,0.11,-0.42));
#6168 = CIRCLE('',#6169,0.25);
#6169 = AXIS2_PLACEMENT_3D('',#6170,#6171,#6172);
#6170 = CARTESIAN_POINT('',(-2.27,-0.14,-0.42));
#6171 = DIRECTION('',(0.,0.,1.));
#6172 = DIRECTION('',(1.,0.,-0.));
#6173 = ORIENTED_EDGE('',*,*,#6174,.F.);
#6174 = EDGE_CURVE('',#6175,#6166,#6177,.T.);
#6175 = VERTEX_POINT('',#6176);
#6176 = CARTESIAN_POINT('',(-2.27,0.11,-0.845));
#6177 = LINE('',#6178,#6179);
#6178 = CARTESIAN_POINT('',(-2.27,0.11,-0.845));
#6179 = VECTOR('',#6180,1.);
#6180 = DIRECTION('',(0.,0.,1.));
#6181 = ORIENTED_EDGE('',*,*,#6182,.T.);
#6182 = EDGE_CURVE('',#6175,#6143,#6183,.T.);
#6183 = CIRCLE('',#6184,0.25);
#6184 = AXIS2_PLACEMENT_3D('',#6185,#6186,#6187);
#6185 = CARTESIAN_POINT('',(-2.27,-0.14,-0.845));
#6186 = DIRECTION('',(0.,0.,1.));
#6187 = DIRECTION('',(1.,0.,-0.));
#6188 = ORIENTED_EDGE('',*,*,#6142,.T.);
#6189 = CYLINDRICAL_SURFACE('',#6190,0.25);
#6190 = AXIS2_PLACEMENT_3D('',#6191,#6192,#6193);
#6191 = CARTESIAN_POINT('',(-2.27,-0.14,-0.845));
#6192 = DIRECTION('',(0.,0.,1.));
#6193 = DIRECTION('',(1.,0.,-0.));
#6194 = ADVANCED_FACE('',(#6195),#6220,.T.);
#6195 = FACE_BOUND('',#6196,.T.);
#6196 = EDGE_LOOP('',(#6197,#6203,#6204,#6205,#6211,#6212,#6213,#6214,
    #6215,#6216,#6217,#6218,#6219));
#6197 = ORIENTED_EDGE('',*,*,#6198,.T.);
#6198 = EDGE_CURVE('',#5905,#3950,#6199,.T.);
#6199 = LINE('',#6200,#6201);
#6200 = CARTESIAN_POINT('',(-4.24337722231E-16,-0.11,-0.42));
#6201 = VECTOR('',#6202,1.);
#6202 = DIRECTION('',(1.,0.,0.));
#6203 = ORIENTED_EDGE('',*,*,#3949,.T.);
#6204 = ORIENTED_EDGE('',*,*,#4180,.F.);
#6205 = ORIENTED_EDGE('',*,*,#6206,.T.);
#6206 = EDGE_CURVE('',#4173,#6166,#6207,.T.);
#6207 = LINE('',#6208,#6209);
#6208 = CARTESIAN_POINT('',(1.058422799427E-17,0.11,-0.42));
#6209 = VECTOR('',#6210,1.);
#6210 = DIRECTION('',(-1.,3.76127405653E-16,0.));
#6211 = ORIENTED_EDGE('',*,*,#6165,.T.);
#6212 = ORIENTED_EDGE('',*,*,#6134,.T.);
#6213 = ORIENTED_EDGE('',*,*,#6119,.T.);
#6214 = ORIENTED_EDGE('',*,*,#6070,.T.);
#6215 = ORIENTED_EDGE('',*,*,#6039,.T.);
#6216 = ORIENTED_EDGE('',*,*,#6008,.T.);
#6217 = ORIENTED_EDGE('',*,*,#5975,.T.);
#6218 = ORIENTED_EDGE('',*,*,#5944,.T.);
#6219 = ORIENTED_EDGE('',*,*,#5929,.T.);
#6220 = PLANE('',#6221);
#6221 = AXIS2_PLACEMENT_3D('',#6222,#6223,#6224);
#6222 = CARTESIAN_POINT('',(2.55,-0.575,-0.42));
#6223 = DIRECTION('',(0.,0.,1.));
#6224 = DIRECTION('',(1.,0.,-0.));
#6225 = ADVANCED_FACE('',(#6226),#6251,.F.);
#6226 = FACE_BOUND('',#6227,.T.);
#6227 = EDGE_LOOP('',(#6228,#6229,#6235,#6236,#6237,#6238,#6239,#6240,
    #6241,#6242,#6243,#6244,#6250));
#6228 = ORIENTED_EDGE('',*,*,#3965,.F.);
#6229 = ORIENTED_EDGE('',*,*,#6230,.F.);
#6230 = EDGE_CURVE('',#5903,#3958,#6231,.T.);
#6231 = LINE('',#6232,#6233);
#6232 = CARTESIAN_POINT('',(-4.24337722231E-16,-0.11,-0.845));
#6233 = VECTOR('',#6234,1.);
#6234 = DIRECTION('',(1.,-3.820976819332E-16,-0.));
#6235 = ORIENTED_EDGE('',*,*,#5912,.F.);
#6236 = ORIENTED_EDGE('',*,*,#5960,.F.);
#6237 = ORIENTED_EDGE('',*,*,#5992,.F.);
#6238 = ORIENTED_EDGE('',*,*,#6024,.F.);
#6239 = ORIENTED_EDGE('',*,*,#6055,.F.);
#6240 = ORIENTED_EDGE('',*,*,#6086,.F.);
#6241 = ORIENTED_EDGE('',*,*,#6102,.F.);
#6242 = ORIENTED_EDGE('',*,*,#6150,.F.);
#6243 = ORIENTED_EDGE('',*,*,#6182,.F.);
#6244 = ORIENTED_EDGE('',*,*,#6245,.F.);
#6245 = EDGE_CURVE('',#4165,#6175,#6246,.T.);
#6246 = LINE('',#6247,#6248);
#6247 = CARTESIAN_POINT('',(1.058422799427E-17,0.11,-0.845));
#6248 = VECTOR('',#6249,1.);
#6249 = DIRECTION('',(-1.,5.970276280207E-18,-0.));
#6250 = ORIENTED_EDGE('',*,*,#4164,.T.);
#6251 = PLANE('',#6252);
#6252 = AXIS2_PLACEMENT_3D('',#6253,#6254,#6255);
#6253 = CARTESIAN_POINT('',(2.55,-0.575,-0.845));
#6254 = DIRECTION('',(0.,0.,1.));
#6255 = DIRECTION('',(1.,0.,-0.));
#6256 = ADVANCED_FACE('',(#6257),#6263,.T.);
#6257 = FACE_BOUND('',#6258,.T.);
#6258 = EDGE_LOOP('',(#6259,#6260,#6261,#6262));
#6259 = ORIENTED_EDGE('',*,*,#4172,.F.);
#6260 = ORIENTED_EDGE('',*,*,#6245,.T.);
#6261 = ORIENTED_EDGE('',*,*,#6174,.T.);
#6262 = ORIENTED_EDGE('',*,*,#6206,.F.);
#6263 = PLANE('',#6264);
#6264 = AXIS2_PLACEMENT_3D('',#6265,#6266,#6267);
#6265 = CARTESIAN_POINT('',(1.058422799427E-17,0.11,-0.845));
#6266 = DIRECTION('',(3.76127405653E-16,1.,-0.));
#6267 = DIRECTION('',(-1.,3.76127405653E-16,0.));
#6268 = ADVANCED_FACE('',(#6269),#6275,.T.);
#6269 = FACE_BOUND('',#6270,.T.);
#6270 = EDGE_LOOP('',(#6271,#6272,#6273,#6274));
#6271 = ORIENTED_EDGE('',*,*,#6230,.T.);
#6272 = ORIENTED_EDGE('',*,*,#3957,.T.);
#6273 = ORIENTED_EDGE('',*,*,#6198,.F.);
#6274 = ORIENTED_EDGE('',*,*,#5902,.F.);
#6275 = PLANE('',#6276);
#6276 = AXIS2_PLACEMENT_3D('',#6277,#6278,#6279);
#6277 = CARTESIAN_POINT('',(-4.24337722231E-16,-0.11,-0.845));
#6278 = DIRECTION('',(0.,-1.,0.));
#6279 = DIRECTION('',(0.,-0.,-1.));
#6280 = ADVANCED_FACE('',(#6281),#6306,.T.);
#6281 = FACE_BOUND('',#6282,.T.);
#6282 = EDGE_LOOP('',(#6283,#6291,#6292,#6300));
#6283 = ORIENTED_EDGE('',*,*,#6284,.F.);
#6284 = EDGE_CURVE('',#3710,#6285,#6287,.T.);
#6285 = VERTEX_POINT('',#6286);
#6286 = CARTESIAN_POINT('',(2.27,-0.11,-0.42));
#6287 = LINE('',#6288,#6289);
#6288 = CARTESIAN_POINT('',(-4.24337722231E-16,-0.11,-0.42));
#6289 = VECTOR('',#6290,1.);
#6290 = DIRECTION('',(1.,0.,0.));
#6291 = ORIENTED_EDGE('',*,*,#3709,.T.);
#6292 = ORIENTED_EDGE('',*,*,#6293,.T.);
#6293 = EDGE_CURVE('',#3702,#6294,#6296,.T.);
#6294 = VERTEX_POINT('',#6295);
#6295 = CARTESIAN_POINT('',(2.27,-0.11,-0.845));
#6296 = LINE('',#6297,#6298);
#6297 = CARTESIAN_POINT('',(-4.24337722231E-16,-0.11,-0.845));
#6298 = VECTOR('',#6299,1.);
#6299 = DIRECTION('',(1.,-3.820976819332E-16,-0.));
#6300 = ORIENTED_EDGE('',*,*,#6301,.T.);
#6301 = EDGE_CURVE('',#6294,#6285,#6302,.T.);
#6302 = LINE('',#6303,#6304);
#6303 = CARTESIAN_POINT('',(2.27,-0.11,-0.845));
#6304 = VECTOR('',#6305,1.);
#6305 = DIRECTION('',(0.,0.,1.));
#6306 = PLANE('',#6307);
#6307 = AXIS2_PLACEMENT_3D('',#6308,#6309,#6310);
#6308 = CARTESIAN_POINT('',(-4.24337722231E-16,-0.11,-0.845));
#6309 = DIRECTION('',(0.,-1.,0.));
#6310 = DIRECTION('',(0.,-0.,-1.));
#6311 = ADVANCED_FACE('',(#6312),#6337,.T.);
#6312 = FACE_BOUND('',#6313,.T.);
#6313 = EDGE_LOOP('',(#6314,#6315,#6323,#6331));
#6314 = ORIENTED_EDGE('',*,*,#4081,.F.);
#6315 = ORIENTED_EDGE('',*,*,#6316,.F.);
#6316 = EDGE_CURVE('',#6317,#4074,#6319,.T.);
#6317 = VERTEX_POINT('',#6318);
#6318 = CARTESIAN_POINT('',(2.27,0.11,-0.42));
#6319 = LINE('',#6320,#6321);
#6320 = CARTESIAN_POINT('',(1.058422799427E-17,0.11,-0.42));
#6321 = VECTOR('',#6322,1.);
#6322 = DIRECTION('',(-1.,3.76127405653E-16,0.));
#6323 = ORIENTED_EDGE('',*,*,#6324,.F.);
#6324 = EDGE_CURVE('',#6325,#6317,#6327,.T.);
#6325 = VERTEX_POINT('',#6326);
#6326 = CARTESIAN_POINT('',(2.27,0.11,-0.845));
#6327 = LINE('',#6328,#6329);
#6328 = CARTESIAN_POINT('',(2.27,0.11,-0.845));
#6329 = VECTOR('',#6330,1.);
#6330 = DIRECTION('',(0.,0.,1.));
#6331 = ORIENTED_EDGE('',*,*,#6332,.T.);
#6332 = EDGE_CURVE('',#6325,#4082,#6333,.T.);
#6333 = LINE('',#6334,#6335);
#6334 = CARTESIAN_POINT('',(1.058422799427E-17,0.11,-0.845));
#6335 = VECTOR('',#6336,1.);
#6336 = DIRECTION('',(-1.,5.970276280207E-18,-0.));
#6337 = PLANE('',#6338);
#6338 = AXIS2_PLACEMENT_3D('',#6339,#6340,#6341);
#6339 = CARTESIAN_POINT('',(1.058422799427E-17,0.11,-0.845));
#6340 = DIRECTION('',(3.76127405653E-16,1.,-0.));
#6341 = DIRECTION('',(-1.,3.76127405653E-16,0.));
#6342 = ADVANCED_FACE('',(#6343),#6423,.F.);
#6343 = FACE_BOUND('',#6344,.T.);
#6344 = EDGE_LOOP('',(#6345,#6346,#6347,#6348,#6357,#6365,#6374,#6382,
    #6390,#6398,#6407,#6415,#6422));
#6345 = ORIENTED_EDGE('',*,*,#3701,.F.);
#6346 = ORIENTED_EDGE('',*,*,#4089,.T.);
#6347 = ORIENTED_EDGE('',*,*,#6332,.F.);
#6348 = ORIENTED_EDGE('',*,*,#6349,.F.);
#6349 = EDGE_CURVE('',#6350,#6325,#6352,.T.);
#6350 = VERTEX_POINT('',#6351);
#6351 = CARTESIAN_POINT('',(2.52,-0.14,-0.845));
#6352 = CIRCLE('',#6353,0.25);
#6353 = AXIS2_PLACEMENT_3D('',#6354,#6355,#6356);
#6354 = CARTESIAN_POINT('',(2.27,-0.14,-0.845));
#6355 = DIRECTION('',(0.,0.,1.));
#6356 = DIRECTION('',(-1.,0.,0.));
#6357 = ORIENTED_EDGE('',*,*,#6358,.F.);
#6358 = EDGE_CURVE('',#6359,#6350,#6361,.T.);
#6359 = VERTEX_POINT('',#6360);
#6360 = CARTESIAN_POINT('',(2.52,-0.575,-0.845));
#6361 = LINE('',#6362,#6363);
#6362 = CARTESIAN_POINT('',(2.52,-0.14,-0.845));
#6363 = VECTOR('',#6364,1.);
#6364 = DIRECTION('',(9.969675149292E-16,1.,-0.));
#6365 = ORIENTED_EDGE('',*,*,#6366,.F.);
#6366 = EDGE_CURVE('',#6367,#6359,#6369,.T.);
#6367 = VERTEX_POINT('',#6368);
#6368 = CARTESIAN_POINT('',(2.55,-0.605,-0.845));
#6369 = CIRCLE('',#6370,3.E-02);
#6370 = AXIS2_PLACEMENT_3D('',#6371,#6372,#6373);
#6371 = CARTESIAN_POINT('',(2.55,-0.575,-0.845));
#6372 = DIRECTION('',(0.,0.,-1.));
#6373 = DIRECTION('',(1.,0.,0.));
#6374 = ORIENTED_EDGE('',*,*,#6375,.F.);
#6375 = EDGE_CURVE('',#6376,#6367,#6378,.T.);
#6376 = VERTEX_POINT('',#6377);
#6377 = CARTESIAN_POINT('',(3.,-0.605,-0.845));
#6378 = LINE('',#6379,#6380);
#6379 = CARTESIAN_POINT('',(2.55,-0.605,-0.845));
#6380 = VECTOR('',#6381,1.);
#6381 = DIRECTION('',(-1.,2.409338161079E-16,-0.));
#6382 = ORIENTED_EDGE('',*,*,#6383,.F.);
#6383 = EDGE_CURVE('',#6384,#6376,#6386,.T.);
#6384 = VERTEX_POINT('',#6385);
#6385 = CARTESIAN_POINT('',(3.,-0.825,-0.845));
#6386 = LINE('',#6387,#6388);
#6387 = CARTESIAN_POINT('',(3.,-0.825,-0.845));
#6388 = VECTOR('',#6389,1.);
#6389 = DIRECTION('',(0.,1.,0.));
#6390 = ORIENTED_EDGE('',*,*,#6391,.F.);
#6391 = EDGE_CURVE('',#6392,#6384,#6394,.T.);
#6392 = VERTEX_POINT('',#6393);
#6393 = CARTESIAN_POINT('',(2.55,-0.825,-0.845));
#6394 = LINE('',#6395,#6396);
#6395 = CARTESIAN_POINT('',(2.55,-0.825,-0.845));
#6396 = VECTOR('',#6397,1.);
#6397 = DIRECTION('',(1.,-4.818676322158E-16,0.));
#6398 = ORIENTED_EDGE('',*,*,#6399,.F.);
#6399 = EDGE_CURVE('',#6400,#6392,#6402,.T.);
#6400 = VERTEX_POINT('',#6401);
#6401 = CARTESIAN_POINT('',(2.3,-0.575,-0.845));
#6402 = CIRCLE('',#6403,0.25);
#6403 = AXIS2_PLACEMENT_3D('',#6404,#6405,#6406);
#6404 = CARTESIAN_POINT('',(2.55,-0.575,-0.845));
#6405 = DIRECTION('',(0.,0.,1.));
#6406 = DIRECTION('',(1.,0.,-0.));
#6407 = ORIENTED_EDGE('',*,*,#6408,.F.);
#6408 = EDGE_CURVE('',#6409,#6400,#6411,.T.);
#6409 = VERTEX_POINT('',#6410);
#6410 = CARTESIAN_POINT('',(2.3,-0.14,-0.845));
#6411 = LINE('',#6412,#6413);
#6412 = CARTESIAN_POINT('',(2.3,-0.14,-0.845));
#6413 = VECTOR('',#6414,1.);
#6414 = DIRECTION('',(0.,-1.,0.));
#6415 = ORIENTED_EDGE('',*,*,#6416,.F.);
#6416 = EDGE_CURVE('',#6294,#6409,#6417,.T.);
#6417 = CIRCLE('',#6418,3.E-02);
#6418 = AXIS2_PLACEMENT_3D('',#6419,#6420,#6421);
#6419 = CARTESIAN_POINT('',(2.27,-0.14,-0.845));
#6420 = DIRECTION('',(-0.,0.,-1.));
#6421 = DIRECTION('',(-1.,0.,0.));
#6422 = ORIENTED_EDGE('',*,*,#6293,.F.);
#6423 = PLANE('',#6424);
#6424 = AXIS2_PLACEMENT_3D('',#6425,#6426,#6427);
#6425 = CARTESIAN_POINT('',(2.55,-0.575,-0.845));
#6426 = DIRECTION('',(0.,0.,1.));
#6427 = DIRECTION('',(1.,0.,-0.));
#6428 = ADVANCED_FACE('',(#6429),#6509,.T.);
#6429 = FACE_BOUND('',#6430,.T.);
#6430 = EDGE_LOOP('',(#6431,#6432,#6433,#6434,#6443,#6451,#6460,#6468,
    #6476,#6484,#6493,#6501,#6508));
#6431 = ORIENTED_EDGE('',*,*,#4073,.F.);
#6432 = ORIENTED_EDGE('',*,*,#3717,.T.);
#6433 = ORIENTED_EDGE('',*,*,#6284,.T.);
#6434 = ORIENTED_EDGE('',*,*,#6435,.T.);
#6435 = EDGE_CURVE('',#6285,#6436,#6438,.T.);
#6436 = VERTEX_POINT('',#6437);
#6437 = CARTESIAN_POINT('',(2.3,-0.14,-0.42));
#6438 = CIRCLE('',#6439,3.E-02);
#6439 = AXIS2_PLACEMENT_3D('',#6440,#6441,#6442);
#6440 = CARTESIAN_POINT('',(2.27,-0.14,-0.42));
#6441 = DIRECTION('',(-0.,0.,-1.));
#6442 = DIRECTION('',(-1.,0.,0.));
#6443 = ORIENTED_EDGE('',*,*,#6444,.T.);
#6444 = EDGE_CURVE('',#6436,#6445,#6447,.T.);
#6445 = VERTEX_POINT('',#6446);
#6446 = CARTESIAN_POINT('',(2.3,-0.575,-0.42));
#6447 = LINE('',#6448,#6449);
#6448 = CARTESIAN_POINT('',(2.3,-0.14,-0.42));
#6449 = VECTOR('',#6450,1.);
#6450 = DIRECTION('',(0.,-1.,0.));
#6451 = ORIENTED_EDGE('',*,*,#6452,.T.);
#6452 = EDGE_CURVE('',#6445,#6453,#6455,.T.);
#6453 = VERTEX_POINT('',#6454);
#6454 = CARTESIAN_POINT('',(2.55,-0.825,-0.42));
#6455 = CIRCLE('',#6456,0.25);
#6456 = AXIS2_PLACEMENT_3D('',#6457,#6458,#6459);
#6457 = CARTESIAN_POINT('',(2.55,-0.575,-0.42));
#6458 = DIRECTION('',(0.,0.,1.));
#6459 = DIRECTION('',(1.,0.,-0.));
#6460 = ORIENTED_EDGE('',*,*,#6461,.T.);
#6461 = EDGE_CURVE('',#6453,#6462,#6464,.T.);
#6462 = VERTEX_POINT('',#6463);
#6463 = CARTESIAN_POINT('',(3.,-0.825,-0.42));
#6464 = LINE('',#6465,#6466);
#6465 = CARTESIAN_POINT('',(2.55,-0.825,-0.42));
#6466 = VECTOR('',#6467,1.);
#6467 = DIRECTION('',(1.,-4.818676322158E-16,0.));
#6468 = ORIENTED_EDGE('',*,*,#6469,.T.);
#6469 = EDGE_CURVE('',#6462,#6470,#6472,.T.);
#6470 = VERTEX_POINT('',#6471);
#6471 = CARTESIAN_POINT('',(3.,-0.605,-0.42));
#6472 = LINE('',#6473,#6474);
#6473 = CARTESIAN_POINT('',(3.,-0.825,-0.42));
#6474 = VECTOR('',#6475,1.);
#6475 = DIRECTION('',(0.,1.,0.));
#6476 = ORIENTED_EDGE('',*,*,#6477,.T.);
#6477 = EDGE_CURVE('',#6470,#6478,#6480,.T.);
#6478 = VERTEX_POINT('',#6479);
#6479 = CARTESIAN_POINT('',(2.55,-0.605,-0.42));
#6480 = LINE('',#6481,#6482);
#6481 = CARTESIAN_POINT('',(2.55,-0.605,-0.42));
#6482 = VECTOR('',#6483,1.);
#6483 = DIRECTION('',(-1.,2.409338161079E-16,-0.));
#6484 = ORIENTED_EDGE('',*,*,#6485,.T.);
#6485 = EDGE_CURVE('',#6478,#6486,#6488,.T.);
#6486 = VERTEX_POINT('',#6487);
#6487 = CARTESIAN_POINT('',(2.52,-0.575,-0.42));
#6488 = CIRCLE('',#6489,3.E-02);
#6489 = AXIS2_PLACEMENT_3D('',#6490,#6491,#6492);
#6490 = CARTESIAN_POINT('',(2.55,-0.575,-0.42));
#6491 = DIRECTION('',(0.,0.,-1.));
#6492 = DIRECTION('',(1.,0.,0.));
#6493 = ORIENTED_EDGE('',*,*,#6494,.T.);
#6494 = EDGE_CURVE('',#6486,#6495,#6497,.T.);
#6495 = VERTEX_POINT('',#6496);
#6496 = CARTESIAN_POINT('',(2.52,-0.14,-0.42));
#6497 = LINE('',#6498,#6499);
#6498 = CARTESIAN_POINT('',(2.52,-0.14,-0.42));
#6499 = VECTOR('',#6500,1.);
#6500 = DIRECTION('',(9.969675149292E-16,1.,-0.));
#6501 = ORIENTED_EDGE('',*,*,#6502,.T.);
#6502 = EDGE_CURVE('',#6495,#6317,#6503,.T.);
#6503 = CIRCLE('',#6504,0.25);
#6504 = AXIS2_PLACEMENT_3D('',#6505,#6506,#6507);
#6505 = CARTESIAN_POINT('',(2.27,-0.14,-0.42));
#6506 = DIRECTION('',(0.,0.,1.));
#6507 = DIRECTION('',(-1.,0.,0.));
#6508 = ORIENTED_EDGE('',*,*,#6316,.T.);
#6509 = PLANE('',#6510);
#6510 = AXIS2_PLACEMENT_3D('',#6511,#6512,#6513);
#6511 = CARTESIAN_POINT('',(2.55,-0.575,-0.42));
#6512 = DIRECTION('',(0.,0.,1.));
#6513 = DIRECTION('',(1.,0.,-0.));
#6514 = ADVANCED_FACE('',(#6515),#6531,.T.);
#6515 = FACE_BOUND('',#6516,.T.);
#6516 = EDGE_LOOP('',(#6517,#6518,#6524,#6525));
#6517 = ORIENTED_EDGE('',*,*,#6469,.F.);
#6518 = ORIENTED_EDGE('',*,*,#6519,.F.);
#6519 = EDGE_CURVE('',#6384,#6462,#6520,.T.);
#6520 = LINE('',#6521,#6522);
#6521 = CARTESIAN_POINT('',(3.,-0.825,-0.845));
#6522 = VECTOR('',#6523,1.);
#6523 = DIRECTION('',(0.,0.,1.));
#6524 = ORIENTED_EDGE('',*,*,#6383,.T.);
#6525 = ORIENTED_EDGE('',*,*,#6526,.T.);
#6526 = EDGE_CURVE('',#6376,#6470,#6527,.T.);
#6527 = LINE('',#6528,#6529);
#6528 = CARTESIAN_POINT('',(3.,-0.605,-0.845));
#6529 = VECTOR('',#6530,1.);
#6530 = DIRECTION('',(0.,0.,1.));
#6531 = PLANE('',#6532);
#6532 = AXIS2_PLACEMENT_3D('',#6533,#6534,#6535);
#6533 = CARTESIAN_POINT('',(3.,-0.825,-0.845));
#6534 = DIRECTION('',(1.,0.,0.));
#6535 = DIRECTION('',(0.,0.,-1.));
#6536 = ADVANCED_FACE('',(#6537),#6548,.T.);
#6537 = FACE_BOUND('',#6538,.T.);
#6538 = EDGE_LOOP('',(#6539,#6540,#6546,#6547));
#6539 = ORIENTED_EDGE('',*,*,#6461,.F.);
#6540 = ORIENTED_EDGE('',*,*,#6541,.F.);
#6541 = EDGE_CURVE('',#6392,#6453,#6542,.T.);
#6542 = LINE('',#6543,#6544);
#6543 = CARTESIAN_POINT('',(2.55,-0.825,-0.845));
#6544 = VECTOR('',#6545,1.);
#6545 = DIRECTION('',(0.,0.,1.));
#6546 = ORIENTED_EDGE('',*,*,#6391,.T.);
#6547 = ORIENTED_EDGE('',*,*,#6519,.T.);
#6548 = PLANE('',#6549);
#6549 = AXIS2_PLACEMENT_3D('',#6550,#6551,#6552);
#6550 = CARTESIAN_POINT('',(2.55,-0.825,-0.845));
#6551 = DIRECTION('',(-4.818676322158E-16,-1.,0.));
#6552 = DIRECTION('',(1.,-4.818676322158E-16,0.));
#6553 = ADVANCED_FACE('',(#6554),#6565,.T.);
#6554 = FACE_BOUND('',#6555,.T.);
#6555 = EDGE_LOOP('',(#6556,#6557,#6563,#6564));
#6556 = ORIENTED_EDGE('',*,*,#6452,.F.);
#6557 = ORIENTED_EDGE('',*,*,#6558,.F.);
#6558 = EDGE_CURVE('',#6400,#6445,#6559,.T.);
#6559 = LINE('',#6560,#6561);
#6560 = CARTESIAN_POINT('',(2.3,-0.575,-0.845));
#6561 = VECTOR('',#6562,1.);
#6562 = DIRECTION('',(0.,0.,1.));
#6563 = ORIENTED_EDGE('',*,*,#6399,.T.);
#6564 = ORIENTED_EDGE('',*,*,#6541,.T.);
#6565 = CYLINDRICAL_SURFACE('',#6566,0.25);
#6566 = AXIS2_PLACEMENT_3D('',#6567,#6568,#6569);
#6567 = CARTESIAN_POINT('',(2.55,-0.575,-0.845));
#6568 = DIRECTION('',(0.,0.,1.));
#6569 = DIRECTION('',(1.,0.,-0.));
#6570 = ADVANCED_FACE('',(#6571),#6582,.T.);
#6571 = FACE_BOUND('',#6572,.T.);
#6572 = EDGE_LOOP('',(#6573,#6574,#6580,#6581));
#6573 = ORIENTED_EDGE('',*,*,#6444,.F.);
#6574 = ORIENTED_EDGE('',*,*,#6575,.F.);
#6575 = EDGE_CURVE('',#6409,#6436,#6576,.T.);
#6576 = LINE('',#6577,#6578);
#6577 = CARTESIAN_POINT('',(2.3,-0.14,-0.845));
#6578 = VECTOR('',#6579,1.);
#6579 = DIRECTION('',(0.,0.,1.));
#6580 = ORIENTED_EDGE('',*,*,#6408,.T.);
#6581 = ORIENTED_EDGE('',*,*,#6558,.T.);
#6582 = PLANE('',#6583);
#6583 = AXIS2_PLACEMENT_3D('',#6584,#6585,#6586);
#6584 = CARTESIAN_POINT('',(2.3,-0.14,-0.845));
#6585 = DIRECTION('',(-1.,0.,0.));
#6586 = DIRECTION('',(0.,0.,1.));
#6587 = ADVANCED_FACE('',(#6588),#6594,.F.);
#6588 = FACE_BOUND('',#6589,.F.);
#6589 = EDGE_LOOP('',(#6590,#6591,#6592,#6593));
#6590 = ORIENTED_EDGE('',*,*,#6575,.F.);
#6591 = ORIENTED_EDGE('',*,*,#6416,.F.);
#6592 = ORIENTED_EDGE('',*,*,#6301,.T.);
#6593 = ORIENTED_EDGE('',*,*,#6435,.T.);
#6594 = CYLINDRICAL_SURFACE('',#6595,3.E-02);
#6595 = AXIS2_PLACEMENT_3D('',#6596,#6597,#6598);
#6596 = CARTESIAN_POINT('',(2.27,-0.14,-0.845));
#6597 = DIRECTION('',(0.,0.,1.));
#6598 = DIRECTION('',(1.,0.,-0.));
#6599 = ADVANCED_FACE('',(#6600),#6611,.T.);
#6600 = FACE_BOUND('',#6601,.T.);
#6601 = EDGE_LOOP('',(#6602,#6603,#6609,#6610));
#6602 = ORIENTED_EDGE('',*,*,#6502,.F.);
#6603 = ORIENTED_EDGE('',*,*,#6604,.F.);
#6604 = EDGE_CURVE('',#6350,#6495,#6605,.T.);
#6605 = LINE('',#6606,#6607);
#6606 = CARTESIAN_POINT('',(2.52,-0.14,-0.845));
#6607 = VECTOR('',#6608,1.);
#6608 = DIRECTION('',(0.,0.,1.));
#6609 = ORIENTED_EDGE('',*,*,#6349,.T.);
#6610 = ORIENTED_EDGE('',*,*,#6324,.T.);
#6611 = CYLINDRICAL_SURFACE('',#6612,0.25);
#6612 = AXIS2_PLACEMENT_3D('',#6613,#6614,#6615);
#6613 = CARTESIAN_POINT('',(2.27,-0.14,-0.845));
#6614 = DIRECTION('',(0.,0.,1.));
#6615 = DIRECTION('',(1.,0.,-0.));
#6616 = ADVANCED_FACE('',(#6617),#6628,.T.);
#6617 = FACE_BOUND('',#6618,.T.);
#6618 = EDGE_LOOP('',(#6619,#6620,#6626,#6627));
#6619 = ORIENTED_EDGE('',*,*,#6494,.F.);
#6620 = ORIENTED_EDGE('',*,*,#6621,.F.);
#6621 = EDGE_CURVE('',#6359,#6486,#6622,.T.);
#6622 = LINE('',#6623,#6624);
#6623 = CARTESIAN_POINT('',(2.52,-0.575,-0.845));
#6624 = VECTOR('',#6625,1.);
#6625 = DIRECTION('',(0.,0.,1.));
#6626 = ORIENTED_EDGE('',*,*,#6358,.T.);
#6627 = ORIENTED_EDGE('',*,*,#6604,.T.);
#6628 = PLANE('',#6629);
#6629 = AXIS2_PLACEMENT_3D('',#6630,#6631,#6632);
#6630 = CARTESIAN_POINT('',(2.52,-0.14,-0.845));
#6631 = DIRECTION('',(1.,-9.969675149292E-16,0.));
#6632 = DIRECTION('',(9.969675149292E-16,1.,0.));
#6633 = ADVANCED_FACE('',(#6634),#6645,.F.);
#6634 = FACE_BOUND('',#6635,.F.);
#6635 = EDGE_LOOP('',(#6636,#6637,#6638,#6644));
#6636 = ORIENTED_EDGE('',*,*,#6621,.F.);
#6637 = ORIENTED_EDGE('',*,*,#6366,.F.);
#6638 = ORIENTED_EDGE('',*,*,#6639,.T.);
#6639 = EDGE_CURVE('',#6367,#6478,#6640,.T.);
#6640 = LINE('',#6641,#6642);
#6641 = CARTESIAN_POINT('',(2.55,-0.605,-0.845));
#6642 = VECTOR('',#6643,1.);
#6643 = DIRECTION('',(0.,0.,1.));
#6644 = ORIENTED_EDGE('',*,*,#6485,.T.);
#6645 = CYLINDRICAL_SURFACE('',#6646,3.E-02);
#6646 = AXIS2_PLACEMENT_3D('',#6647,#6648,#6649);
#6647 = CARTESIAN_POINT('',(2.55,-0.575,-0.845));
#6648 = DIRECTION('',(0.,0.,1.));
#6649 = DIRECTION('',(1.,0.,-0.));
#6650 = ADVANCED_FACE('',(#6651),#6657,.T.);
#6651 = FACE_BOUND('',#6652,.T.);
#6652 = EDGE_LOOP('',(#6653,#6654,#6655,#6656));
#6653 = ORIENTED_EDGE('',*,*,#6477,.F.);
#6654 = ORIENTED_EDGE('',*,*,#6526,.F.);
#6655 = ORIENTED_EDGE('',*,*,#6375,.T.);
#6656 = ORIENTED_EDGE('',*,*,#6639,.T.);
#6657 = PLANE('',#6658);
#6658 = AXIS2_PLACEMENT_3D('',#6659,#6660,#6661);
#6659 = CARTESIAN_POINT('',(2.55,-0.605,-0.845));
#6660 = DIRECTION('',(2.409338161079E-16,1.,-0.));
#6661 = DIRECTION('',(-1.,2.409338161079E-16,0.));
#6662 = ADVANCED_FACE('',(#6663),#6699,.F.);
#6663 = FACE_BOUND('',#6664,.F.);
#6664 = EDGE_LOOP('',(#6665,#6675,#6684,#6692));
#6665 = ORIENTED_EDGE('',*,*,#6666,.F.);
#6666 = EDGE_CURVE('',#6667,#6669,#6671,.T.);
#6667 = VERTEX_POINT('',#6668);
#6668 = CARTESIAN_POINT('',(-2.27,-0.11,-2.115));
#6669 = VERTEX_POINT('',#6670);
#6670 = CARTESIAN_POINT('',(-2.27,-0.11,-1.69));
#6671 = LINE('',#6672,#6673);
#6672 = CARTESIAN_POINT('',(-2.27,-0.11,-2.115));
#6673 = VECTOR('',#6674,1.);
#6674 = DIRECTION('',(0.,0.,1.));
#6675 = ORIENTED_EDGE('',*,*,#6676,.F.);
#6676 = EDGE_CURVE('',#6677,#6667,#6679,.T.);
#6677 = VERTEX_POINT('',#6678);
#6678 = CARTESIAN_POINT('',(-2.3,-0.14,-2.115));
#6679 = CIRCLE('',#6680,3.E-02);
#6680 = AXIS2_PLACEMENT_3D('',#6681,#6682,#6683);
#6681 = CARTESIAN_POINT('',(-2.27,-0.14,-2.115));
#6682 = DIRECTION('',(0.,0.,-1.));
#6683 = DIRECTION('',(1.,0.,0.));
#6684 = ORIENTED_EDGE('',*,*,#6685,.T.);
#6685 = EDGE_CURVE('',#6677,#6686,#6688,.T.);
#6686 = VERTEX_POINT('',#6687);
#6687 = CARTESIAN_POINT('',(-2.3,-0.14,-1.69));
#6688 = LINE('',#6689,#6690);
#6689 = CARTESIAN_POINT('',(-2.3,-0.14,-2.115));
#6690 = VECTOR('',#6691,1.);
#6691 = DIRECTION('',(0.,0.,1.));
#6692 = ORIENTED_EDGE('',*,*,#6693,.T.);
#6693 = EDGE_CURVE('',#6686,#6669,#6694,.T.);
#6694 = CIRCLE('',#6695,3.E-02);
#6695 = AXIS2_PLACEMENT_3D('',#6696,#6697,#6698);
#6696 = CARTESIAN_POINT('',(-2.27,-0.14,-1.69));
#6697 = DIRECTION('',(0.,0.,-1.));
#6698 = DIRECTION('',(1.,0.,0.));
#6699 = CYLINDRICAL_SURFACE('',#6700,3.E-02);
#6700 = AXIS2_PLACEMENT_3D('',#6701,#6702,#6703);
#6701 = CARTESIAN_POINT('',(-2.27,-0.14,-2.115));
#6702 = DIRECTION('',(0.,0.,1.));
#6703 = DIRECTION('',(1.,0.,-0.));
#6704 = ADVANCED_FACE('',(#6705),#6730,.T.);
#6705 = FACE_BOUND('',#6706,.T.);
#6706 = EDGE_LOOP('',(#6707,#6715,#6723,#6729));
#6707 = ORIENTED_EDGE('',*,*,#6708,.F.);
#6708 = EDGE_CURVE('',#6709,#6686,#6711,.T.);
#6709 = VERTEX_POINT('',#6710);
#6710 = CARTESIAN_POINT('',(-2.3,-0.575,-1.69));
#6711 = LINE('',#6712,#6713);
#6712 = CARTESIAN_POINT('',(-2.3,-0.14,-1.69));
#6713 = VECTOR('',#6714,1.);
#6714 = DIRECTION('',(-0.,1.,-0.));
#6715 = ORIENTED_EDGE('',*,*,#6716,.F.);
#6716 = EDGE_CURVE('',#6717,#6709,#6719,.T.);
#6717 = VERTEX_POINT('',#6718);
#6718 = CARTESIAN_POINT('',(-2.3,-0.575,-2.115));
#6719 = LINE('',#6720,#6721);
#6720 = CARTESIAN_POINT('',(-2.3,-0.575,-2.115));
#6721 = VECTOR('',#6722,1.);
#6722 = DIRECTION('',(0.,0.,1.));
#6723 = ORIENTED_EDGE('',*,*,#6724,.T.);
#6724 = EDGE_CURVE('',#6717,#6677,#6725,.T.);
#6725 = LINE('',#6726,#6727);
#6726 = CARTESIAN_POINT('',(-2.3,-0.14,-2.115));
#6727 = VECTOR('',#6728,1.);
#6728 = DIRECTION('',(-0.,1.,-0.));
#6729 = ORIENTED_EDGE('',*,*,#6685,.T.);
#6730 = PLANE('',#6731);
#6731 = AXIS2_PLACEMENT_3D('',#6732,#6733,#6734);
#6732 = CARTESIAN_POINT('',(-2.3,-0.14,-2.115));
#6733 = DIRECTION('',(1.,0.,-0.));
#6734 = DIRECTION('',(-0.,0.,-1.));
#6735 = ADVANCED_FACE('',(#6736),#6763,.T.);
#6736 = FACE_BOUND('',#6737,.T.);
#6737 = EDGE_LOOP('',(#6738,#6747,#6755,#6762));
#6738 = ORIENTED_EDGE('',*,*,#6739,.F.);
#6739 = EDGE_CURVE('',#6740,#6709,#6742,.T.);
#6740 = VERTEX_POINT('',#6741);
#6741 = CARTESIAN_POINT('',(-2.55,-0.825,-1.69));
#6742 = CIRCLE('',#6743,0.25);
#6743 = AXIS2_PLACEMENT_3D('',#6744,#6745,#6746);
#6744 = CARTESIAN_POINT('',(-2.55,-0.575,-1.69));
#6745 = DIRECTION('',(0.,0.,1.));
#6746 = DIRECTION('',(-1.,0.,0.));
#6747 = ORIENTED_EDGE('',*,*,#6748,.F.);
#6748 = EDGE_CURVE('',#6749,#6740,#6751,.T.);
#6749 = VERTEX_POINT('',#6750);
#6750 = CARTESIAN_POINT('',(-2.55,-0.825,-2.115));
#6751 = LINE('',#6752,#6753);
#6752 = CARTESIAN_POINT('',(-2.55,-0.825,-2.115));
#6753 = VECTOR('',#6754,1.);
#6754 = DIRECTION('',(0.,0.,1.));
#6755 = ORIENTED_EDGE('',*,*,#6756,.T.);
#6756 = EDGE_CURVE('',#6749,#6717,#6757,.T.);
#6757 = CIRCLE('',#6758,0.25);
#6758 = AXIS2_PLACEMENT_3D('',#6759,#6760,#6761);
#6759 = CARTESIAN_POINT('',(-2.55,-0.575,-2.115));
#6760 = DIRECTION('',(0.,0.,1.));
#6761 = DIRECTION('',(-1.,0.,0.));
#6762 = ORIENTED_EDGE('',*,*,#6716,.T.);
#6763 = CYLINDRICAL_SURFACE('',#6764,0.25);
#6764 = AXIS2_PLACEMENT_3D('',#6765,#6766,#6767);
#6765 = CARTESIAN_POINT('',(-2.55,-0.575,-2.115));
#6766 = DIRECTION('',(0.,0.,1.));
#6767 = DIRECTION('',(1.,0.,-0.));
#6768 = ADVANCED_FACE('',(#6769),#6794,.T.);
#6769 = FACE_BOUND('',#6770,.T.);
#6770 = EDGE_LOOP('',(#6771,#6779,#6787,#6793));
#6771 = ORIENTED_EDGE('',*,*,#6772,.F.);
#6772 = EDGE_CURVE('',#6773,#6740,#6775,.T.);
#6773 = VERTEX_POINT('',#6774);
#6774 = CARTESIAN_POINT('',(-3.,-0.825,-1.69));
#6775 = LINE('',#6776,#6777);
#6776 = CARTESIAN_POINT('',(-2.55,-0.825,-1.69));
#6777 = VECTOR('',#6778,1.);
#6778 = DIRECTION('',(1.,4.818676322158E-16,-0.));
#6779 = ORIENTED_EDGE('',*,*,#6780,.F.);
#6780 = EDGE_CURVE('',#6781,#6773,#6783,.T.);
#6781 = VERTEX_POINT('',#6782);
#6782 = CARTESIAN_POINT('',(-3.,-0.825,-2.115));
#6783 = LINE('',#6784,#6785);
#6784 = CARTESIAN_POINT('',(-3.,-0.825,-2.115));
#6785 = VECTOR('',#6786,1.);
#6786 = DIRECTION('',(0.,0.,1.));
#6787 = ORIENTED_EDGE('',*,*,#6788,.T.);
#6788 = EDGE_CURVE('',#6781,#6749,#6789,.T.);
#6789 = LINE('',#6790,#6791);
#6790 = CARTESIAN_POINT('',(-2.55,-0.825,-2.115));
#6791 = VECTOR('',#6792,1.);
#6792 = DIRECTION('',(1.,4.818676322158E-16,-0.));
#6793 = ORIENTED_EDGE('',*,*,#6748,.T.);
#6794 = PLANE('',#6795);
#6795 = AXIS2_PLACEMENT_3D('',#6796,#6797,#6798);
#6796 = CARTESIAN_POINT('',(-2.55,-0.825,-2.115));
#6797 = DIRECTION('',(4.818676322158E-16,-1.,0.));
#6798 = DIRECTION('',(1.,4.818676322158E-16,0.));
#6799 = ADVANCED_FACE('',(#6800),#6825,.T.);
#6800 = FACE_BOUND('',#6801,.T.);
#6801 = EDGE_LOOP('',(#6802,#6810,#6818,#6824));
#6802 = ORIENTED_EDGE('',*,*,#6803,.F.);
#6803 = EDGE_CURVE('',#6804,#6773,#6806,.T.);
#6804 = VERTEX_POINT('',#6805);
#6805 = CARTESIAN_POINT('',(-3.,-0.605,-1.69));
#6806 = LINE('',#6807,#6808);
#6807 = CARTESIAN_POINT('',(-3.,-0.825,-1.69));
#6808 = VECTOR('',#6809,1.);
#6809 = DIRECTION('',(-0.,-1.,-0.));
#6810 = ORIENTED_EDGE('',*,*,#6811,.F.);
#6811 = EDGE_CURVE('',#6812,#6804,#6814,.T.);
#6812 = VERTEX_POINT('',#6813);
#6813 = CARTESIAN_POINT('',(-3.,-0.605,-2.115));
#6814 = LINE('',#6815,#6816);
#6815 = CARTESIAN_POINT('',(-3.,-0.605,-2.115));
#6816 = VECTOR('',#6817,1.);
#6817 = DIRECTION('',(0.,0.,1.));
#6818 = ORIENTED_EDGE('',*,*,#6819,.T.);
#6819 = EDGE_CURVE('',#6812,#6781,#6820,.T.);
#6820 = LINE('',#6821,#6822);
#6821 = CARTESIAN_POINT('',(-3.,-0.825,-2.115));
#6822 = VECTOR('',#6823,1.);
#6823 = DIRECTION('',(-0.,-1.,-0.));
#6824 = ORIENTED_EDGE('',*,*,#6780,.T.);
#6825 = PLANE('',#6826);
#6826 = AXIS2_PLACEMENT_3D('',#6827,#6828,#6829);
#6827 = CARTESIAN_POINT('',(-3.,-0.825,-2.115));
#6828 = DIRECTION('',(-1.,0.,0.));
#6829 = DIRECTION('',(0.,0.,1.));
#6830 = ADVANCED_FACE('',(#6831),#6856,.T.);
#6831 = FACE_BOUND('',#6832,.T.);
#6832 = EDGE_LOOP('',(#6833,#6841,#6849,#6855));
#6833 = ORIENTED_EDGE('',*,*,#6834,.F.);
#6834 = EDGE_CURVE('',#6835,#6804,#6837,.T.);
#6835 = VERTEX_POINT('',#6836);
#6836 = CARTESIAN_POINT('',(-2.55,-0.605,-1.69));
#6837 = LINE('',#6838,#6839);
#6838 = CARTESIAN_POINT('',(-2.55,-0.605,-1.69));
#6839 = VECTOR('',#6840,1.);
#6840 = DIRECTION('',(-1.,-2.409338161079E-16,0.));
#6841 = ORIENTED_EDGE('',*,*,#6842,.F.);
#6842 = EDGE_CURVE('',#6843,#6835,#6845,.T.);
#6843 = VERTEX_POINT('',#6844);
#6844 = CARTESIAN_POINT('',(-2.55,-0.605,-2.115));
#6845 = LINE('',#6846,#6847);
#6846 = CARTESIAN_POINT('',(-2.55,-0.605,-2.115));
#6847 = VECTOR('',#6848,1.);
#6848 = DIRECTION('',(0.,0.,1.));
#6849 = ORIENTED_EDGE('',*,*,#6850,.T.);
#6850 = EDGE_CURVE('',#6843,#6812,#6851,.T.);
#6851 = LINE('',#6852,#6853);
#6852 = CARTESIAN_POINT('',(-2.55,-0.605,-2.115));
#6853 = VECTOR('',#6854,1.);
#6854 = DIRECTION('',(-1.,-2.409338161079E-16,0.));
#6855 = ORIENTED_EDGE('',*,*,#6811,.T.);
#6856 = PLANE('',#6857);
#6857 = AXIS2_PLACEMENT_3D('',#6858,#6859,#6860);
#6858 = CARTESIAN_POINT('',(-2.55,-0.605,-2.115));
#6859 = DIRECTION('',(-2.409338161079E-16,1.,0.));
#6860 = DIRECTION('',(-1.,-2.409338161079E-16,0.));
#6861 = ADVANCED_FACE('',(#6862),#6889,.F.);
#6862 = FACE_BOUND('',#6863,.F.);
#6863 = EDGE_LOOP('',(#6864,#6865,#6874,#6882));
#6864 = ORIENTED_EDGE('',*,*,#6842,.F.);
#6865 = ORIENTED_EDGE('',*,*,#6866,.F.);
#6866 = EDGE_CURVE('',#6867,#6843,#6869,.T.);
#6867 = VERTEX_POINT('',#6868);
#6868 = CARTESIAN_POINT('',(-2.52,-0.575,-2.115));
#6869 = CIRCLE('',#6870,3.E-02);
#6870 = AXIS2_PLACEMENT_3D('',#6871,#6872,#6873);
#6871 = CARTESIAN_POINT('',(-2.55,-0.575,-2.115));
#6872 = DIRECTION('',(-0.,0.,-1.));
#6873 = DIRECTION('',(-1.,0.,0.));
#6874 = ORIENTED_EDGE('',*,*,#6875,.T.);
#6875 = EDGE_CURVE('',#6867,#6876,#6878,.T.);
#6876 = VERTEX_POINT('',#6877);
#6877 = CARTESIAN_POINT('',(-2.52,-0.575,-1.69));
#6878 = LINE('',#6879,#6880);
#6879 = CARTESIAN_POINT('',(-2.52,-0.575,-2.115));
#6880 = VECTOR('',#6881,1.);
#6881 = DIRECTION('',(0.,0.,1.));
#6882 = ORIENTED_EDGE('',*,*,#6883,.T.);
#6883 = EDGE_CURVE('',#6876,#6835,#6884,.T.);
#6884 = CIRCLE('',#6885,3.E-02);
#6885 = AXIS2_PLACEMENT_3D('',#6886,#6887,#6888);
#6886 = CARTESIAN_POINT('',(-2.55,-0.575,-1.69));
#6887 = DIRECTION('',(-0.,0.,-1.));
#6888 = DIRECTION('',(-1.,0.,0.));
#6889 = CYLINDRICAL_SURFACE('',#6890,3.E-02);
#6890 = AXIS2_PLACEMENT_3D('',#6891,#6892,#6893);
#6891 = CARTESIAN_POINT('',(-2.55,-0.575,-2.115));
#6892 = DIRECTION('',(0.,0.,1.));
#6893 = DIRECTION('',(1.,0.,-0.));
#6894 = ADVANCED_FACE('',(#6895),#6920,.T.);
#6895 = FACE_BOUND('',#6896,.T.);
#6896 = EDGE_LOOP('',(#6897,#6905,#6913,#6919));
#6897 = ORIENTED_EDGE('',*,*,#6898,.F.);
#6898 = EDGE_CURVE('',#6899,#6876,#6901,.T.);
#6899 = VERTEX_POINT('',#6900);
#6900 = CARTESIAN_POINT('',(-2.52,-0.14,-1.69));
#6901 = LINE('',#6902,#6903);
#6902 = CARTESIAN_POINT('',(-2.52,-0.14,-1.69));
#6903 = VECTOR('',#6904,1.);
#6904 = DIRECTION('',(9.969675149292E-16,-1.,0.));
#6905 = ORIENTED_EDGE('',*,*,#6906,.F.);
#6906 = EDGE_CURVE('',#6907,#6899,#6909,.T.);
#6907 = VERTEX_POINT('',#6908);
#6908 = CARTESIAN_POINT('',(-2.52,-0.14,-2.115));
#6909 = LINE('',#6910,#6911);
#6910 = CARTESIAN_POINT('',(-2.52,-0.14,-2.115));
#6911 = VECTOR('',#6912,1.);
#6912 = DIRECTION('',(0.,0.,1.));
#6913 = ORIENTED_EDGE('',*,*,#6914,.T.);
#6914 = EDGE_CURVE('',#6907,#6867,#6915,.T.);
#6915 = LINE('',#6916,#6917);
#6916 = CARTESIAN_POINT('',(-2.52,-0.14,-2.115));
#6917 = VECTOR('',#6918,1.);
#6918 = DIRECTION('',(9.969675149292E-16,-1.,0.));
#6919 = ORIENTED_EDGE('',*,*,#6875,.T.);
#6920 = PLANE('',#6921);
#6921 = AXIS2_PLACEMENT_3D('',#6922,#6923,#6924);
#6922 = CARTESIAN_POINT('',(-2.52,-0.14,-2.115));
#6923 = DIRECTION('',(-1.,-9.969675149292E-16,0.));
#6924 = DIRECTION('',(9.969675149292E-16,-1.,0.));
#6925 = ADVANCED_FACE('',(#6926),#6953,.T.);
#6926 = FACE_BOUND('',#6927,.T.);
#6927 = EDGE_LOOP('',(#6928,#6937,#6945,#6952));
#6928 = ORIENTED_EDGE('',*,*,#6929,.F.);
#6929 = EDGE_CURVE('',#6930,#6899,#6932,.T.);
#6930 = VERTEX_POINT('',#6931);
#6931 = CARTESIAN_POINT('',(-2.27,0.11,-1.69));
#6932 = CIRCLE('',#6933,0.25);
#6933 = AXIS2_PLACEMENT_3D('',#6934,#6935,#6936);
#6934 = CARTESIAN_POINT('',(-2.27,-0.14,-1.69));
#6935 = DIRECTION('',(0.,0.,1.));
#6936 = DIRECTION('',(1.,0.,-0.));
#6937 = ORIENTED_EDGE('',*,*,#6938,.F.);
#6938 = EDGE_CURVE('',#6939,#6930,#6941,.T.);
#6939 = VERTEX_POINT('',#6940);
#6940 = CARTESIAN_POINT('',(-2.27,0.11,-2.115));
#6941 = LINE('',#6942,#6943);
#6942 = CARTESIAN_POINT('',(-2.27,0.11,-2.115));
#6943 = VECTOR('',#6944,1.);
#6944 = DIRECTION('',(0.,0.,1.));
#6945 = ORIENTED_EDGE('',*,*,#6946,.T.);
#6946 = EDGE_CURVE('',#6939,#6907,#6947,.T.);
#6947 = CIRCLE('',#6948,0.25);
#6948 = AXIS2_PLACEMENT_3D('',#6949,#6950,#6951);
#6949 = CARTESIAN_POINT('',(-2.27,-0.14,-2.115));
#6950 = DIRECTION('',(0.,0.,1.));
#6951 = DIRECTION('',(1.,0.,-0.));
#6952 = ORIENTED_EDGE('',*,*,#6906,.T.);
#6953 = CYLINDRICAL_SURFACE('',#6954,0.25);
#6954 = AXIS2_PLACEMENT_3D('',#6955,#6956,#6957);
#6955 = CARTESIAN_POINT('',(-2.27,-0.14,-2.115));
#6956 = DIRECTION('',(0.,0.,1.));
#6957 = DIRECTION('',(1.,0.,-0.));
#6958 = ADVANCED_FACE('',(#6959),#6984,.T.);
#6959 = FACE_BOUND('',#6960,.T.);
#6960 = EDGE_LOOP('',(#6961,#6967,#6968,#6969,#6975,#6976,#6977,#6978,
    #6979,#6980,#6981,#6982,#6983));
#6961 = ORIENTED_EDGE('',*,*,#6962,.T.);
#6962 = EDGE_CURVE('',#6669,#3830,#6963,.T.);
#6963 = LINE('',#6964,#6965);
#6964 = CARTESIAN_POINT('',(-4.24337722231E-16,-0.11,-1.69));
#6965 = VECTOR('',#6966,1.);
#6966 = DIRECTION('',(1.,0.,0.));
#6967 = ORIENTED_EDGE('',*,*,#3981,.T.);
#6968 = ORIENTED_EDGE('',*,*,#4157,.F.);
#6969 = ORIENTED_EDGE('',*,*,#6970,.T.);
#6970 = EDGE_CURVE('',#4150,#6930,#6971,.T.);
#6971 = LINE('',#6972,#6973);
#6972 = CARTESIAN_POINT('',(1.058422799427E-17,0.11,-1.69));
#6973 = VECTOR('',#6974,1.);
#6974 = DIRECTION('',(-1.,3.76127405653E-16,0.));
#6975 = ORIENTED_EDGE('',*,*,#6929,.T.);
#6976 = ORIENTED_EDGE('',*,*,#6898,.T.);
#6977 = ORIENTED_EDGE('',*,*,#6883,.T.);
#6978 = ORIENTED_EDGE('',*,*,#6834,.T.);
#6979 = ORIENTED_EDGE('',*,*,#6803,.T.);
#6980 = ORIENTED_EDGE('',*,*,#6772,.T.);
#6981 = ORIENTED_EDGE('',*,*,#6739,.T.);
#6982 = ORIENTED_EDGE('',*,*,#6708,.T.);
#6983 = ORIENTED_EDGE('',*,*,#6693,.T.);
#6984 = PLANE('',#6985);
#6985 = AXIS2_PLACEMENT_3D('',#6986,#6987,#6988);
#6986 = CARTESIAN_POINT('',(2.55,-0.575,-1.69));
#6987 = DIRECTION('',(0.,0.,1.));
#6988 = DIRECTION('',(1.,0.,-0.));
#6989 = ADVANCED_FACE('',(#6990),#7015,.F.);
#6990 = FACE_BOUND('',#6991,.T.);
#6991 = EDGE_LOOP('',(#6992,#6993,#6999,#7000,#7001,#7002,#7003,#7004,
    #7005,#7006,#7007,#7008,#7014));
#6992 = ORIENTED_EDGE('',*,*,#3837,.F.);
#6993 = ORIENTED_EDGE('',*,*,#6994,.F.);
#6994 = EDGE_CURVE('',#6667,#3828,#6995,.T.);
#6995 = LINE('',#6996,#6997);
#6996 = CARTESIAN_POINT('',(-4.24337722231E-16,-0.11,-2.115));
#6997 = VECTOR('',#6998,1.);
#6998 = DIRECTION('',(1.,-3.820976819332E-16,-0.));
#6999 = ORIENTED_EDGE('',*,*,#6676,.F.);
#7000 = ORIENTED_EDGE('',*,*,#6724,.F.);
#7001 = ORIENTED_EDGE('',*,*,#6756,.F.);
#7002 = ORIENTED_EDGE('',*,*,#6788,.F.);
#7003 = ORIENTED_EDGE('',*,*,#6819,.F.);
#7004 = ORIENTED_EDGE('',*,*,#6850,.F.);
#7005 = ORIENTED_EDGE('',*,*,#6866,.F.);
#7006 = ORIENTED_EDGE('',*,*,#6914,.F.);
#7007 = ORIENTED_EDGE('',*,*,#6946,.F.);
#7008 = ORIENTED_EDGE('',*,*,#7009,.F.);
#7009 = EDGE_CURVE('',#4142,#6939,#7010,.T.);
#7010 = LINE('',#7011,#7012);
#7011 = CARTESIAN_POINT('',(1.058422799427E-17,0.11,-2.115));
#7012 = VECTOR('',#7013,1.);
#7013 = DIRECTION('',(-1.,5.970276280207E-18,-0.));
#7014 = ORIENTED_EDGE('',*,*,#4141,.T.);
#7015 = PLANE('',#7016);
#7016 = AXIS2_PLACEMENT_3D('',#7017,#7018,#7019);
#7017 = CARTESIAN_POINT('',(2.55,-0.575,-2.115));
#7018 = DIRECTION('',(0.,0.,1.));
#7019 = DIRECTION('',(1.,0.,-0.));
#7020 = ADVANCED_FACE('',(#7021),#7027,.T.);
#7021 = FACE_BOUND('',#7022,.T.);
#7022 = EDGE_LOOP('',(#7023,#7024,#7025,#7026));
#7023 = ORIENTED_EDGE('',*,*,#4149,.F.);
#7024 = ORIENTED_EDGE('',*,*,#7009,.T.);
#7025 = ORIENTED_EDGE('',*,*,#6938,.T.);
#7026 = ORIENTED_EDGE('',*,*,#6970,.F.);
#7027 = PLANE('',#7028);
#7028 = AXIS2_PLACEMENT_3D('',#7029,#7030,#7031);
#7029 = CARTESIAN_POINT('',(1.058422799427E-17,0.11,-2.115));
#7030 = DIRECTION('',(3.76127405653E-16,1.,-0.));
#7031 = DIRECTION('',(-1.,3.76127405653E-16,0.));
#7032 = ADVANCED_FACE('',(#7033),#7039,.T.);
#7033 = FACE_BOUND('',#7034,.T.);
#7034 = EDGE_LOOP('',(#7035,#7036,#7037,#7038));
#7035 = ORIENTED_EDGE('',*,*,#6994,.T.);
#7036 = ORIENTED_EDGE('',*,*,#3827,.T.);
#7037 = ORIENTED_EDGE('',*,*,#6962,.F.);
#7038 = ORIENTED_EDGE('',*,*,#6666,.F.);
#7039 = PLANE('',#7040);
#7040 = AXIS2_PLACEMENT_3D('',#7041,#7042,#7043);
#7041 = CARTESIAN_POINT('',(-4.24337722231E-16,-0.11,-2.115));
#7042 = DIRECTION('',(0.,-1.,0.));
#7043 = DIRECTION('',(0.,-0.,-1.));
#7044 = ADVANCED_FACE('',(#7045),#7070,.T.);
#7045 = FACE_BOUND('',#7046,.T.);
#7046 = EDGE_LOOP('',(#7047,#7055,#7056,#7064));
#7047 = ORIENTED_EDGE('',*,*,#7048,.F.);
#7048 = EDGE_CURVE('',#3678,#7049,#7051,.T.);
#7049 = VERTEX_POINT('',#7050);
#7050 = CARTESIAN_POINT('',(2.27,-0.11,-1.69));
#7051 = LINE('',#7052,#7053);
#7052 = CARTESIAN_POINT('',(-4.24337722231E-16,-0.11,-1.69));
#7053 = VECTOR('',#7054,1.);
#7054 = DIRECTION('',(1.,0.,0.));
#7055 = ORIENTED_EDGE('',*,*,#3677,.T.);
#7056 = ORIENTED_EDGE('',*,*,#7057,.T.);
#7057 = EDGE_CURVE('',#3670,#7058,#7060,.T.);
#7058 = VERTEX_POINT('',#7059);
#7059 = CARTESIAN_POINT('',(2.27,-0.11,-2.115));
#7060 = LINE('',#7061,#7062);
#7061 = CARTESIAN_POINT('',(-4.24337722231E-16,-0.11,-2.115));
#7062 = VECTOR('',#7063,1.);
#7063 = DIRECTION('',(1.,-3.820976819332E-16,-0.));
#7064 = ORIENTED_EDGE('',*,*,#7065,.T.);
#7065 = EDGE_CURVE('',#7058,#7049,#7066,.T.);
#7066 = LINE('',#7067,#7068);
#7067 = CARTESIAN_POINT('',(2.27,-0.11,-2.115));
#7068 = VECTOR('',#7069,1.);
#7069 = DIRECTION('',(0.,0.,1.));
#7070 = PLANE('',#7071);
#7071 = AXIS2_PLACEMENT_3D('',#7072,#7073,#7074);
#7072 = CARTESIAN_POINT('',(-4.24337722231E-16,-0.11,-2.115));
#7073 = DIRECTION('',(0.,-1.,0.));
#7074 = DIRECTION('',(0.,-0.,-1.));
#7075 = ADVANCED_FACE('',(#7076),#7101,.T.);
#7076 = FACE_BOUND('',#7077,.T.);
#7077 = EDGE_LOOP('',(#7078,#7079,#7087,#7095));
#7078 = ORIENTED_EDGE('',*,*,#4104,.F.);
#7079 = ORIENTED_EDGE('',*,*,#7080,.F.);
#7080 = EDGE_CURVE('',#7081,#4097,#7083,.T.);
#7081 = VERTEX_POINT('',#7082);
#7082 = CARTESIAN_POINT('',(2.27,0.11,-1.69));
#7083 = LINE('',#7084,#7085);
#7084 = CARTESIAN_POINT('',(1.058422799427E-17,0.11,-1.69));
#7085 = VECTOR('',#7086,1.);
#7086 = DIRECTION('',(-1.,3.76127405653E-16,0.));
#7087 = ORIENTED_EDGE('',*,*,#7088,.F.);
#7088 = EDGE_CURVE('',#7089,#7081,#7091,.T.);
#7089 = VERTEX_POINT('',#7090);
#7090 = CARTESIAN_POINT('',(2.27,0.11,-2.115));
#7091 = LINE('',#7092,#7093);
#7092 = CARTESIAN_POINT('',(2.27,0.11,-2.115));
#7093 = VECTOR('',#7094,1.);
#7094 = DIRECTION('',(0.,0.,1.));
#7095 = ORIENTED_EDGE('',*,*,#7096,.T.);
#7096 = EDGE_CURVE('',#7089,#3996,#7097,.T.);
#7097 = LINE('',#7098,#7099);
#7098 = CARTESIAN_POINT('',(1.058422799427E-17,0.11,-2.115));
#7099 = VECTOR('',#7100,1.);
#7100 = DIRECTION('',(-1.,5.970276280207E-18,-0.));
#7101 = PLANE('',#7102);
#7102 = AXIS2_PLACEMENT_3D('',#7103,#7104,#7105);
#7103 = CARTESIAN_POINT('',(1.058422799427E-17,0.11,-2.115));
#7104 = DIRECTION('',(3.76127405653E-16,1.,-0.));
#7105 = DIRECTION('',(-1.,3.76127405653E-16,0.));
#7106 = ADVANCED_FACE('',(#7107),#7187,.F.);
#7107 = FACE_BOUND('',#7108,.T.);
#7108 = EDGE_LOOP('',(#7109,#7110,#7111,#7112,#7121,#7129,#7138,#7146,
    #7154,#7162,#7171,#7179,#7186));
#7109 = ORIENTED_EDGE('',*,*,#3669,.F.);
#7110 = ORIENTED_EDGE('',*,*,#3995,.T.);
#7111 = ORIENTED_EDGE('',*,*,#7096,.F.);
#7112 = ORIENTED_EDGE('',*,*,#7113,.F.);
#7113 = EDGE_CURVE('',#7114,#7089,#7116,.T.);
#7114 = VERTEX_POINT('',#7115);
#7115 = CARTESIAN_POINT('',(2.52,-0.14,-2.115));
#7116 = CIRCLE('',#7117,0.25);
#7117 = AXIS2_PLACEMENT_3D('',#7118,#7119,#7120);
#7118 = CARTESIAN_POINT('',(2.27,-0.14,-2.115));
#7119 = DIRECTION('',(0.,0.,1.));
#7120 = DIRECTION('',(-1.,0.,0.));
#7121 = ORIENTED_EDGE('',*,*,#7122,.F.);
#7122 = EDGE_CURVE('',#7123,#7114,#7125,.T.);
#7123 = VERTEX_POINT('',#7124);
#7124 = CARTESIAN_POINT('',(2.52,-0.575,-2.115));
#7125 = LINE('',#7126,#7127);
#7126 = CARTESIAN_POINT('',(2.52,-0.14,-2.115));
#7127 = VECTOR('',#7128,1.);
#7128 = DIRECTION('',(9.969675149292E-16,1.,-0.));
#7129 = ORIENTED_EDGE('',*,*,#7130,.F.);
#7130 = EDGE_CURVE('',#7131,#7123,#7133,.T.);
#7131 = VERTEX_POINT('',#7132);
#7132 = CARTESIAN_POINT('',(2.55,-0.605,-2.115));
#7133 = CIRCLE('',#7134,3.E-02);
#7134 = AXIS2_PLACEMENT_3D('',#7135,#7136,#7137);
#7135 = CARTESIAN_POINT('',(2.55,-0.575,-2.115));
#7136 = DIRECTION('',(0.,0.,-1.));
#7137 = DIRECTION('',(1.,0.,0.));
#7138 = ORIENTED_EDGE('',*,*,#7139,.F.);
#7139 = EDGE_CURVE('',#7140,#7131,#7142,.T.);
#7140 = VERTEX_POINT('',#7141);
#7141 = CARTESIAN_POINT('',(3.,-0.605,-2.115));
#7142 = LINE('',#7143,#7144);
#7143 = CARTESIAN_POINT('',(2.55,-0.605,-2.115));
#7144 = VECTOR('',#7145,1.);
#7145 = DIRECTION('',(-1.,2.409338161079E-16,-0.));
#7146 = ORIENTED_EDGE('',*,*,#7147,.F.);
#7147 = EDGE_CURVE('',#7148,#7140,#7150,.T.);
#7148 = VERTEX_POINT('',#7149);
#7149 = CARTESIAN_POINT('',(3.,-0.825,-2.115));
#7150 = LINE('',#7151,#7152);
#7151 = CARTESIAN_POINT('',(3.,-0.825,-2.115));
#7152 = VECTOR('',#7153,1.);
#7153 = DIRECTION('',(0.,1.,0.));
#7154 = ORIENTED_EDGE('',*,*,#7155,.F.);
#7155 = EDGE_CURVE('',#7156,#7148,#7158,.T.);
#7156 = VERTEX_POINT('',#7157);
#7157 = CARTESIAN_POINT('',(2.55,-0.825,-2.115));
#7158 = LINE('',#7159,#7160);
#7159 = CARTESIAN_POINT('',(2.55,-0.825,-2.115));
#7160 = VECTOR('',#7161,1.);
#7161 = DIRECTION('',(1.,-4.818676322158E-16,0.));
#7162 = ORIENTED_EDGE('',*,*,#7163,.F.);
#7163 = EDGE_CURVE('',#7164,#7156,#7166,.T.);
#7164 = VERTEX_POINT('',#7165);
#7165 = CARTESIAN_POINT('',(2.3,-0.575,-2.115));
#7166 = CIRCLE('',#7167,0.25);
#7167 = AXIS2_PLACEMENT_3D('',#7168,#7169,#7170);
#7168 = CARTESIAN_POINT('',(2.55,-0.575,-2.115));
#7169 = DIRECTION('',(0.,0.,1.));
#7170 = DIRECTION('',(1.,0.,-0.));
#7171 = ORIENTED_EDGE('',*,*,#7172,.F.);
#7172 = EDGE_CURVE('',#7173,#7164,#7175,.T.);
#7173 = VERTEX_POINT('',#7174);
#7174 = CARTESIAN_POINT('',(2.3,-0.14,-2.115));
#7175 = LINE('',#7176,#7177);
#7176 = CARTESIAN_POINT('',(2.3,-0.14,-2.115));
#7177 = VECTOR('',#7178,1.);
#7178 = DIRECTION('',(0.,-1.,0.));
#7179 = ORIENTED_EDGE('',*,*,#7180,.F.);
#7180 = EDGE_CURVE('',#7058,#7173,#7181,.T.);
#7181 = CIRCLE('',#7182,3.E-02);
#7182 = AXIS2_PLACEMENT_3D('',#7183,#7184,#7185);
#7183 = CARTESIAN_POINT('',(2.27,-0.14,-2.115));
#7184 = DIRECTION('',(-0.,0.,-1.));
#7185 = DIRECTION('',(-1.,0.,0.));
#7186 = ORIENTED_EDGE('',*,*,#7057,.F.);
#7187 = PLANE('',#7188);
#7188 = AXIS2_PLACEMENT_3D('',#7189,#7190,#7191);
#7189 = CARTESIAN_POINT('',(2.55,-0.575,-2.115));
#7190 = DIRECTION('',(0.,0.,1.));
#7191 = DIRECTION('',(1.,0.,-0.));
#7192 = ADVANCED_FACE('',(#7193),#7273,.T.);
#7193 = FACE_BOUND('',#7194,.T.);
#7194 = EDGE_LOOP('',(#7195,#7196,#7197,#7198,#7207,#7215,#7224,#7232,
    #7240,#7248,#7257,#7265,#7272));
#7195 = ORIENTED_EDGE('',*,*,#4096,.F.);
#7196 = ORIENTED_EDGE('',*,*,#3685,.T.);
#7197 = ORIENTED_EDGE('',*,*,#7048,.T.);
#7198 = ORIENTED_EDGE('',*,*,#7199,.T.);
#7199 = EDGE_CURVE('',#7049,#7200,#7202,.T.);
#7200 = VERTEX_POINT('',#7201);
#7201 = CARTESIAN_POINT('',(2.3,-0.14,-1.69));
#7202 = CIRCLE('',#7203,3.E-02);
#7203 = AXIS2_PLACEMENT_3D('',#7204,#7205,#7206);
#7204 = CARTESIAN_POINT('',(2.27,-0.14,-1.69));
#7205 = DIRECTION('',(-0.,0.,-1.));
#7206 = DIRECTION('',(-1.,0.,0.));
#7207 = ORIENTED_EDGE('',*,*,#7208,.T.);
#7208 = EDGE_CURVE('',#7200,#7209,#7211,.T.);
#7209 = VERTEX_POINT('',#7210);
#7210 = CARTESIAN_POINT('',(2.3,-0.575,-1.69));
#7211 = LINE('',#7212,#7213);
#7212 = CARTESIAN_POINT('',(2.3,-0.14,-1.69));
#7213 = VECTOR('',#7214,1.);
#7214 = DIRECTION('',(0.,-1.,0.));
#7215 = ORIENTED_EDGE('',*,*,#7216,.T.);
#7216 = EDGE_CURVE('',#7209,#7217,#7219,.T.);
#7217 = VERTEX_POINT('',#7218);
#7218 = CARTESIAN_POINT('',(2.55,-0.825,-1.69));
#7219 = CIRCLE('',#7220,0.25);
#7220 = AXIS2_PLACEMENT_3D('',#7221,#7222,#7223);
#7221 = CARTESIAN_POINT('',(2.55,-0.575,-1.69));
#7222 = DIRECTION('',(0.,0.,1.));
#7223 = DIRECTION('',(1.,0.,-0.));
#7224 = ORIENTED_EDGE('',*,*,#7225,.T.);
#7225 = EDGE_CURVE('',#7217,#7226,#7228,.T.);
#7226 = VERTEX_POINT('',#7227);
#7227 = CARTESIAN_POINT('',(3.,-0.825,-1.69));
#7228 = LINE('',#7229,#7230);
#7229 = CARTESIAN_POINT('',(2.55,-0.825,-1.69));
#7230 = VECTOR('',#7231,1.);
#7231 = DIRECTION('',(1.,-4.818676322158E-16,0.));
#7232 = ORIENTED_EDGE('',*,*,#7233,.T.);
#7233 = EDGE_CURVE('',#7226,#7234,#7236,.T.);
#7234 = VERTEX_POINT('',#7235);
#7235 = CARTESIAN_POINT('',(3.,-0.605,-1.69));
#7236 = LINE('',#7237,#7238);
#7237 = CARTESIAN_POINT('',(3.,-0.825,-1.69));
#7238 = VECTOR('',#7239,1.);
#7239 = DIRECTION('',(0.,1.,0.));
#7240 = ORIENTED_EDGE('',*,*,#7241,.T.);
#7241 = EDGE_CURVE('',#7234,#7242,#7244,.T.);
#7242 = VERTEX_POINT('',#7243);
#7243 = CARTESIAN_POINT('',(2.55,-0.605,-1.69));
#7244 = LINE('',#7245,#7246);
#7245 = CARTESIAN_POINT('',(2.55,-0.605,-1.69));
#7246 = VECTOR('',#7247,1.);
#7247 = DIRECTION('',(-1.,2.409338161079E-16,-0.));
#7248 = ORIENTED_EDGE('',*,*,#7249,.T.);
#7249 = EDGE_CURVE('',#7242,#7250,#7252,.T.);
#7250 = VERTEX_POINT('',#7251);
#7251 = CARTESIAN_POINT('',(2.52,-0.575,-1.69));
#7252 = CIRCLE('',#7253,3.E-02);
#7253 = AXIS2_PLACEMENT_3D('',#7254,#7255,#7256);
#7254 = CARTESIAN_POINT('',(2.55,-0.575,-1.69));
#7255 = DIRECTION('',(0.,0.,-1.));
#7256 = DIRECTION('',(1.,0.,0.));
#7257 = ORIENTED_EDGE('',*,*,#7258,.T.);
#7258 = EDGE_CURVE('',#7250,#7259,#7261,.T.);
#7259 = VERTEX_POINT('',#7260);
#7260 = CARTESIAN_POINT('',(2.52,-0.14,-1.69));
#7261 = LINE('',#7262,#7263);
#7262 = CARTESIAN_POINT('',(2.52,-0.14,-1.69));
#7263 = VECTOR('',#7264,1.);
#7264 = DIRECTION('',(9.969675149292E-16,1.,-0.));
#7265 = ORIENTED_EDGE('',*,*,#7266,.T.);
#7266 = EDGE_CURVE('',#7259,#7081,#7267,.T.);
#7267 = CIRCLE('',#7268,0.25);
#7268 = AXIS2_PLACEMENT_3D('',#7269,#7270,#7271);
#7269 = CARTESIAN_POINT('',(2.27,-0.14,-1.69));
#7270 = DIRECTION('',(0.,0.,1.));
#7271 = DIRECTION('',(-1.,0.,0.));
#7272 = ORIENTED_EDGE('',*,*,#7080,.T.);
#7273 = PLANE('',#7274);
#7274 = AXIS2_PLACEMENT_3D('',#7275,#7276,#7277);
#7275 = CARTESIAN_POINT('',(2.55,-0.575,-1.69));
#7276 = DIRECTION('',(0.,0.,1.));
#7277 = DIRECTION('',(1.,0.,-0.));
#7278 = ADVANCED_FACE('',(#7279),#7295,.T.);
#7279 = FACE_BOUND('',#7280,.T.);
#7280 = EDGE_LOOP('',(#7281,#7282,#7288,#7289));
#7281 = ORIENTED_EDGE('',*,*,#7233,.F.);
#7282 = ORIENTED_EDGE('',*,*,#7283,.F.);
#7283 = EDGE_CURVE('',#7148,#7226,#7284,.T.);
#7284 = LINE('',#7285,#7286);
#7285 = CARTESIAN_POINT('',(3.,-0.825,-2.115));
#7286 = VECTOR('',#7287,1.);
#7287 = DIRECTION('',(0.,0.,1.));
#7288 = ORIENTED_EDGE('',*,*,#7147,.T.);
#7289 = ORIENTED_EDGE('',*,*,#7290,.T.);
#7290 = EDGE_CURVE('',#7140,#7234,#7291,.T.);
#7291 = LINE('',#7292,#7293);
#7292 = CARTESIAN_POINT('',(3.,-0.605,-2.115));
#7293 = VECTOR('',#7294,1.);
#7294 = DIRECTION('',(0.,0.,1.));
#7295 = PLANE('',#7296);
#7296 = AXIS2_PLACEMENT_3D('',#7297,#7298,#7299);
#7297 = CARTESIAN_POINT('',(3.,-0.825,-2.115));
#7298 = DIRECTION('',(1.,0.,0.));
#7299 = DIRECTION('',(0.,0.,-1.));
#7300 = ADVANCED_FACE('',(#7301),#7312,.T.);
#7301 = FACE_BOUND('',#7302,.T.);
#7302 = EDGE_LOOP('',(#7303,#7304,#7310,#7311));
#7303 = ORIENTED_EDGE('',*,*,#7225,.F.);
#7304 = ORIENTED_EDGE('',*,*,#7305,.F.);
#7305 = EDGE_CURVE('',#7156,#7217,#7306,.T.);
#7306 = LINE('',#7307,#7308);
#7307 = CARTESIAN_POINT('',(2.55,-0.825,-2.115));
#7308 = VECTOR('',#7309,1.);
#7309 = DIRECTION('',(0.,0.,1.));
#7310 = ORIENTED_EDGE('',*,*,#7155,.T.);
#7311 = ORIENTED_EDGE('',*,*,#7283,.T.);
#7312 = PLANE('',#7313);
#7313 = AXIS2_PLACEMENT_3D('',#7314,#7315,#7316);
#7314 = CARTESIAN_POINT('',(2.55,-0.825,-2.115));
#7315 = DIRECTION('',(-4.818676322158E-16,-1.,0.));
#7316 = DIRECTION('',(1.,-4.818676322158E-16,0.));
#7317 = ADVANCED_FACE('',(#7318),#7329,.T.);
#7318 = FACE_BOUND('',#7319,.T.);
#7319 = EDGE_LOOP('',(#7320,#7321,#7327,#7328));
#7320 = ORIENTED_EDGE('',*,*,#7216,.F.);
#7321 = ORIENTED_EDGE('',*,*,#7322,.F.);
#7322 = EDGE_CURVE('',#7164,#7209,#7323,.T.);
#7323 = LINE('',#7324,#7325);
#7324 = CARTESIAN_POINT('',(2.3,-0.575,-2.115));
#7325 = VECTOR('',#7326,1.);
#7326 = DIRECTION('',(0.,0.,1.));
#7327 = ORIENTED_EDGE('',*,*,#7163,.T.);
#7328 = ORIENTED_EDGE('',*,*,#7305,.T.);
#7329 = CYLINDRICAL_SURFACE('',#7330,0.25);
#7330 = AXIS2_PLACEMENT_3D('',#7331,#7332,#7333);
#7331 = CARTESIAN_POINT('',(2.55,-0.575,-2.115));
#7332 = DIRECTION('',(0.,0.,1.));
#7333 = DIRECTION('',(1.,0.,-0.));
#7334 = ADVANCED_FACE('',(#7335),#7346,.T.);
#7335 = FACE_BOUND('',#7336,.T.);
#7336 = EDGE_LOOP('',(#7337,#7338,#7344,#7345));
#7337 = ORIENTED_EDGE('',*,*,#7208,.F.);
#7338 = ORIENTED_EDGE('',*,*,#7339,.F.);
#7339 = EDGE_CURVE('',#7173,#7200,#7340,.T.);
#7340 = LINE('',#7341,#7342);
#7341 = CARTESIAN_POINT('',(2.3,-0.14,-2.115));
#7342 = VECTOR('',#7343,1.);
#7343 = DIRECTION('',(0.,0.,1.));
#7344 = ORIENTED_EDGE('',*,*,#7172,.T.);
#7345 = ORIENTED_EDGE('',*,*,#7322,.T.);
#7346 = PLANE('',#7347);
#7347 = AXIS2_PLACEMENT_3D('',#7348,#7349,#7350);
#7348 = CARTESIAN_POINT('',(2.3,-0.14,-2.115));
#7349 = DIRECTION('',(-1.,0.,0.));
#7350 = DIRECTION('',(0.,0.,1.));
#7351 = ADVANCED_FACE('',(#7352),#7358,.F.);
#7352 = FACE_BOUND('',#7353,.F.);
#7353 = EDGE_LOOP('',(#7354,#7355,#7356,#7357));
#7354 = ORIENTED_EDGE('',*,*,#7339,.F.);
#7355 = ORIENTED_EDGE('',*,*,#7180,.F.);
#7356 = ORIENTED_EDGE('',*,*,#7065,.T.);
#7357 = ORIENTED_EDGE('',*,*,#7199,.T.);
#7358 = CYLINDRICAL_SURFACE('',#7359,3.E-02);
#7359 = AXIS2_PLACEMENT_3D('',#7360,#7361,#7362);
#7360 = CARTESIAN_POINT('',(2.27,-0.14,-2.115));
#7361 = DIRECTION('',(0.,0.,1.));
#7362 = DIRECTION('',(1.,0.,-0.));
#7363 = ADVANCED_FACE('',(#7364),#7375,.T.);
#7364 = FACE_BOUND('',#7365,.T.);
#7365 = EDGE_LOOP('',(#7366,#7367,#7373,#7374));
#7366 = ORIENTED_EDGE('',*,*,#7266,.F.);
#7367 = ORIENTED_EDGE('',*,*,#7368,.F.);
#7368 = EDGE_CURVE('',#7114,#7259,#7369,.T.);
#7369 = LINE('',#7370,#7371);
#7370 = CARTESIAN_POINT('',(2.52,-0.14,-2.115));
#7371 = VECTOR('',#7372,1.);
#7372 = DIRECTION('',(0.,0.,1.));
#7373 = ORIENTED_EDGE('',*,*,#7113,.T.);
#7374 = ORIENTED_EDGE('',*,*,#7088,.T.);
#7375 = CYLINDRICAL_SURFACE('',#7376,0.25);
#7376 = AXIS2_PLACEMENT_3D('',#7377,#7378,#7379);
#7377 = CARTESIAN_POINT('',(2.27,-0.14,-2.115));
#7378 = DIRECTION('',(0.,0.,1.));
#7379 = DIRECTION('',(1.,0.,-0.));
#7380 = ADVANCED_FACE('',(#7381),#7392,.T.);
#7381 = FACE_BOUND('',#7382,.T.);
#7382 = EDGE_LOOP('',(#7383,#7384,#7390,#7391));
#7383 = ORIENTED_EDGE('',*,*,#7258,.F.);
#7384 = ORIENTED_EDGE('',*,*,#7385,.F.);
#7385 = EDGE_CURVE('',#7123,#7250,#7386,.T.);
#7386 = LINE('',#7387,#7388);
#7387 = CARTESIAN_POINT('',(2.52,-0.575,-2.115));
#7388 = VECTOR('',#7389,1.);
#7389 = DIRECTION('',(0.,0.,1.));
#7390 = ORIENTED_EDGE('',*,*,#7122,.T.);
#7391 = ORIENTED_EDGE('',*,*,#7368,.T.);
#7392 = PLANE('',#7393);
#7393 = AXIS2_PLACEMENT_3D('',#7394,#7395,#7396);
#7394 = CARTESIAN_POINT('',(2.52,-0.14,-2.115));
#7395 = DIRECTION('',(1.,-9.969675149292E-16,0.));
#7396 = DIRECTION('',(9.969675149292E-16,1.,0.));
#7397 = ADVANCED_FACE('',(#7398),#7409,.F.);
#7398 = FACE_BOUND('',#7399,.F.);
#7399 = EDGE_LOOP('',(#7400,#7401,#7402,#7408));
#7400 = ORIENTED_EDGE('',*,*,#7385,.F.);
#7401 = ORIENTED_EDGE('',*,*,#7130,.F.);
#7402 = ORIENTED_EDGE('',*,*,#7403,.T.);
#7403 = EDGE_CURVE('',#7131,#7242,#7404,.T.);
#7404 = LINE('',#7405,#7406);
#7405 = CARTESIAN_POINT('',(2.55,-0.605,-2.115));
#7406 = VECTOR('',#7407,1.);
#7407 = DIRECTION('',(0.,0.,1.));
#7408 = ORIENTED_EDGE('',*,*,#7249,.T.);
#7409 = CYLINDRICAL_SURFACE('',#7410,3.E-02);
#7410 = AXIS2_PLACEMENT_3D('',#7411,#7412,#7413);
#7411 = CARTESIAN_POINT('',(2.55,-0.575,-2.115));
#7412 = DIRECTION('',(0.,0.,1.));
#7413 = DIRECTION('',(1.,0.,-0.));
#7414 = ADVANCED_FACE('',(#7415),#7421,.T.);
#7415 = FACE_BOUND('',#7416,.T.);
#7416 = EDGE_LOOP('',(#7417,#7418,#7419,#7420));
#7417 = ORIENTED_EDGE('',*,*,#7241,.F.);
#7418 = ORIENTED_EDGE('',*,*,#7290,.F.);
#7419 = ORIENTED_EDGE('',*,*,#7139,.T.);
#7420 = ORIENTED_EDGE('',*,*,#7403,.T.);
#7421 = PLANE('',#7422);
#7422 = AXIS2_PLACEMENT_3D('',#7423,#7424,#7425);
#7423 = CARTESIAN_POINT('',(2.55,-0.605,-2.115));
#7424 = DIRECTION('',(2.409338161079E-16,1.,-0.));
#7425 = DIRECTION('',(-1.,2.409338161079E-16,0.));
#7426 = ADVANCED_FACE('',(#7427),#7439,.F.);
#7427 = FACE_BOUND('',#7428,.F.);
#7428 = EDGE_LOOP('',(#7429,#7430,#7431,#7438));
#7429 = ORIENTED_EDGE('',*,*,#4347,.F.);
#7430 = ORIENTED_EDGE('',*,*,#3617,.F.);
#7431 = ORIENTED_EDGE('',*,*,#7432,.T.);
#7432 = EDGE_CURVE('',#3618,#3637,#7433,.T.);
#7433 = CIRCLE('',#7434,0.25);
#7434 = AXIS2_PLACEMENT_3D('',#7435,#7436,#7437);
#7435 = CARTESIAN_POINT('',(-1.14094515212,0.665,-1.64094515212));
#7436 = DIRECTION('',(0.,1.,0.));
#7437 = DIRECTION('',(0.,-0.,1.));
#7438 = ORIENTED_EDGE('',*,*,#3636,.T.);
#7439 = CYLINDRICAL_SURFACE('',#7440,0.25);
#7440 = AXIS2_PLACEMENT_3D('',#7441,#7442,#7443);
#7441 = CARTESIAN_POINT('',(-1.14094515212,0.665,-1.64094515212));
#7442 = DIRECTION('',(-0.,1.,-0.));
#7443 = DIRECTION('',(0.,0.,1.));
#7444 = ADVANCED_FACE('',(#7445),#7449,.T.);
#7445 = FACE_BOUND('',#7446,.T.);
#7446 = EDGE_LOOP('',(#7447,#7448));
#7447 = ORIENTED_EDGE('',*,*,#7432,.T.);
#7448 = ORIENTED_EDGE('',*,*,#3644,.T.);
#7449 = PLANE('',#7450);
#7450 = AXIS2_PLACEMENT_3D('',#7451,#7452,#7453);
#7451 = CARTESIAN_POINT('',(-1.14094515212,0.665,-1.64094515212));
#7452 = DIRECTION('',(0.,1.,0.));
#7453 = DIRECTION('',(0.,-0.,1.));
#7454 = ADVANCED_FACE('',(#7455),#7461,.T.);
#7455 = FACE_BOUND('',#7456,.T.);
#7456 = EDGE_LOOP('',(#7457,#7458,#7459,#7460));
#7457 = ORIENTED_EDGE('',*,*,#4298,.F.);
#7458 = ORIENTED_EDGE('',*,*,#4126,.F.);
#7459 = ORIENTED_EDGE('',*,*,#4330,.F.);
#7460 = ORIENTED_EDGE('',*,*,#4358,.F.);
#7461 = PLANE('',#7462);
#7462 = AXIS2_PLACEMENT_3D('',#7463,#7464,#7465);
#7463 = CARTESIAN_POINT('',(-1.615929435213,0.675,0.));
#7464 = DIRECTION('',(-0.642787609687,0.766044443119,0.));
#7465 = DIRECTION('',(0.,0.,-1.));
#7466 = ( GEOMETRIC_REPRESENTATION_CONTEXT(3) 
GLOBAL_UNCERTAINTY_ASSIGNED_CONTEXT((#7470)) 
GLOBAL_UNIT_ASSIGNED_CONTEXT((#7467,#7468,#7469)) REPRESENTATION_CONTEXT
('Context #1','3D Context with UNIT and UNCERTAINTY') );
#7467 = ( LENGTH_UNIT() NAMED_UNIT(*) SI_UNIT(.MILLI.,.METRE.) );
#7468 = ( NAMED_UNIT(*) PLANE_ANGLE_UNIT() SI_UNIT($,.RADIAN.) );
#7469 = ( NAMED_UNIT(*) SI_UNIT($,.STERADIAN.) SOLID_ANGLE_UNIT() );
#7470 = UNCERTAINTY_MEASURE_WITH_UNIT(LENGTH_MEASURE(1.E-07),#7467,
  'distance_accuracy_value','confusion accuracy');
#7471 = SHAPE_DEFINITION_REPRESENTATION(#7472,#3610);
#7472 = PRODUCT_DEFINITION_SHAPE('','',#7473);
#7473 = PRODUCT_DEFINITION('design','',#7474,#7477);
#7474 = PRODUCT_DEFINITION_FORMATION('','',#7475);
#7475 = PRODUCT('231814976','231814976','',(#7476));
#7476 = PRODUCT_CONTEXT('',#2,'mechanical');
#7477 = PRODUCT_DEFINITION_CONTEXT('part definition',#2,'design');
#7478 = CONTEXT_DEPENDENT_SHAPE_REPRESENTATION(#7479,#7481);
#7479 = ( REPRESENTATION_RELATIONSHIP('','',#3610,#3600) 
REPRESENTATION_RELATIONSHIP_WITH_TRANSFORMATION(#7480) 
SHAPE_REPRESENTATION_RELATIONSHIP() );
#7480 = ITEM_DEFINED_TRANSFORMATION('','',#11,#3601);
#7481 = PRODUCT_DEFINITION_SHAPE('Placement','Placement of an item',
  #7482);
#7482 = NEXT_ASSEMBLY_USAGE_OCCURRENCE('14','','',#3595,#7473,$);
#7483 = PRODUCT_RELATED_PRODUCT_CATEGORY('part',$,(#7475));
#7484 = CONTEXT_DEPENDENT_SHAPE_REPRESENTATION(#7485,#7487);
#7485 = ( REPRESENTATION_RELATIONSHIP('','',#3600,#10) 
REPRESENTATION_RELATIONSHIP_WITH_TRANSFORMATION(#7486) 
SHAPE_REPRESENTATION_RELATIONSHIP() );
#7486 = ITEM_DEFINED_TRANSFORMATION('','',#11,#35);
#7487 = PRODUCT_DEFINITION_SHAPE('Placement','Placement of an item',
  #7488);
#7488 = NEXT_ASSEMBLY_USAGE_OCCURRENCE('15','','',#5,#3595,$);
#7489 = PRODUCT_RELATED_PRODUCT_CATEGORY('part',$,(#3597));
#7490 = SHAPE_DEFINITION_REPRESENTATION(#7491,#7497);
#7491 = PRODUCT_DEFINITION_SHAPE('','',#7492);
#7492 = PRODUCT_DEFINITION('design','',#7493,#7496);
#7493 = PRODUCT_DEFINITION_FORMATION('','',#7494);
#7494 = PRODUCT('C2','C2','',(#7495));
#7495 = PRODUCT_CONTEXT('',#2,'mechanical');
#7496 = PRODUCT_DEFINITION_CONTEXT('part definition',#2,'design');
#7497 = SHAPE_REPRESENTATION('',(#11,#7498),#7502);
#7498 = AXIS2_PLACEMENT_3D('',#7499,#7500,#7501);
#7499 = CARTESIAN_POINT('',(99.763999938965,92.749000549316,0.));
#7500 = DIRECTION('',(1.,4.371138828674E-08,-4.371138828674E-08));
#7501 = DIRECTION('',(-4.371138828674E-08,1.,1.05172749102E-31));
#7502 = ( GEOMETRIC_REPRESENTATION_CONTEXT(3) 
GLOBAL_UNCERTAINTY_ASSIGNED_CONTEXT((#7506)) 
GLOBAL_UNIT_ASSIGNED_CONTEXT((#7503,#7504,#7505)) REPRESENTATION_CONTEXT
('Context #1','3D Context with UNIT and UNCERTAINTY') );
#7503 = ( LENGTH_UNIT() NAMED_UNIT(*) SI_UNIT(.MILLI.,.METRE.) );
#7504 = ( NAMED_UNIT(*) PLANE_ANGLE_UNIT() SI_UNIT($,.RADIAN.) );
#7505 = ( NAMED_UNIT(*) SI_UNIT($,.STERADIAN.) SOLID_ANGLE_UNIT() );
#7506 = UNCERTAINTY_MEASURE_WITH_UNIT(LENGTH_MEASURE(5.E-07),#7503,
  'distance_accuracy_value','confusion accuracy');
#7507 = SHAPE_REPRESENTATION('',(#11,#7508,#9272,#9851,#10628),#11009);
#7508 = MANIFOLD_SOLID_BREP('',#7509);
#7509 = CLOSED_SHELL('',(#7510,#7568,#7599,#7657,#7688,#7728,#7768,#7799
    ,#7830,#7870,#7910,#7950,#7990,#8026,#8066,#8106,#8146,#8186,#8226,
    #8266,#8288,#8312,#8335,#8358,#8376,#8394,#8418,#8436,#8454,#8480,
    #8497,#8514,#8531,#8548,#8594,#8612,#8630,#8684,#8695,#8706,#8729,
    #8760,#8783,#8806,#8862,#8880,#8904,#8922,#8978,#9030,#9047,#9064,
    #9081,#9098,#9116,#9134,#9152,#9170,#9187,#9204,#9216,#9230,#9244,
    #9258));
#7510 = ADVANCED_FACE('',(#7511),#7563,.T.);
#7511 = FACE_BOUND('',#7512,.T.);
#7512 = EDGE_LOOP('',(#7513,#7524,#7532,#7540,#7548,#7557));
#7513 = ORIENTED_EDGE('',*,*,#7514,.F.);
#7514 = EDGE_CURVE('',#7515,#7517,#7519,.T.);
#7515 = VERTEX_POINT('',#7516);
#7516 = CARTESIAN_POINT('',(1.1,1.872E-02,-1.872E-02));
#7517 = VERTEX_POINT('',#7518);
#7518 = CARTESIAN_POINT('',(1.11872,0.,-1.872E-02));
#7519 = CIRCLE('',#7520,1.872E-02);
#7520 = AXIS2_PLACEMENT_3D('',#7521,#7522,#7523);
#7521 = CARTESIAN_POINT('',(1.11872,1.872E-02,-1.872E-02));
#7522 = DIRECTION('',(0.,-2.352869297929E-15,1.));
#7523 = DIRECTION('',(0.,-1.,-2.352869297929E-15));
#7524 = ORIENTED_EDGE('',*,*,#7525,.T.);
#7525 = EDGE_CURVE('',#7515,#7526,#7528,.T.);
#7526 = VERTEX_POINT('',#7527);
#7527 = CARTESIAN_POINT('',(1.1,1.872E-02,-3.744E-02));
#7528 = LINE('',#7529,#7530);
#7529 = CARTESIAN_POINT('',(1.1,1.872E-02,0.));
#7530 = VECTOR('',#7531,1.);
#7531 = DIRECTION('',(0.,0.,-1.));
#7532 = ORIENTED_EDGE('',*,*,#7533,.F.);
#7533 = EDGE_CURVE('',#7534,#7526,#7536,.T.);
#7534 = VERTEX_POINT('',#7535);
#7535 = CARTESIAN_POINT('',(1.1,1.872E-02,-0.86256));
#7536 = LINE('',#7537,#7538);
#7537 = CARTESIAN_POINT('',(1.1,1.872E-02,-0.9));
#7538 = VECTOR('',#7539,1.);
#7539 = DIRECTION('',(-0.,-0.,1.));
#7540 = ORIENTED_EDGE('',*,*,#7541,.T.);
#7541 = EDGE_CURVE('',#7534,#7542,#7544,.T.);
#7542 = VERTEX_POINT('',#7543);
#7543 = CARTESIAN_POINT('',(1.1,1.872E-02,-0.88128));
#7544 = LINE('',#7545,#7546);
#7545 = CARTESIAN_POINT('',(1.1,1.872E-02,0.));
#7546 = VECTOR('',#7547,1.);
#7547 = DIRECTION('',(0.,0.,-1.));
#7548 = ORIENTED_EDGE('',*,*,#7549,.F.);
#7549 = EDGE_CURVE('',#7550,#7542,#7552,.T.);
#7550 = VERTEX_POINT('',#7551);
#7551 = CARTESIAN_POINT('',(1.11872,0.,-0.88128));
#7552 = CIRCLE('',#7553,1.872E-02);
#7553 = AXIS2_PLACEMENT_3D('',#7554,#7555,#7556);
#7554 = CARTESIAN_POINT('',(1.11872,1.872E-02,-0.88128));
#7555 = DIRECTION('',(-0.,0.,-1.));
#7556 = DIRECTION('',(-1.,0.,0.));
#7557 = ORIENTED_EDGE('',*,*,#7558,.F.);
#7558 = EDGE_CURVE('',#7517,#7550,#7559,.T.);
#7559 = LINE('',#7560,#7561);
#7560 = CARTESIAN_POINT('',(1.11872,0.,0.));
#7561 = VECTOR('',#7562,1.);
#7562 = DIRECTION('',(0.,0.,-1.));
#7563 = CYLINDRICAL_SURFACE('',#7564,1.872E-02);
#7564 = AXIS2_PLACEMENT_3D('',#7565,#7566,#7567);
#7565 = CARTESIAN_POINT('',(1.11872,1.872E-02,0.));
#7566 = DIRECTION('',(0.,0.,-1.));
#7567 = DIRECTION('',(-1.,0.,0.));
#7568 = ADVANCED_FACE('',(#7569),#7594,.T.);
#7569 = FACE_BOUND('',#7570,.T.);
#7570 = EDGE_LOOP('',(#7571,#7572,#7581));
#7571 = ORIENTED_EDGE('',*,*,#7525,.F.);
#7572 = ORIENTED_EDGE('',*,*,#7573,.T.);
#7573 = EDGE_CURVE('',#7515,#7574,#7576,.T.);
#7574 = VERTEX_POINT('',#7575);
#7575 = CARTESIAN_POINT('',(1.10082096265,2.420296105619E-02,
    -2.420296105619E-02));
#7576 = ( BOUNDED_CURVE() B_SPLINE_CURVE(3,(#7577,#7578,#7579,#7580),
.UNSPECIFIED.,.F.,.F.) B_SPLINE_CURVE_WITH_KNOTS((4,4),(4.712388980385,
5.009640341706),.PIECEWISE_BEZIER_KNOTS.) CURVE() 
GEOMETRIC_REPRESENTATION_ITEM() RATIONAL_B_SPLINE_CURVE((1.,
0.992650346543,0.992650346543,1.)) REPRESENTATION_ITEM('') );
#7577 = CARTESIAN_POINT('',(1.1,1.872E-02,-1.872E-02));
#7578 = CARTESIAN_POINT('',(1.1,2.058171014935E-02,-2.058171014935E-02)
  );
#7579 = CARTESIAN_POINT('',(1.100275680372,2.242289591206E-02,
    -2.242289591206E-02));
#7580 = CARTESIAN_POINT('',(1.10082096265,2.420296105619E-02,
    -2.420296105619E-02));
#7581 = ORIENTED_EDGE('',*,*,#7582,.T.);
#7582 = EDGE_CURVE('',#7574,#7526,#7583,.T.);
#7583 = B_SPLINE_CURVE_WITH_KNOTS('',3,(#7584,#7585,#7586,#7587,#7588,
    #7589,#7590,#7591,#7592,#7593),.UNSPECIFIED.,.F.,.F.,(4,3,3,4),(0.,
    5.892247353573E-06,1.175341654044E-05,1.465097671143E-05),
  .UNSPECIFIED.);
#7584 = CARTESIAN_POINT('',(1.10082096265,2.420296105619E-02,
    -2.420296105619E-02));
#7585 = CARTESIAN_POINT('',(1.100405172844,2.28456219843E-02,
    -2.556030012807E-02));
#7586 = CARTESIAN_POINT('',(1.100209794268,2.165506981501E-02,
    -2.718707767936E-02));
#7587 = CARTESIAN_POINT('',(1.100111902404,2.076379642871E-02,
    -2.893455266026E-02));
#7588 = CARTESIAN_POINT('',(1.100014344753,1.987556594985E-02,
    -3.067606156534E-02));
#7589 = CARTESIAN_POINT('',(1.100005149948,1.925491251666E-02,
    -3.25848683489E-02));
#7590 = CARTESIAN_POINT('',(1.10000140578,1.894941318859E-02,
    -3.451825405458E-02));
#7591 = CARTESIAN_POINT('',(1.099999537091,1.879694061987E-02,
    -3.548319327956E-02));
#7592 = CARTESIAN_POINT('',(1.1,1.872E-02,-3.646308696186E-02));
#7593 = CARTESIAN_POINT('',(1.1,1.872E-02,-3.744E-02));
#7594 = CYLINDRICAL_SURFACE('',#7595,1.872E-02);
#7595 = AXIS2_PLACEMENT_3D('',#7596,#7597,#7598);
#7596 = CARTESIAN_POINT('',(1.11872,1.872E-02,0.));
#7597 = DIRECTION('',(0.,0.,-1.));
#7598 = DIRECTION('',(-1.,0.,0.));
#7599 = ADVANCED_FACE('',(#7600),#7652,.T.);
#7600 = FACE_BOUND('',#7601,.T.);
#7601 = EDGE_LOOP('',(#7602,#7613,#7621,#7629,#7637,#7646));
#7602 = ORIENTED_EDGE('',*,*,#7603,.T.);
#7603 = EDGE_CURVE('',#7604,#7606,#7608,.T.);
#7604 = VERTEX_POINT('',#7605);
#7605 = CARTESIAN_POINT('',(0.58128,0.,-0.88128));
#7606 = VERTEX_POINT('',#7607);
#7607 = CARTESIAN_POINT('',(0.6,1.872E-02,-0.88128));
#7608 = CIRCLE('',#7609,1.872E-02);
#7609 = AXIS2_PLACEMENT_3D('',#7610,#7611,#7612);
#7610 = CARTESIAN_POINT('',(0.58128,1.872E-02,-0.88128));
#7611 = DIRECTION('',(0.,0.,1.));
#7612 = DIRECTION('',(-1.,-9.049497299725E-16,0.));
#7613 = ORIENTED_EDGE('',*,*,#7614,.T.);
#7614 = EDGE_CURVE('',#7606,#7615,#7617,.T.);
#7615 = VERTEX_POINT('',#7616);
#7616 = CARTESIAN_POINT('',(0.6,1.872E-02,-0.86256));
#7617 = LINE('',#7618,#7619);
#7618 = CARTESIAN_POINT('',(0.6,1.872E-02,0.));
#7619 = VECTOR('',#7620,1.);
#7620 = DIRECTION('',(0.,0.,1.));
#7621 = ORIENTED_EDGE('',*,*,#7622,.T.);
#7622 = EDGE_CURVE('',#7615,#7623,#7625,.T.);
#7623 = VERTEX_POINT('',#7624);
#7624 = CARTESIAN_POINT('',(0.6,1.872E-02,-3.744E-02));
#7625 = LINE('',#7626,#7627);
#7626 = CARTESIAN_POINT('',(0.6,1.872E-02,-0.9));
#7627 = VECTOR('',#7628,1.);
#7628 = DIRECTION('',(-0.,-0.,1.));
#7629 = ORIENTED_EDGE('',*,*,#7630,.T.);
#7630 = EDGE_CURVE('',#7623,#7631,#7633,.T.);
#7631 = VERTEX_POINT('',#7632);
#7632 = CARTESIAN_POINT('',(0.6,1.872E-02,-1.872E-02));
#7633 = LINE('',#7634,#7635);
#7634 = CARTESIAN_POINT('',(0.6,1.872E-02,0.));
#7635 = VECTOR('',#7636,1.);
#7636 = DIRECTION('',(0.,0.,1.));
#7637 = ORIENTED_EDGE('',*,*,#7638,.T.);
#7638 = EDGE_CURVE('',#7631,#7639,#7641,.T.);
#7639 = VERTEX_POINT('',#7640);
#7640 = CARTESIAN_POINT('',(0.58128,0.,-1.872E-02));
#7641 = CIRCLE('',#7642,1.872E-02);
#7642 = AXIS2_PLACEMENT_3D('',#7643,#7644,#7645);
#7643 = CARTESIAN_POINT('',(0.58128,1.872E-02,-1.872E-02));
#7644 = DIRECTION('',(2.352869297929E-15,0.,-1.));
#7645 = DIRECTION('',(1.,-2.714849189918E-15,2.352869297929E-15));
#7646 = ORIENTED_EDGE('',*,*,#7647,.F.);
#7647 = EDGE_CURVE('',#7604,#7639,#7648,.T.);
#7648 = LINE('',#7649,#7650);
#7649 = CARTESIAN_POINT('',(0.58128,0.,0.));
#7650 = VECTOR('',#7651,1.);
#7651 = DIRECTION('',(0.,0.,1.));
#7652 = CYLINDRICAL_SURFACE('',#7653,1.872E-02);
#7653 = AXIS2_PLACEMENT_3D('',#7654,#7655,#7656);
#7654 = CARTESIAN_POINT('',(0.58128,1.872E-02,0.));
#7655 = DIRECTION('',(0.,0.,1.));
#7656 = DIRECTION('',(1.,0.,-0.));
#7657 = ADVANCED_FACE('',(#7658),#7683,.T.);
#7658 = FACE_BOUND('',#7659,.T.);
#7659 = EDGE_LOOP('',(#7660,#7661,#7670));
#7660 = ORIENTED_EDGE('',*,*,#7614,.F.);
#7661 = ORIENTED_EDGE('',*,*,#7662,.T.);
#7662 = EDGE_CURVE('',#7606,#7663,#7665,.T.);
#7663 = VERTEX_POINT('',#7664);
#7664 = CARTESIAN_POINT('',(0.59917903735,2.420296105619E-02,
    -0.875797038944));
#7665 = ( BOUNDED_CURVE() B_SPLINE_CURVE(3,(#7666,#7667,#7668,#7669),
.UNSPECIFIED.,.F.,.F.) B_SPLINE_CURVE_WITH_KNOTS((4,4),(1.570796326795,
1.868047688116),.PIECEWISE_BEZIER_KNOTS.) CURVE() 
GEOMETRIC_REPRESENTATION_ITEM() RATIONAL_B_SPLINE_CURVE((1.,
0.992650346543,0.992650346543,1.)) REPRESENTATION_ITEM('') );
#7666 = CARTESIAN_POINT('',(0.6,1.872E-02,-0.88128));
#7667 = CARTESIAN_POINT('',(0.6,2.058171014935E-02,-0.879418289851));
#7668 = CARTESIAN_POINT('',(0.599724319628,2.242289591206E-02,
    -0.877577104088));
#7669 = CARTESIAN_POINT('',(0.59917903735,2.420296105619E-02,
    -0.875797038944));
#7670 = ORIENTED_EDGE('',*,*,#7671,.T.);
#7671 = EDGE_CURVE('',#7663,#7615,#7672,.T.);
#7672 = B_SPLINE_CURVE_WITH_KNOTS('',3,(#7673,#7674,#7675,#7676,#7677,
    #7678,#7679,#7680,#7681,#7682),.UNSPECIFIED.,.F.,.F.,(4,3,3,4),(0.,
    5.892247353573E-06,1.175341654044E-05,1.465097671143E-05),
  .UNSPECIFIED.);
#7673 = CARTESIAN_POINT('',(0.59917903735,2.420296105619E-02,
    -0.875797038944));
#7674 = CARTESIAN_POINT('',(0.599594827156,2.28456219843E-02,
    -0.874439699872));
#7675 = CARTESIAN_POINT('',(0.599790205732,2.165506981501E-02,
    -0.872812922321));
#7676 = CARTESIAN_POINT('',(0.599888097596,2.076379642871E-02,
    -0.87106544734));
#7677 = CARTESIAN_POINT('',(0.599985655247,1.987556594985E-02,
    -0.869323938435));
#7678 = CARTESIAN_POINT('',(0.599994850052,1.925491251666E-02,
    -0.867415131651));
#7679 = CARTESIAN_POINT('',(0.59999859422,1.894941318859E-02,
    -0.865481745945));
#7680 = CARTESIAN_POINT('',(0.600000462909,1.879694061987E-02,
    -0.86451680672));
#7681 = CARTESIAN_POINT('',(0.6,1.872E-02,-0.863536913038));
#7682 = CARTESIAN_POINT('',(0.6,1.872E-02,-0.86256));
#7683 = CYLINDRICAL_SURFACE('',#7684,1.872E-02);
#7684 = AXIS2_PLACEMENT_3D('',#7685,#7686,#7687);
#7685 = CARTESIAN_POINT('',(0.58128,1.872E-02,0.));
#7686 = DIRECTION('',(0.,0.,1.));
#7687 = DIRECTION('',(1.,0.,-0.));
#7688 = ADVANCED_FACE('',(#7689),#7723,.T.);
#7689 = FACE_BOUND('',#7690,.T.);
#7690 = EDGE_LOOP('',(#7691,#7702,#7710));
#7691 = ORIENTED_EDGE('',*,*,#7692,.F.);
#7692 = EDGE_CURVE('',#7693,#7695,#7697,.T.);
#7693 = VERTEX_POINT('',#7694);
#7694 = CARTESIAN_POINT('',(0.6,0.88128,-0.88128));
#7695 = VERTEX_POINT('',#7696);
#7696 = CARTESIAN_POINT('',(0.59917903735,0.875797038944,-0.875797038944
    ));
#7697 = ( BOUNDED_CURVE() B_SPLINE_CURVE(3,(#7698,#7699,#7700,#7701),
.UNSPECIFIED.,.F.,.F.) B_SPLINE_CURVE_WITH_KNOTS((4,4),(4.712388980385,
5.009640341706),.PIECEWISE_BEZIER_KNOTS.) CURVE() 
GEOMETRIC_REPRESENTATION_ITEM() RATIONAL_B_SPLINE_CURVE((1.,
0.992650346543,0.992650346543,1.)) REPRESENTATION_ITEM('') );
#7698 = CARTESIAN_POINT('',(0.6,0.88128,-0.88128));
#7699 = CARTESIAN_POINT('',(0.6,0.879418289851,-0.879418289851));
#7700 = CARTESIAN_POINT('',(0.599724319628,0.877577104088,
    -0.877577104088));
#7701 = CARTESIAN_POINT('',(0.59917903735,0.875797038944,-0.875797038944
    ));
#7702 = ORIENTED_EDGE('',*,*,#7703,.T.);
#7703 = EDGE_CURVE('',#7693,#7704,#7706,.T.);
#7704 = VERTEX_POINT('',#7705);
#7705 = CARTESIAN_POINT('',(0.6,0.88128,-0.86256));
#7706 = LINE('',#7707,#7708);
#7707 = CARTESIAN_POINT('',(0.6,0.88128,-0.9));
#7708 = VECTOR('',#7709,1.);
#7709 = DIRECTION('',(0.,0.,1.));
#7710 = ORIENTED_EDGE('',*,*,#7711,.T.);
#7711 = EDGE_CURVE('',#7704,#7695,#7712,.T.);
#7712 = B_SPLINE_CURVE_WITH_KNOTS('',3,(#7713,#7714,#7715,#7716,#7717,
    #7718,#7719,#7720,#7721,#7722),.UNSPECIFIED.,.F.,.F.,(4,3,3,4),(0.,
    6.229656479334E-06,1.247217766221E-05,1.466750761378E-05),
  .UNSPECIFIED.);
#7713 = CARTESIAN_POINT('',(0.6,0.88128,-0.86256));
#7714 = CARTESIAN_POINT('',(0.6,0.88128,-0.86463655216));
#7715 = CARTESIAN_POINT('',(0.600009062255,0.880924750785,
    -0.866741503329));
#7716 = CARTESIAN_POINT('',(0.599971281373,0.880243467011,
    -0.868702751375));
#7717 = CARTESIAN_POINT('',(0.599933459979,0.879561452711,
    -0.870666102429));
#7718 = CARTESIAN_POINT('',(0.59984284591,0.878529163709,-0.872543310607
    ));
#7719 = CARTESIAN_POINT('',(0.599561703454,0.877252877104,
    -0.874159903552));
#7720 = CARTESIAN_POINT('',(0.5994614432,0.876797731263,-0.874736408509)
  );
#7721 = CARTESIAN_POINT('',(0.599335974142,0.876309356552,
    -0.875284721335));
#7722 = CARTESIAN_POINT('',(0.59917903735,0.875797038944,-0.875797038944
    ));
#7723 = CYLINDRICAL_SURFACE('',#7724,1.872E-02);
#7724 = AXIS2_PLACEMENT_3D('',#7725,#7726,#7727);
#7725 = CARTESIAN_POINT('',(0.58128,0.88128,-0.9));
#7726 = DIRECTION('',(0.,0.,1.));
#7727 = DIRECTION('',(1.,0.,-0.));
#7728 = ADVANCED_FACE('',(#7729),#7763,.T.);
#7729 = FACE_BOUND('',#7730,.T.);
#7730 = EDGE_LOOP('',(#7731,#7748,#7756));
#7731 = ORIENTED_EDGE('',*,*,#7732,.T.);
#7732 = EDGE_CURVE('',#7733,#7735,#7737,.T.);
#7733 = VERTEX_POINT('',#7734);
#7734 = CARTESIAN_POINT('',(0.59917903735,0.875797038944,
    -2.420296105619E-02));
#7735 = VERTEX_POINT('',#7736);
#7736 = CARTESIAN_POINT('',(0.6,0.88128,-3.744E-02));
#7737 = B_SPLINE_CURVE_WITH_KNOTS('',3,(#7738,#7739,#7740,#7741,#7742,
    #7743,#7744,#7745,#7746,#7747),.UNSPECIFIED.,.F.,.F.,(4,3,3,4),(0.,
    5.892247353573E-06,1.175341654044E-05,1.465097671143E-05),
  .UNSPECIFIED.);
#7738 = CARTESIAN_POINT('',(0.59917903735,0.875797038944,
    -2.420296105619E-02));
#7739 = CARTESIAN_POINT('',(0.599594827156,0.877154378016,
    -2.556030012807E-02));
#7740 = CARTESIAN_POINT('',(0.599790205732,0.878344930185,
    -2.718707767936E-02));
#7741 = CARTESIAN_POINT('',(0.599888097596,0.879236203571,
    -2.893455266026E-02));
#7742 = CARTESIAN_POINT('',(0.599985655247,0.88012443405,
    -3.067606156534E-02));
#7743 = CARTESIAN_POINT('',(0.599994850052,0.880745087483,
    -3.25848683489E-02));
#7744 = CARTESIAN_POINT('',(0.59999859422,0.881050586811,
    -3.451825405458E-02));
#7745 = CARTESIAN_POINT('',(0.600000462909,0.88120305938,
    -3.548319327956E-02));
#7746 = CARTESIAN_POINT('',(0.6,0.88128,-3.646308696186E-02));
#7747 = CARTESIAN_POINT('',(0.6,0.88128,-3.744E-02));
#7748 = ORIENTED_EDGE('',*,*,#7749,.T.);
#7749 = EDGE_CURVE('',#7735,#7750,#7752,.T.);
#7750 = VERTEX_POINT('',#7751);
#7751 = CARTESIAN_POINT('',(0.6,0.88128,-1.872E-02));
#7752 = LINE('',#7753,#7754);
#7753 = CARTESIAN_POINT('',(0.6,0.88128,-0.9));
#7754 = VECTOR('',#7755,1.);
#7755 = DIRECTION('',(0.,0.,1.));
#7756 = ORIENTED_EDGE('',*,*,#7757,.T.);
#7757 = EDGE_CURVE('',#7750,#7733,#7758,.T.);
#7758 = ( BOUNDED_CURVE() B_SPLINE_CURVE(3,(#7759,#7760,#7761,#7762),
.UNSPECIFIED.,.F.,.F.) B_SPLINE_CURVE_WITH_KNOTS((4,4),(4.712388980385,
5.009640341706),.PIECEWISE_BEZIER_KNOTS.) CURVE() 
GEOMETRIC_REPRESENTATION_ITEM() RATIONAL_B_SPLINE_CURVE((1.,
0.992650346543,0.992650346543,1.)) REPRESENTATION_ITEM('') );
#7759 = CARTESIAN_POINT('',(0.6,0.88128,-1.872E-02));
#7760 = CARTESIAN_POINT('',(0.6,0.879418289851,-2.058171014935E-02));
#7761 = CARTESIAN_POINT('',(0.599724319628,0.877577104088,
    -2.242289591206E-02));
#7762 = CARTESIAN_POINT('',(0.59917903735,0.875797038944,
    -2.420296105619E-02));
#7763 = CYLINDRICAL_SURFACE('',#7764,1.872E-02);
#7764 = AXIS2_PLACEMENT_3D('',#7765,#7766,#7767);
#7765 = CARTESIAN_POINT('',(0.58128,0.88128,-0.9));
#7766 = DIRECTION('',(0.,0.,1.));
#7767 = DIRECTION('',(1.,0.,-0.));
#7768 = ADVANCED_FACE('',(#7769),#7794,.F.);
#7769 = FACE_BOUND('',#7770,.T.);
#7770 = EDGE_LOOP('',(#7771,#7779,#7780,#7788));
#7771 = ORIENTED_EDGE('',*,*,#7772,.T.);
#7772 = EDGE_CURVE('',#7773,#7604,#7775,.T.);
#7773 = VERTEX_POINT('',#7774);
#7774 = CARTESIAN_POINT('',(1.872E-02,0.,-0.88128));
#7775 = LINE('',#7776,#7777);
#7776 = CARTESIAN_POINT('',(1.7,0.,-0.88128));
#7777 = VECTOR('',#7778,1.);
#7778 = DIRECTION('',(1.,0.,-0.));
#7779 = ORIENTED_EDGE('',*,*,#7647,.T.);
#7780 = ORIENTED_EDGE('',*,*,#7781,.T.);
#7781 = EDGE_CURVE('',#7639,#7782,#7784,.T.);
#7782 = VERTEX_POINT('',#7783);
#7783 = CARTESIAN_POINT('',(1.872E-02,0.,-1.872E-02));
#7784 = LINE('',#7785,#7786);
#7785 = CARTESIAN_POINT('',(1.7,0.,-1.872E-02));
#7786 = VECTOR('',#7787,1.);
#7787 = DIRECTION('',(-1.,0.,0.));
#7788 = ORIENTED_EDGE('',*,*,#7789,.T.);
#7789 = EDGE_CURVE('',#7782,#7773,#7790,.T.);
#7790 = LINE('',#7791,#7792);
#7791 = CARTESIAN_POINT('',(1.872E-02,0.,-0.9));
#7792 = VECTOR('',#7793,1.);
#7793 = DIRECTION('',(0.,0.,-1.));
#7794 = PLANE('',#7795);
#7795 = AXIS2_PLACEMENT_3D('',#7796,#7797,#7798);
#7796 = CARTESIAN_POINT('',(1.7,0.,0.));
#7797 = DIRECTION('',(-0.,1.,0.));
#7798 = DIRECTION('',(0.,0.,1.));
#7799 = ADVANCED_FACE('',(#7800),#7825,.F.);
#7800 = FACE_BOUND('',#7801,.T.);
#7801 = EDGE_LOOP('',(#7802,#7810,#7818,#7824));
#7802 = ORIENTED_EDGE('',*,*,#7803,.T.);
#7803 = EDGE_CURVE('',#7550,#7804,#7806,.T.);
#7804 = VERTEX_POINT('',#7805);
#7805 = CARTESIAN_POINT('',(1.68128,0.,-0.88128));
#7806 = LINE('',#7807,#7808);
#7807 = CARTESIAN_POINT('',(1.7,0.,-0.88128));
#7808 = VECTOR('',#7809,1.);
#7809 = DIRECTION('',(1.,0.,-0.));
#7810 = ORIENTED_EDGE('',*,*,#7811,.T.);
#7811 = EDGE_CURVE('',#7804,#7812,#7814,.T.);
#7812 = VERTEX_POINT('',#7813);
#7813 = CARTESIAN_POINT('',(1.68128,0.,-1.872E-02));
#7814 = LINE('',#7815,#7816);
#7815 = CARTESIAN_POINT('',(1.68128,0.,0.));
#7816 = VECTOR('',#7817,1.);
#7817 = DIRECTION('',(-0.,-0.,1.));
#7818 = ORIENTED_EDGE('',*,*,#7819,.T.);
#7819 = EDGE_CURVE('',#7812,#7517,#7820,.T.);
#7820 = LINE('',#7821,#7822);
#7821 = CARTESIAN_POINT('',(1.7,0.,-1.872E-02));
#7822 = VECTOR('',#7823,1.);
#7823 = DIRECTION('',(-1.,0.,0.));
#7824 = ORIENTED_EDGE('',*,*,#7558,.T.);
#7825 = PLANE('',#7826);
#7826 = AXIS2_PLACEMENT_3D('',#7827,#7828,#7829);
#7827 = CARTESIAN_POINT('',(1.7,0.,0.));
#7828 = DIRECTION('',(-0.,1.,0.));
#7829 = DIRECTION('',(0.,0.,1.));
#7830 = ADVANCED_FACE('',(#7831),#7865,.F.);
#7831 = FACE_BOUND('',#7832,.T.);
#7832 = EDGE_LOOP('',(#7833,#7843,#7851,#7859));
#7833 = ORIENTED_EDGE('',*,*,#7834,.F.);
#7834 = EDGE_CURVE('',#7835,#7837,#7839,.T.);
#7835 = VERTEX_POINT('',#7836);
#7836 = CARTESIAN_POINT('',(1.1,3.744E-02,-0.88128));
#7837 = VERTEX_POINT('',#7838);
#7838 = CARTESIAN_POINT('',(1.1,0.86256,-0.88128));
#7839 = LINE('',#7840,#7841);
#7840 = CARTESIAN_POINT('',(1.1,0.,-0.88128));
#7841 = VECTOR('',#7842,1.);
#7842 = DIRECTION('',(-0.,1.,-0.));
#7843 = ORIENTED_EDGE('',*,*,#7844,.T.);
#7844 = EDGE_CURVE('',#7835,#7845,#7847,.T.);
#7845 = VERTEX_POINT('',#7846);
#7846 = CARTESIAN_POINT('',(0.6,3.744E-02,-0.88128));
#7847 = LINE('',#7848,#7849);
#7848 = CARTESIAN_POINT('',(0.6,3.744E-02,-0.88128));
#7849 = VECTOR('',#7850,1.);
#7850 = DIRECTION('',(-1.,2.168404344971E-16,-0.));
#7851 = ORIENTED_EDGE('',*,*,#7852,.T.);
#7852 = EDGE_CURVE('',#7845,#7853,#7855,.T.);
#7853 = VERTEX_POINT('',#7854);
#7854 = CARTESIAN_POINT('',(0.6,0.86256,-0.88128));
#7855 = LINE('',#7856,#7857);
#7856 = CARTESIAN_POINT('',(0.6,0.,-0.88128));
#7857 = VECTOR('',#7858,1.);
#7858 = DIRECTION('',(-0.,1.,-0.));
#7859 = ORIENTED_EDGE('',*,*,#7860,.T.);
#7860 = EDGE_CURVE('',#7853,#7837,#7861,.T.);
#7861 = LINE('',#7862,#7863);
#7862 = CARTESIAN_POINT('',(0.6,0.86256,-0.88128));
#7863 = VECTOR('',#7864,1.);
#7864 = DIRECTION('',(1.,2.168404344971E-16,0.));
#7865 = PLANE('',#7866);
#7866 = AXIS2_PLACEMENT_3D('',#7867,#7868,#7869);
#7867 = CARTESIAN_POINT('',(0.6,0.,-0.88128));
#7868 = DIRECTION('',(-0.,0.,1.));
#7869 = DIRECTION('',(1.,0.,0.));
#7870 = ADVANCED_FACE('',(#7871),#7905,.T.);
#7871 = FACE_BOUND('',#7872,.T.);
#7872 = EDGE_LOOP('',(#7873,#7883,#7891,#7899));
#7873 = ORIENTED_EDGE('',*,*,#7874,.F.);
#7874 = EDGE_CURVE('',#7875,#7877,#7879,.T.);
#7875 = VERTEX_POINT('',#7876);
#7876 = CARTESIAN_POINT('',(0.6,3.744E-02,-1.872E-02));
#7877 = VERTEX_POINT('',#7878);
#7878 = CARTESIAN_POINT('',(0.6,0.86256,-1.872E-02));
#7879 = LINE('',#7880,#7881);
#7880 = CARTESIAN_POINT('',(0.6,0.,-1.872E-02));
#7881 = VECTOR('',#7882,1.);
#7882 = DIRECTION('',(-0.,1.,-0.));
#7883 = ORIENTED_EDGE('',*,*,#7884,.T.);
#7884 = EDGE_CURVE('',#7875,#7885,#7887,.T.);
#7885 = VERTEX_POINT('',#7886);
#7886 = CARTESIAN_POINT('',(1.1,3.744E-02,-1.872E-02));
#7887 = LINE('',#7888,#7889);
#7888 = CARTESIAN_POINT('',(0.6,3.744E-02,-1.872E-02));
#7889 = VECTOR('',#7890,1.);
#7890 = DIRECTION('',(1.,-2.168404344971E-16,0.));
#7891 = ORIENTED_EDGE('',*,*,#7892,.T.);
#7892 = EDGE_CURVE('',#7885,#7893,#7895,.T.);
#7893 = VERTEX_POINT('',#7894);
#7894 = CARTESIAN_POINT('',(1.1,0.86256,-1.872E-02));
#7895 = LINE('',#7896,#7897);
#7896 = CARTESIAN_POINT('',(1.1,0.,-1.872E-02));
#7897 = VECTOR('',#7898,1.);
#7898 = DIRECTION('',(-0.,1.,-0.));
#7899 = ORIENTED_EDGE('',*,*,#7900,.T.);
#7900 = EDGE_CURVE('',#7893,#7877,#7901,.T.);
#7901 = LINE('',#7902,#7903);
#7902 = CARTESIAN_POINT('',(0.6,0.86256,-1.872E-02));
#7903 = VECTOR('',#7904,1.);
#7904 = DIRECTION('',(-1.,-2.168404344971E-16,-0.));
#7905 = PLANE('',#7906);
#7906 = AXIS2_PLACEMENT_3D('',#7907,#7908,#7909);
#7907 = CARTESIAN_POINT('',(0.6,0.,-1.872E-02));
#7908 = DIRECTION('',(-0.,0.,1.));
#7909 = DIRECTION('',(1.,0.,0.));
#7910 = ADVANCED_FACE('',(#7911),#7945,.F.);
#7911 = FACE_BOUND('',#7912,.T.);
#7912 = EDGE_LOOP('',(#7913,#7923,#7931,#7939));
#7913 = ORIENTED_EDGE('',*,*,#7914,.T.);
#7914 = EDGE_CURVE('',#7915,#7917,#7919,.T.);
#7915 = VERTEX_POINT('',#7916);
#7916 = CARTESIAN_POINT('',(1.872E-02,1.872E-02,0.));
#7917 = VERTEX_POINT('',#7918);
#7918 = CARTESIAN_POINT('',(0.58128,1.872E-02,0.));
#7919 = LINE('',#7920,#7921);
#7920 = CARTESIAN_POINT('',(1.7,1.872E-02,0.));
#7921 = VECTOR('',#7922,1.);
#7922 = DIRECTION('',(1.,-0.,-0.));
#7923 = ORIENTED_EDGE('',*,*,#7924,.T.);
#7924 = EDGE_CURVE('',#7917,#7925,#7927,.T.);
#7925 = VERTEX_POINT('',#7926);
#7926 = CARTESIAN_POINT('',(0.58128,0.88128,0.));
#7927 = LINE('',#7928,#7929);
#7928 = CARTESIAN_POINT('',(0.58128,0.,0.));
#7929 = VECTOR('',#7930,1.);
#7930 = DIRECTION('',(-0.,1.,-0.));
#7931 = ORIENTED_EDGE('',*,*,#7932,.T.);
#7932 = EDGE_CURVE('',#7925,#7933,#7935,.T.);
#7933 = VERTEX_POINT('',#7934);
#7934 = CARTESIAN_POINT('',(1.872E-02,0.88128,0.));
#7935 = LINE('',#7936,#7937);
#7936 = CARTESIAN_POINT('',(1.7,0.88128,0.));
#7937 = VECTOR('',#7938,1.);
#7938 = DIRECTION('',(-1.,0.,0.));
#7939 = ORIENTED_EDGE('',*,*,#7940,.T.);
#7940 = EDGE_CURVE('',#7933,#7915,#7941,.T.);
#7941 = LINE('',#7942,#7943);
#7942 = CARTESIAN_POINT('',(1.872E-02,0.,0.));
#7943 = VECTOR('',#7944,1.);
#7944 = DIRECTION('',(0.,-1.,0.));
#7945 = PLANE('',#7946);
#7946 = AXIS2_PLACEMENT_3D('',#7947,#7948,#7949);
#7947 = CARTESIAN_POINT('',(1.7,0.,0.));
#7948 = DIRECTION('',(0.,0.,-1.));
#7949 = DIRECTION('',(-1.,0.,-0.));
#7950 = ADVANCED_FACE('',(#7951),#7985,.F.);
#7951 = FACE_BOUND('',#7952,.T.);
#7952 = EDGE_LOOP('',(#7953,#7963,#7971,#7979));
#7953 = ORIENTED_EDGE('',*,*,#7954,.T.);
#7954 = EDGE_CURVE('',#7955,#7957,#7959,.T.);
#7955 = VERTEX_POINT('',#7956);
#7956 = CARTESIAN_POINT('',(1.11872,1.872E-02,0.));
#7957 = VERTEX_POINT('',#7958);
#7958 = CARTESIAN_POINT('',(1.68128,1.872E-02,0.));
#7959 = LINE('',#7960,#7961);
#7960 = CARTESIAN_POINT('',(1.7,1.872E-02,0.));
#7961 = VECTOR('',#7962,1.);
#7962 = DIRECTION('',(1.,-0.,-0.));
#7963 = ORIENTED_EDGE('',*,*,#7964,.T.);
#7964 = EDGE_CURVE('',#7957,#7965,#7967,.T.);
#7965 = VERTEX_POINT('',#7966);
#7966 = CARTESIAN_POINT('',(1.68128,0.88128,0.));
#7967 = LINE('',#7968,#7969);
#7968 = CARTESIAN_POINT('',(1.68128,0.,0.));
#7969 = VECTOR('',#7970,1.);
#7970 = DIRECTION('',(-0.,1.,-0.));
#7971 = ORIENTED_EDGE('',*,*,#7972,.T.);
#7972 = EDGE_CURVE('',#7965,#7973,#7975,.T.);
#7973 = VERTEX_POINT('',#7974);
#7974 = CARTESIAN_POINT('',(1.11872,0.88128,0.));
#7975 = LINE('',#7976,#7977);
#7976 = CARTESIAN_POINT('',(1.7,0.88128,0.));
#7977 = VECTOR('',#7978,1.);
#7978 = DIRECTION('',(-1.,0.,0.));
#7979 = ORIENTED_EDGE('',*,*,#7980,.T.);
#7980 = EDGE_CURVE('',#7973,#7955,#7981,.T.);
#7981 = LINE('',#7982,#7983);
#7982 = CARTESIAN_POINT('',(1.11872,0.,0.));
#7983 = VECTOR('',#7984,1.);
#7984 = DIRECTION('',(-0.,-1.,-0.));
#7985 = PLANE('',#7986);
#7986 = AXIS2_PLACEMENT_3D('',#7987,#7988,#7989);
#7987 = CARTESIAN_POINT('',(1.7,0.,0.));
#7988 = DIRECTION('',(0.,0.,-1.));
#7989 = DIRECTION('',(-1.,0.,-0.));
#7990 = ADVANCED_FACE('',(#7991),#8021,.F.);
#7991 = FACE_BOUND('',#7992,.T.);
#7992 = EDGE_LOOP('',(#7993,#8003,#8009,#8015));
#7993 = ORIENTED_EDGE('',*,*,#7994,.F.);
#7994 = EDGE_CURVE('',#7995,#7997,#7999,.T.);
#7995 = VERTEX_POINT('',#7996);
#7996 = CARTESIAN_POINT('',(1.1,0.88128,-0.86256));
#7997 = VERTEX_POINT('',#7998);
#7998 = CARTESIAN_POINT('',(1.1,0.88128,-3.744E-02));
#7999 = LINE('',#8000,#8001);
#8000 = CARTESIAN_POINT('',(1.1,0.88128,-0.9));
#8001 = VECTOR('',#8002,1.);
#8002 = DIRECTION('',(-0.,-0.,1.));
#8003 = ORIENTED_EDGE('',*,*,#8004,.T.);
#8004 = EDGE_CURVE('',#7995,#7704,#8005,.T.);
#8005 = LINE('',#8006,#8007);
#8006 = CARTESIAN_POINT('',(0.6,0.88128,-0.86256));
#8007 = VECTOR('',#8008,1.);
#8008 = DIRECTION('',(-1.,-2.168404344971E-16,-0.));
#8009 = ORIENTED_EDGE('',*,*,#8010,.T.);
#8010 = EDGE_CURVE('',#7704,#7735,#8011,.T.);
#8011 = LINE('',#8012,#8013);
#8012 = CARTESIAN_POINT('',(0.6,0.88128,-0.9));
#8013 = VECTOR('',#8014,1.);
#8014 = DIRECTION('',(-0.,-0.,1.));
#8015 = ORIENTED_EDGE('',*,*,#8016,.T.);
#8016 = EDGE_CURVE('',#7735,#7997,#8017,.T.);
#8017 = LINE('',#8018,#8019);
#8018 = CARTESIAN_POINT('',(1.1,0.88128,-3.744E-02));
#8019 = VECTOR('',#8020,1.);
#8020 = DIRECTION('',(1.,2.168404344971E-16,-0.));
#8021 = PLANE('',#8022);
#8022 = AXIS2_PLACEMENT_3D('',#8023,#8024,#8025);
#8023 = CARTESIAN_POINT('',(0.6,0.88128,-0.9));
#8024 = DIRECTION('',(2.168404344971E-16,-1.,0.));
#8025 = DIRECTION('',(1.,2.168404344971E-16,0.));
#8026 = ADVANCED_FACE('',(#8027),#8061,.F.);
#8027 = FACE_BOUND('',#8028,.T.);
#8028 = EDGE_LOOP('',(#8029,#8039,#8047,#8055));
#8029 = ORIENTED_EDGE('',*,*,#8030,.T.);
#8030 = EDGE_CURVE('',#8031,#8033,#8035,.T.);
#8031 = VERTEX_POINT('',#8032);
#8032 = CARTESIAN_POINT('',(1.872E-02,0.88128,-0.9));
#8033 = VERTEX_POINT('',#8034);
#8034 = CARTESIAN_POINT('',(0.58128,0.88128,-0.9));
#8035 = LINE('',#8036,#8037);
#8036 = CARTESIAN_POINT('',(1.7,0.88128,-0.9));
#8037 = VECTOR('',#8038,1.);
#8038 = DIRECTION('',(1.,-0.,-0.));
#8039 = ORIENTED_EDGE('',*,*,#8040,.T.);
#8040 = EDGE_CURVE('',#8033,#8041,#8043,.T.);
#8041 = VERTEX_POINT('',#8042);
#8042 = CARTESIAN_POINT('',(0.58128,1.872E-02,-0.9));
#8043 = LINE('',#8044,#8045);
#8044 = CARTESIAN_POINT('',(0.58128,0.,-0.9));
#8045 = VECTOR('',#8046,1.);
#8046 = DIRECTION('',(0.,-1.,0.));
#8047 = ORIENTED_EDGE('',*,*,#8048,.T.);
#8048 = EDGE_CURVE('',#8041,#8049,#8051,.T.);
#8049 = VERTEX_POINT('',#8050);
#8050 = CARTESIAN_POINT('',(1.872E-02,1.872E-02,-0.9));
#8051 = LINE('',#8052,#8053);
#8052 = CARTESIAN_POINT('',(1.7,1.872E-02,-0.9));
#8053 = VECTOR('',#8054,1.);
#8054 = DIRECTION('',(-1.,-0.,0.));
#8055 = ORIENTED_EDGE('',*,*,#8056,.T.);
#8056 = EDGE_CURVE('',#8049,#8031,#8057,.T.);
#8057 = LINE('',#8058,#8059);
#8058 = CARTESIAN_POINT('',(1.872E-02,0.9,-0.9));
#8059 = VECTOR('',#8060,1.);
#8060 = DIRECTION('',(0.,1.,-0.));
#8061 = PLANE('',#8062);
#8062 = AXIS2_PLACEMENT_3D('',#8063,#8064,#8065);
#8063 = CARTESIAN_POINT('',(1.7,0.,-0.9));
#8064 = DIRECTION('',(0.,0.,1.));
#8065 = DIRECTION('',(1.,0.,-0.));
#8066 = ADVANCED_FACE('',(#8067),#8101,.F.);
#8067 = FACE_BOUND('',#8068,.T.);
#8068 = EDGE_LOOP('',(#8069,#8079,#8087,#8095));
#8069 = ORIENTED_EDGE('',*,*,#8070,.T.);
#8070 = EDGE_CURVE('',#8071,#8073,#8075,.T.);
#8071 = VERTEX_POINT('',#8072);
#8072 = CARTESIAN_POINT('',(1.872E-02,0.9,-1.872E-02));
#8073 = VERTEX_POINT('',#8074);
#8074 = CARTESIAN_POINT('',(0.58128,0.9,-1.872E-02));
#8075 = LINE('',#8076,#8077);
#8076 = CARTESIAN_POINT('',(1.7,0.9,-1.872E-02));
#8077 = VECTOR('',#8078,1.);
#8078 = DIRECTION('',(1.,-0.,-0.));
#8079 = ORIENTED_EDGE('',*,*,#8080,.T.);
#8080 = EDGE_CURVE('',#8073,#8081,#8083,.T.);
#8081 = VERTEX_POINT('',#8082);
#8082 = CARTESIAN_POINT('',(0.58128,0.9,-0.88128));
#8083 = LINE('',#8084,#8085);
#8084 = CARTESIAN_POINT('',(0.58128,0.9,0.));
#8085 = VECTOR('',#8086,1.);
#8086 = DIRECTION('',(-0.,-0.,-1.));
#8087 = ORIENTED_EDGE('',*,*,#8088,.T.);
#8088 = EDGE_CURVE('',#8081,#8089,#8091,.T.);
#8089 = VERTEX_POINT('',#8090);
#8090 = CARTESIAN_POINT('',(1.872E-02,0.9,-0.88128));
#8091 = LINE('',#8092,#8093);
#8092 = CARTESIAN_POINT('',(1.7,0.9,-0.88128));
#8093 = VECTOR('',#8094,1.);
#8094 = DIRECTION('',(-1.,0.,0.));
#8095 = ORIENTED_EDGE('',*,*,#8096,.T.);
#8096 = EDGE_CURVE('',#8089,#8071,#8097,.T.);
#8097 = LINE('',#8098,#8099);
#8098 = CARTESIAN_POINT('',(1.872E-02,0.9,0.));
#8099 = VECTOR('',#8100,1.);
#8100 = DIRECTION('',(0.,0.,1.));
#8101 = PLANE('',#8102);
#8102 = AXIS2_PLACEMENT_3D('',#8103,#8104,#8105);
#8103 = CARTESIAN_POINT('',(1.7,0.9,0.));
#8104 = DIRECTION('',(0.,-1.,0.));
#8105 = DIRECTION('',(0.,-0.,-1.));
#8106 = ADVANCED_FACE('',(#8107),#8141,.F.);
#8107 = FACE_BOUND('',#8108,.T.);
#8108 = EDGE_LOOP('',(#8109,#8119,#8127,#8135));
#8109 = ORIENTED_EDGE('',*,*,#8110,.T.);
#8110 = EDGE_CURVE('',#8111,#8113,#8115,.T.);
#8111 = VERTEX_POINT('',#8112);
#8112 = CARTESIAN_POINT('',(1.11872,0.88128,-0.9));
#8113 = VERTEX_POINT('',#8114);
#8114 = CARTESIAN_POINT('',(1.68128,0.88128,-0.9));
#8115 = LINE('',#8116,#8117);
#8116 = CARTESIAN_POINT('',(1.7,0.88128,-0.9));
#8117 = VECTOR('',#8118,1.);
#8118 = DIRECTION('',(1.,-0.,-0.));
#8119 = ORIENTED_EDGE('',*,*,#8120,.T.);
#8120 = EDGE_CURVE('',#8113,#8121,#8123,.T.);
#8121 = VERTEX_POINT('',#8122);
#8122 = CARTESIAN_POINT('',(1.68128,1.872E-02,-0.9));
#8123 = LINE('',#8124,#8125);
#8124 = CARTESIAN_POINT('',(1.68128,0.,-0.9));
#8125 = VECTOR('',#8126,1.);
#8126 = DIRECTION('',(-0.,-1.,0.));
#8127 = ORIENTED_EDGE('',*,*,#8128,.T.);
#8128 = EDGE_CURVE('',#8121,#8129,#8131,.T.);
#8129 = VERTEX_POINT('',#8130);
#8130 = CARTESIAN_POINT('',(1.11872,1.872E-02,-0.9));
#8131 = LINE('',#8132,#8133);
#8132 = CARTESIAN_POINT('',(1.7,1.872E-02,-0.9));
#8133 = VECTOR('',#8134,1.);
#8134 = DIRECTION('',(-1.,-0.,0.));
#8135 = ORIENTED_EDGE('',*,*,#8136,.T.);
#8136 = EDGE_CURVE('',#8129,#8111,#8137,.T.);
#8137 = LINE('',#8138,#8139);
#8138 = CARTESIAN_POINT('',(1.11872,0.,-0.9));
#8139 = VECTOR('',#8140,1.);
#8140 = DIRECTION('',(0.,1.,0.));
#8141 = PLANE('',#8142);
#8142 = AXIS2_PLACEMENT_3D('',#8143,#8144,#8145);
#8143 = CARTESIAN_POINT('',(1.7,0.,-0.9));
#8144 = DIRECTION('',(0.,0.,1.));
#8145 = DIRECTION('',(1.,0.,-0.));
#8146 = ADVANCED_FACE('',(#8147),#8181,.F.);
#8147 = FACE_BOUND('',#8148,.T.);
#8148 = EDGE_LOOP('',(#8149,#8159,#8167,#8175));
#8149 = ORIENTED_EDGE('',*,*,#8150,.T.);
#8150 = EDGE_CURVE('',#8151,#8153,#8155,.T.);
#8151 = VERTEX_POINT('',#8152);
#8152 = CARTESIAN_POINT('',(1.11872,0.9,-1.872E-02));
#8153 = VERTEX_POINT('',#8154);
#8154 = CARTESIAN_POINT('',(1.68128,0.9,-1.872E-02));
#8155 = LINE('',#8156,#8157);
#8156 = CARTESIAN_POINT('',(1.7,0.9,-1.872E-02));
#8157 = VECTOR('',#8158,1.);
#8158 = DIRECTION('',(1.,-0.,-0.));
#8159 = ORIENTED_EDGE('',*,*,#8160,.T.);
#8160 = EDGE_CURVE('',#8153,#8161,#8163,.T.);
#8161 = VERTEX_POINT('',#8162);
#8162 = CARTESIAN_POINT('',(1.68128,0.9,-0.88128));
#8163 = LINE('',#8164,#8165);
#8164 = CARTESIAN_POINT('',(1.68128,0.9,0.));
#8165 = VECTOR('',#8166,1.);
#8166 = DIRECTION('',(-0.,-0.,-1.));
#8167 = ORIENTED_EDGE('',*,*,#8168,.T.);
#8168 = EDGE_CURVE('',#8161,#8169,#8171,.T.);
#8169 = VERTEX_POINT('',#8170);
#8170 = CARTESIAN_POINT('',(1.11872,0.9,-0.88128));
#8171 = LINE('',#8172,#8173);
#8172 = CARTESIAN_POINT('',(1.7,0.9,-0.88128));
#8173 = VECTOR('',#8174,1.);
#8174 = DIRECTION('',(-1.,0.,0.));
#8175 = ORIENTED_EDGE('',*,*,#8176,.T.);
#8176 = EDGE_CURVE('',#8169,#8151,#8177,.T.);
#8177 = LINE('',#8178,#8179);
#8178 = CARTESIAN_POINT('',(1.11872,0.9,0.));
#8179 = VECTOR('',#8180,1.);
#8180 = DIRECTION('',(-0.,0.,1.));
#8181 = PLANE('',#8182);
#8182 = AXIS2_PLACEMENT_3D('',#8183,#8184,#8185);
#8183 = CARTESIAN_POINT('',(1.7,0.9,0.));
#8184 = DIRECTION('',(0.,-1.,0.));
#8185 = DIRECTION('',(0.,-0.,-1.));
#8186 = ADVANCED_FACE('',(#8187),#8221,.F.);
#8187 = FACE_BOUND('',#8188,.T.);
#8188 = EDGE_LOOP('',(#8189,#8199,#8207,#8215));
#8189 = ORIENTED_EDGE('',*,*,#8190,.T.);
#8190 = EDGE_CURVE('',#8191,#8193,#8195,.T.);
#8191 = VERTEX_POINT('',#8192);
#8192 = CARTESIAN_POINT('',(1.7,1.872E-02,-0.88128));
#8193 = VERTEX_POINT('',#8194);
#8194 = CARTESIAN_POINT('',(1.7,0.88128,-0.88128));
#8195 = LINE('',#8196,#8197);
#8196 = CARTESIAN_POINT('',(1.7,0.,-0.88128));
#8197 = VECTOR('',#8198,1.);
#8198 = DIRECTION('',(0.,1.,-0.));
#8199 = ORIENTED_EDGE('',*,*,#8200,.T.);
#8200 = EDGE_CURVE('',#8193,#8201,#8203,.T.);
#8201 = VERTEX_POINT('',#8202);
#8202 = CARTESIAN_POINT('',(1.7,0.88128,-1.872E-02));
#8203 = LINE('',#8204,#8205);
#8204 = CARTESIAN_POINT('',(1.7,0.88128,0.));
#8205 = VECTOR('',#8206,1.);
#8206 = DIRECTION('',(0.,0.,1.));
#8207 = ORIENTED_EDGE('',*,*,#8208,.T.);
#8208 = EDGE_CURVE('',#8201,#8209,#8211,.T.);
#8209 = VERTEX_POINT('',#8210);
#8210 = CARTESIAN_POINT('',(1.7,1.872E-02,-1.872E-02));
#8211 = LINE('',#8212,#8213);
#8212 = CARTESIAN_POINT('',(1.7,0.,-1.872E-02));
#8213 = VECTOR('',#8214,1.);
#8214 = DIRECTION('',(0.,-1.,0.));
#8215 = ORIENTED_EDGE('',*,*,#8216,.T.);
#8216 = EDGE_CURVE('',#8209,#8191,#8217,.T.);
#8217 = LINE('',#8218,#8219);
#8218 = CARTESIAN_POINT('',(1.7,1.872E-02,0.));
#8219 = VECTOR('',#8220,1.);
#8220 = DIRECTION('',(0.,0.,-1.));
#8221 = PLANE('',#8222);
#8222 = AXIS2_PLACEMENT_3D('',#8223,#8224,#8225);
#8223 = CARTESIAN_POINT('',(1.7,0.,0.));
#8224 = DIRECTION('',(-1.,0.,0.));
#8225 = DIRECTION('',(0.,0.,1.));
#8226 = ADVANCED_FACE('',(#8227),#8261,.T.);
#8227 = FACE_BOUND('',#8228,.T.);
#8228 = EDGE_LOOP('',(#8229,#8239,#8247,#8255));
#8229 = ORIENTED_EDGE('',*,*,#8230,.T.);
#8230 = EDGE_CURVE('',#8231,#8233,#8235,.T.);
#8231 = VERTEX_POINT('',#8232);
#8232 = CARTESIAN_POINT('',(0.,0.88128,-0.88128));
#8233 = VERTEX_POINT('',#8234);
#8234 = CARTESIAN_POINT('',(0.,1.872E-02,-0.88128));
#8235 = LINE('',#8236,#8237);
#8236 = CARTESIAN_POINT('',(0.,0.,-0.88128));
#8237 = VECTOR('',#8238,1.);
#8238 = DIRECTION('',(-0.,-1.,-0.));
#8239 = ORIENTED_EDGE('',*,*,#8240,.T.);
#8240 = EDGE_CURVE('',#8233,#8241,#8243,.T.);
#8241 = VERTEX_POINT('',#8242);
#8242 = CARTESIAN_POINT('',(0.,1.872E-02,-1.872E-02));
#8243 = LINE('',#8244,#8245);
#8244 = CARTESIAN_POINT('',(0.,1.872E-02,0.));
#8245 = VECTOR('',#8246,1.);
#8246 = DIRECTION('',(-0.,-0.,1.));
#8247 = ORIENTED_EDGE('',*,*,#8248,.T.);
#8248 = EDGE_CURVE('',#8241,#8249,#8251,.T.);
#8249 = VERTEX_POINT('',#8250);
#8250 = CARTESIAN_POINT('',(0.,0.88128,-1.872E-02));
#8251 = LINE('',#8252,#8253);
#8252 = CARTESIAN_POINT('',(0.,0.9,-1.872E-02));
#8253 = VECTOR('',#8254,1.);
#8254 = DIRECTION('',(-0.,1.,-0.));
#8255 = ORIENTED_EDGE('',*,*,#8256,.T.);
#8256 = EDGE_CURVE('',#8249,#8231,#8257,.T.);
#8257 = LINE('',#8258,#8259);
#8258 = CARTESIAN_POINT('',(0.,0.88128,-0.9));
#8259 = VECTOR('',#8260,1.);
#8260 = DIRECTION('',(-0.,0.,-1.));
#8261 = PLANE('',#8262);
#8262 = AXIS2_PLACEMENT_3D('',#8263,#8264,#8265);
#8263 = CARTESIAN_POINT('',(0.,0.,0.));
#8264 = DIRECTION('',(-1.,0.,0.));
#8265 = DIRECTION('',(0.,0.,1.));
#8266 = ADVANCED_FACE('',(#8267),#8283,.T.);
#8267 = FACE_BOUND('',#8268,.T.);
#8268 = EDGE_LOOP('',(#8269,#8270,#8276,#8277));
#8269 = ORIENTED_EDGE('',*,*,#7622,.F.);
#8270 = ORIENTED_EDGE('',*,*,#8271,.T.);
#8271 = EDGE_CURVE('',#7615,#7534,#8272,.T.);
#8272 = LINE('',#8273,#8274);
#8273 = CARTESIAN_POINT('',(1.1,1.872E-02,-0.86256));
#8274 = VECTOR('',#8275,1.);
#8275 = DIRECTION('',(1.,-2.168404344971E-16,0.));
#8276 = ORIENTED_EDGE('',*,*,#7533,.T.);
#8277 = ORIENTED_EDGE('',*,*,#8278,.T.);
#8278 = EDGE_CURVE('',#7526,#7623,#8279,.T.);
#8279 = LINE('',#8280,#8281);
#8280 = CARTESIAN_POINT('',(0.6,1.872E-02,-3.744E-02));
#8281 = VECTOR('',#8282,1.);
#8282 = DIRECTION('',(-1.,2.168404344971E-16,-0.));
#8283 = PLANE('',#8284);
#8284 = AXIS2_PLACEMENT_3D('',#8285,#8286,#8287);
#8285 = CARTESIAN_POINT('',(0.6,1.872E-02,-0.9));
#8286 = DIRECTION('',(-2.168404344971E-16,-1.,0.));
#8287 = DIRECTION('',(1.,-2.168404344971E-16,0.));
#8288 = ADVANCED_FACE('',(#8289),#8307,.T.);
#8289 = FACE_BOUND('',#8290,.T.);
#8290 = EDGE_LOOP('',(#8291,#8298,#8299,#8306));
#8291 = ORIENTED_EDGE('',*,*,#8292,.F.);
#8292 = EDGE_CURVE('',#8231,#8089,#8293,.T.);
#8293 = CIRCLE('',#8294,1.872E-02);
#8294 = AXIS2_PLACEMENT_3D('',#8295,#8296,#8297);
#8295 = CARTESIAN_POINT('',(1.872E-02,0.88128,-0.88128));
#8296 = DIRECTION('',(0.,0.,-1.));
#8297 = DIRECTION('',(-1.,0.,0.));
#8298 = ORIENTED_EDGE('',*,*,#8256,.F.);
#8299 = ORIENTED_EDGE('',*,*,#8300,.F.);
#8300 = EDGE_CURVE('',#8071,#8249,#8301,.T.);
#8301 = CIRCLE('',#8302,1.872E-02);
#8302 = AXIS2_PLACEMENT_3D('',#8303,#8304,#8305);
#8303 = CARTESIAN_POINT('',(1.872E-02,0.88128,-1.872E-02));
#8304 = DIRECTION('',(0.,-0.,1.));
#8305 = DIRECTION('',(1.,0.,0.));
#8306 = ORIENTED_EDGE('',*,*,#8096,.F.);
#8307 = CYLINDRICAL_SURFACE('',#8308,1.872E-02);
#8308 = AXIS2_PLACEMENT_3D('',#8309,#8310,#8311);
#8309 = CARTESIAN_POINT('',(1.872E-02,0.88128,0.));
#8310 = DIRECTION('',(0.,0.,-1.));
#8311 = DIRECTION('',(-1.,0.,0.));
#8312 = ADVANCED_FACE('',(#8313),#8330,.T.);
#8313 = FACE_BOUND('',#8314,.T.);
#8314 = EDGE_LOOP('',(#8315,#8322,#8323));
#8315 = ORIENTED_EDGE('',*,*,#8316,.F.);
#8316 = EDGE_CURVE('',#8231,#8031,#8317,.T.);
#8317 = CIRCLE('',#8318,1.872E-02);
#8318 = AXIS2_PLACEMENT_3D('',#8319,#8320,#8321);
#8319 = CARTESIAN_POINT('',(1.872E-02,0.88128,-0.88128));
#8320 = DIRECTION('',(0.,-1.,0.));
#8321 = DIRECTION('',(0.,0.,1.));
#8322 = ORIENTED_EDGE('',*,*,#8292,.T.);
#8323 = ORIENTED_EDGE('',*,*,#8324,.F.);
#8324 = EDGE_CURVE('',#8031,#8089,#8325,.T.);
#8325 = CIRCLE('',#8326,1.872E-02);
#8326 = AXIS2_PLACEMENT_3D('',#8327,#8328,#8329);
#8327 = CARTESIAN_POINT('',(1.872E-02,0.88128,-0.88128));
#8328 = DIRECTION('',(1.,0.,-0.));
#8329 = DIRECTION('',(0.,0.,1.));
#8330 = SPHERICAL_SURFACE('',#8331,1.872E-02);
#8331 = AXIS2_PLACEMENT_3D('',#8332,#8333,#8334);
#8332 = CARTESIAN_POINT('',(1.872E-02,0.88128,-0.88128));
#8333 = DIRECTION('',(0.,1.,0.));
#8334 = DIRECTION('',(1.,0.,0.));
#8335 = ADVANCED_FACE('',(#8336),#8353,.T.);
#8336 = FACE_BOUND('',#8337,.T.);
#8337 = EDGE_LOOP('',(#8338,#8345,#8346));
#8338 = ORIENTED_EDGE('',*,*,#8339,.F.);
#8339 = EDGE_CURVE('',#8071,#7933,#8340,.T.);
#8340 = CIRCLE('',#8341,1.872E-02);
#8341 = AXIS2_PLACEMENT_3D('',#8342,#8343,#8344);
#8342 = CARTESIAN_POINT('',(1.872E-02,0.88128,-1.872E-02));
#8343 = DIRECTION('',(1.,0.,-0.));
#8344 = DIRECTION('',(0.,0.,1.));
#8345 = ORIENTED_EDGE('',*,*,#8300,.T.);
#8346 = ORIENTED_EDGE('',*,*,#8347,.F.);
#8347 = EDGE_CURVE('',#7933,#8249,#8348,.T.);
#8348 = CIRCLE('',#8349,1.872E-02);
#8349 = AXIS2_PLACEMENT_3D('',#8350,#8351,#8352);
#8350 = CARTESIAN_POINT('',(1.872E-02,0.88128,-1.872E-02));
#8351 = DIRECTION('',(0.,-1.,0.));
#8352 = DIRECTION('',(0.,0.,1.));
#8353 = SPHERICAL_SURFACE('',#8354,1.872E-02);
#8354 = AXIS2_PLACEMENT_3D('',#8355,#8356,#8357);
#8355 = CARTESIAN_POINT('',(1.872E-02,0.88128,-1.872E-02));
#8356 = DIRECTION('',(0.,1.,0.));
#8357 = DIRECTION('',(1.,0.,0.));
#8358 = ADVANCED_FACE('',(#8359),#8371,.T.);
#8359 = FACE_BOUND('',#8360,.T.);
#8360 = EDGE_LOOP('',(#8361,#8362,#8363,#8370));
#8361 = ORIENTED_EDGE('',*,*,#8324,.T.);
#8362 = ORIENTED_EDGE('',*,*,#8088,.F.);
#8363 = ORIENTED_EDGE('',*,*,#8364,.F.);
#8364 = EDGE_CURVE('',#8033,#8081,#8365,.T.);
#8365 = CIRCLE('',#8366,1.872E-02);
#8366 = AXIS2_PLACEMENT_3D('',#8367,#8368,#8369);
#8367 = CARTESIAN_POINT('',(0.58128,0.88128,-0.88128));
#8368 = DIRECTION('',(1.,-5.791678271824E-15,0.));
#8369 = DIRECTION('',(5.791678271824E-15,1.,0.));
#8370 = ORIENTED_EDGE('',*,*,#8030,.F.);
#8371 = CYLINDRICAL_SURFACE('',#8372,1.872E-02);
#8372 = AXIS2_PLACEMENT_3D('',#8373,#8374,#8375);
#8373 = CARTESIAN_POINT('',(1.7,0.88128,-0.88128));
#8374 = DIRECTION('',(-1.,0.,0.));
#8375 = DIRECTION('',(0.,0.,1.));
#8376 = ADVANCED_FACE('',(#8377),#8389,.T.);
#8377 = FACE_BOUND('',#8378,.T.);
#8378 = EDGE_LOOP('',(#8379,#8380,#8381,#8388));
#8379 = ORIENTED_EDGE('',*,*,#8316,.T.);
#8380 = ORIENTED_EDGE('',*,*,#8056,.F.);
#8381 = ORIENTED_EDGE('',*,*,#8382,.F.);
#8382 = EDGE_CURVE('',#8233,#8049,#8383,.T.);
#8383 = CIRCLE('',#8384,1.872E-02);
#8384 = AXIS2_PLACEMENT_3D('',#8385,#8386,#8387);
#8385 = CARTESIAN_POINT('',(1.872E-02,1.872E-02,-0.88128));
#8386 = DIRECTION('',(0.,-1.,-0.));
#8387 = DIRECTION('',(0.,0.,-1.));
#8388 = ORIENTED_EDGE('',*,*,#8230,.F.);
#8389 = CYLINDRICAL_SURFACE('',#8390,1.872E-02);
#8390 = AXIS2_PLACEMENT_3D('',#8391,#8392,#8393);
#8391 = CARTESIAN_POINT('',(1.872E-02,0.,-0.88128));
#8392 = DIRECTION('',(0.,-1.,0.));
#8393 = DIRECTION('',(0.,0.,-1.));
#8394 = ADVANCED_FACE('',(#8395),#8413,.T.);
#8395 = FACE_BOUND('',#8396,.T.);
#8396 = EDGE_LOOP('',(#8397,#8404,#8405,#8412));
#8397 = ORIENTED_EDGE('',*,*,#8398,.F.);
#8398 = EDGE_CURVE('',#8241,#7782,#8399,.T.);
#8399 = CIRCLE('',#8400,1.872E-02);
#8400 = AXIS2_PLACEMENT_3D('',#8401,#8402,#8403);
#8401 = CARTESIAN_POINT('',(1.872E-02,1.872E-02,-1.872E-02));
#8402 = DIRECTION('',(0.,0.,1.));
#8403 = DIRECTION('',(1.,0.,-0.));
#8404 = ORIENTED_EDGE('',*,*,#8240,.F.);
#8405 = ORIENTED_EDGE('',*,*,#8406,.F.);
#8406 = EDGE_CURVE('',#7773,#8233,#8407,.T.);
#8407 = CIRCLE('',#8408,1.872E-02);
#8408 = AXIS2_PLACEMENT_3D('',#8409,#8410,#8411);
#8409 = CARTESIAN_POINT('',(1.872E-02,1.872E-02,-0.88128));
#8410 = DIRECTION('',(-0.,0.,-1.));
#8411 = DIRECTION('',(-1.,0.,0.));
#8412 = ORIENTED_EDGE('',*,*,#7789,.F.);
#8413 = CYLINDRICAL_SURFACE('',#8414,1.872E-02);
#8414 = AXIS2_PLACEMENT_3D('',#8415,#8416,#8417);
#8415 = CARTESIAN_POINT('',(1.872E-02,1.872E-02,0.));
#8416 = DIRECTION('',(0.,0.,1.));
#8417 = DIRECTION('',(1.,0.,-0.));
#8418 = ADVANCED_FACE('',(#8419),#8431,.T.);
#8419 = FACE_BOUND('',#8420,.T.);
#8420 = EDGE_LOOP('',(#8421,#8422,#8423,#8430));
#8421 = ORIENTED_EDGE('',*,*,#8347,.T.);
#8422 = ORIENTED_EDGE('',*,*,#8248,.F.);
#8423 = ORIENTED_EDGE('',*,*,#8424,.F.);
#8424 = EDGE_CURVE('',#7915,#8241,#8425,.T.);
#8425 = CIRCLE('',#8426,1.872E-02);
#8426 = AXIS2_PLACEMENT_3D('',#8427,#8428,#8429);
#8427 = CARTESIAN_POINT('',(1.872E-02,1.872E-02,-1.872E-02));
#8428 = DIRECTION('',(0.,-1.,0.));
#8429 = DIRECTION('',(0.,0.,-1.));
#8430 = ORIENTED_EDGE('',*,*,#7940,.F.);
#8431 = CYLINDRICAL_SURFACE('',#8432,1.872E-02);
#8432 = AXIS2_PLACEMENT_3D('',#8433,#8434,#8435);
#8433 = CARTESIAN_POINT('',(1.872E-02,0.,-1.872E-02));
#8434 = DIRECTION('',(0.,1.,0.));
#8435 = DIRECTION('',(0.,-0.,1.));
#8436 = ADVANCED_FACE('',(#8437),#8449,.T.);
#8437 = FACE_BOUND('',#8438,.T.);
#8438 = EDGE_LOOP('',(#8439,#8440,#8441,#8448));
#8439 = ORIENTED_EDGE('',*,*,#8339,.T.);
#8440 = ORIENTED_EDGE('',*,*,#7932,.F.);
#8441 = ORIENTED_EDGE('',*,*,#8442,.F.);
#8442 = EDGE_CURVE('',#8073,#7925,#8443,.T.);
#8443 = CIRCLE('',#8444,1.872E-02);
#8444 = AXIS2_PLACEMENT_3D('',#8445,#8446,#8447);
#8445 = CARTESIAN_POINT('',(0.58128,0.88128,-1.872E-02));
#8446 = DIRECTION('',(1.,0.,0.));
#8447 = DIRECTION('',(0.,0.,-1.));
#8448 = ORIENTED_EDGE('',*,*,#8070,.F.);
#8449 = CYLINDRICAL_SURFACE('',#8450,1.872E-02);
#8450 = AXIS2_PLACEMENT_3D('',#8451,#8452,#8453);
#8451 = CARTESIAN_POINT('',(1.7,0.88128,-1.872E-02));
#8452 = DIRECTION('',(-1.,0.,0.));
#8453 = DIRECTION('',(0.,0.,1.));
#8454 = ADVANCED_FACE('',(#8455),#8475,.T.);
#8455 = FACE_BOUND('',#8456,.T.);
#8456 = EDGE_LOOP('',(#8457,#8458,#8465,#8466,#8473,#8474));
#8457 = ORIENTED_EDGE('',*,*,#7703,.F.);
#8458 = ORIENTED_EDGE('',*,*,#8459,.F.);
#8459 = EDGE_CURVE('',#8081,#7693,#8460,.T.);
#8460 = CIRCLE('',#8461,1.872E-02);
#8461 = AXIS2_PLACEMENT_3D('',#8462,#8463,#8464);
#8462 = CARTESIAN_POINT('',(0.58128,0.88128,-0.88128));
#8463 = DIRECTION('',(0.,0.,-1.));
#8464 = DIRECTION('',(-1.,0.,0.));
#8465 = ORIENTED_EDGE('',*,*,#8080,.F.);
#8466 = ORIENTED_EDGE('',*,*,#8467,.F.);
#8467 = EDGE_CURVE('',#7750,#8073,#8468,.T.);
#8468 = CIRCLE('',#8469,1.872E-02);
#8469 = AXIS2_PLACEMENT_3D('',#8470,#8471,#8472);
#8470 = CARTESIAN_POINT('',(0.58128,0.88128,-1.872E-02));
#8471 = DIRECTION('',(-0.,2.352869297929E-15,1.));
#8472 = DIRECTION('',(0.,-1.,2.352869297929E-15));
#8473 = ORIENTED_EDGE('',*,*,#7749,.F.);
#8474 = ORIENTED_EDGE('',*,*,#8010,.F.);
#8475 = CYLINDRICAL_SURFACE('',#8476,1.872E-02);
#8476 = AXIS2_PLACEMENT_3D('',#8477,#8478,#8479);
#8477 = CARTESIAN_POINT('',(0.58128,0.88128,-0.9));
#8478 = DIRECTION('',(0.,0.,1.));
#8479 = DIRECTION('',(1.,0.,-0.));
#8480 = ADVANCED_FACE('',(#8481),#8492,.T.);
#8481 = FACE_BOUND('',#8482,.T.);
#8482 = EDGE_LOOP('',(#8483,#8484,#8485));
#8483 = ORIENTED_EDGE('',*,*,#8364,.T.);
#8484 = ORIENTED_EDGE('',*,*,#8459,.T.);
#8485 = ORIENTED_EDGE('',*,*,#8486,.F.);
#8486 = EDGE_CURVE('',#8033,#7693,#8487,.T.);
#8487 = CIRCLE('',#8488,1.872E-02);
#8488 = AXIS2_PLACEMENT_3D('',#8489,#8490,#8491);
#8489 = CARTESIAN_POINT('',(0.58128,0.88128,-0.88128));
#8490 = DIRECTION('',(0.,-1.,0.));
#8491 = DIRECTION('',(0.,0.,1.));
#8492 = SPHERICAL_SURFACE('',#8493,1.872E-02);
#8493 = AXIS2_PLACEMENT_3D('',#8494,#8495,#8496);
#8494 = CARTESIAN_POINT('',(0.58128,0.88128,-0.88128));
#8495 = DIRECTION('',(0.,1.,0.));
#8496 = DIRECTION('',(1.,0.,0.));
#8497 = ADVANCED_FACE('',(#8498),#8509,.T.);
#8498 = FACE_BOUND('',#8499,.T.);
#8499 = EDGE_LOOP('',(#8500,#8501,#8502));
#8500 = ORIENTED_EDGE('',*,*,#8406,.T.);
#8501 = ORIENTED_EDGE('',*,*,#8382,.T.);
#8502 = ORIENTED_EDGE('',*,*,#8503,.F.);
#8503 = EDGE_CURVE('',#7773,#8049,#8504,.T.);
#8504 = CIRCLE('',#8505,1.872E-02);
#8505 = AXIS2_PLACEMENT_3D('',#8506,#8507,#8508);
#8506 = CARTESIAN_POINT('',(1.872E-02,1.872E-02,-0.88128));
#8507 = DIRECTION('',(1.,0.,-0.));
#8508 = DIRECTION('',(0.,0.,1.));
#8509 = SPHERICAL_SURFACE('',#8510,1.872E-02);
#8510 = AXIS2_PLACEMENT_3D('',#8511,#8512,#8513);
#8511 = CARTESIAN_POINT('',(1.872E-02,1.872E-02,-0.88128));
#8512 = DIRECTION('',(0.,1.,0.));
#8513 = DIRECTION('',(1.,0.,0.));
#8514 = ADVANCED_FACE('',(#8515),#8526,.T.);
#8515 = FACE_BOUND('',#8516,.T.);
#8516 = EDGE_LOOP('',(#8517,#8518,#8519));
#8517 = ORIENTED_EDGE('',*,*,#8424,.T.);
#8518 = ORIENTED_EDGE('',*,*,#8398,.T.);
#8519 = ORIENTED_EDGE('',*,*,#8520,.F.);
#8520 = EDGE_CURVE('',#7915,#7782,#8521,.T.);
#8521 = CIRCLE('',#8522,1.872E-02);
#8522 = AXIS2_PLACEMENT_3D('',#8523,#8524,#8525);
#8523 = CARTESIAN_POINT('',(1.872E-02,1.872E-02,-1.872E-02));
#8524 = DIRECTION('',(1.,0.,-0.));
#8525 = DIRECTION('',(0.,0.,1.));
#8526 = SPHERICAL_SURFACE('',#8527,1.872E-02);
#8527 = AXIS2_PLACEMENT_3D('',#8528,#8529,#8530);
#8528 = CARTESIAN_POINT('',(1.872E-02,1.872E-02,-1.872E-02));
#8529 = DIRECTION('',(0.,1.,0.));
#8530 = DIRECTION('',(1.,0.,0.));
#8531 = ADVANCED_FACE('',(#8532),#8543,.T.);
#8532 = FACE_BOUND('',#8533,.T.);
#8533 = EDGE_LOOP('',(#8534,#8535,#8536));
#8534 = ORIENTED_EDGE('',*,*,#8467,.T.);
#8535 = ORIENTED_EDGE('',*,*,#8442,.T.);
#8536 = ORIENTED_EDGE('',*,*,#8537,.F.);
#8537 = EDGE_CURVE('',#7750,#7925,#8538,.T.);
#8538 = CIRCLE('',#8539,1.872E-02);
#8539 = AXIS2_PLACEMENT_3D('',#8540,#8541,#8542);
#8540 = CARTESIAN_POINT('',(0.58128,0.88128,-1.872E-02));
#8541 = DIRECTION('',(0.,-1.,0.));
#8542 = DIRECTION('',(0.,0.,1.));
#8543 = SPHERICAL_SURFACE('',#8544,1.872E-02);
#8544 = AXIS2_PLACEMENT_3D('',#8545,#8546,#8547);
#8545 = CARTESIAN_POINT('',(0.58128,0.88128,-1.872E-02));
#8546 = DIRECTION('',(0.,1.,0.));
#8547 = DIRECTION('',(1.,0.,0.));
#8548 = ADVANCED_FACE('',(#8549),#8589,.T.);
#8549 = FACE_BOUND('',#8550,.T.);
#8550 = EDGE_LOOP('',(#8551,#8552,#8553,#8566,#8567,#8580,#8581,#8588));
#8551 = ORIENTED_EDGE('',*,*,#8486,.T.);
#8552 = ORIENTED_EDGE('',*,*,#7692,.T.);
#8553 = ORIENTED_EDGE('',*,*,#8554,.T.);
#8554 = EDGE_CURVE('',#7695,#7853,#8555,.T.);
#8555 = B_SPLINE_CURVE_WITH_KNOTS('',3,(#8556,#8557,#8558,#8559,#8560,
    #8561,#8562,#8563,#8564,#8565),.UNSPECIFIED.,.F.,.F.,(4,3,3,4),(0.,
    5.892247353573E-06,1.175341654044E-05,1.465097671143E-05),
  .UNSPECIFIED.);
#8556 = CARTESIAN_POINT('',(0.59917903735,0.875797038944,-0.875797038944
    ));
#8557 = CARTESIAN_POINT('',(0.599594827156,0.874439699872,
    -0.877154378016));
#8558 = CARTESIAN_POINT('',(0.599790205732,0.872812922321,
    -0.878344930185));
#8559 = CARTESIAN_POINT('',(0.599888097596,0.87106544734,-0.879236203571
    ));
#8560 = CARTESIAN_POINT('',(0.599985655247,0.869323938435,-0.88012443405
    ));
#8561 = CARTESIAN_POINT('',(0.599994850052,0.867415131651,
    -0.880745087483));
#8562 = CARTESIAN_POINT('',(0.59999859422,0.865481745945,-0.881050586811
    ));
#8563 = CARTESIAN_POINT('',(0.600000462909,0.86451680672,-0.88120305938)
  );
#8564 = CARTESIAN_POINT('',(0.6,0.863536913038,-0.88128));
#8565 = CARTESIAN_POINT('',(0.6,0.86256,-0.88128));
#8566 = ORIENTED_EDGE('',*,*,#7852,.F.);
#8567 = ORIENTED_EDGE('',*,*,#8568,.T.);
#8568 = EDGE_CURVE('',#7845,#7663,#8569,.T.);
#8569 = B_SPLINE_CURVE_WITH_KNOTS('',3,(#8570,#8571,#8572,#8573,#8574,
    #8575,#8576,#8577,#8578,#8579),.UNSPECIFIED.,.F.,.F.,(4,3,3,4),(0.,
    6.229656479334E-06,1.247217766221E-05,1.466750761378E-05),
  .UNSPECIFIED.);
#8570 = CARTESIAN_POINT('',(0.6,3.744E-02,-0.88128));
#8571 = CARTESIAN_POINT('',(0.6,3.536344784022E-02,-0.88128));
#8572 = CARTESIAN_POINT('',(0.600009062255,3.325849667091E-02,
    -0.880924750785));
#8573 = CARTESIAN_POINT('',(0.599971281373,3.129724862504E-02,
    -0.880243467011));
#8574 = CARTESIAN_POINT('',(0.599933459979,2.933389757054E-02,
    -0.879561452711));
#8575 = CARTESIAN_POINT('',(0.59984284591,2.745668939278E-02,
    -0.878529163709));
#8576 = CARTESIAN_POINT('',(0.599561703454,2.584009644823E-02,
    -0.877252877104));
#8577 = CARTESIAN_POINT('',(0.5994614432,2.526359149086E-02,
    -0.876797731263));
#8578 = CARTESIAN_POINT('',(0.599335974142,2.471527866476E-02,
    -0.876309356552));
#8579 = CARTESIAN_POINT('',(0.59917903735,2.420296105619E-02,
    -0.875797038944));
#8580 = ORIENTED_EDGE('',*,*,#7662,.F.);
#8581 = ORIENTED_EDGE('',*,*,#8582,.F.);
#8582 = EDGE_CURVE('',#8041,#7606,#8583,.T.);
#8583 = CIRCLE('',#8584,1.872E-02);
#8584 = AXIS2_PLACEMENT_3D('',#8585,#8586,#8587);
#8585 = CARTESIAN_POINT('',(0.58128,1.872E-02,-0.88128));
#8586 = DIRECTION('',(0.,-1.,0.));
#8587 = DIRECTION('',(0.,0.,-1.));
#8588 = ORIENTED_EDGE('',*,*,#8040,.F.);
#8589 = CYLINDRICAL_SURFACE('',#8590,1.872E-02);
#8590 = AXIS2_PLACEMENT_3D('',#8591,#8592,#8593);
#8591 = CARTESIAN_POINT('',(0.58128,0.,-0.88128));
#8592 = DIRECTION('',(0.,-1.,0.));
#8593 = DIRECTION('',(0.,0.,-1.));
#8594 = ADVANCED_FACE('',(#8595),#8607,.T.);
#8595 = FACE_BOUND('',#8596,.T.);
#8596 = EDGE_LOOP('',(#8597,#8598,#8599,#8606));
#8597 = ORIENTED_EDGE('',*,*,#8503,.T.);
#8598 = ORIENTED_EDGE('',*,*,#8048,.F.);
#8599 = ORIENTED_EDGE('',*,*,#8600,.F.);
#8600 = EDGE_CURVE('',#7604,#8041,#8601,.T.);
#8601 = CIRCLE('',#8602,1.872E-02);
#8602 = AXIS2_PLACEMENT_3D('',#8603,#8604,#8605);
#8603 = CARTESIAN_POINT('',(0.58128,1.872E-02,-0.88128));
#8604 = DIRECTION('',(1.,0.,0.));
#8605 = DIRECTION('',(0.,0.,-1.));
#8606 = ORIENTED_EDGE('',*,*,#7772,.F.);
#8607 = CYLINDRICAL_SURFACE('',#8608,1.872E-02);
#8608 = AXIS2_PLACEMENT_3D('',#8609,#8610,#8611);
#8609 = CARTESIAN_POINT('',(1.7,1.872E-02,-0.88128));
#8610 = DIRECTION('',(-1.,-0.,0.));
#8611 = DIRECTION('',(0.,0.,1.));
#8612 = ADVANCED_FACE('',(#8613),#8625,.T.);
#8613 = FACE_BOUND('',#8614,.T.);
#8614 = EDGE_LOOP('',(#8615,#8616,#8617,#8624));
#8615 = ORIENTED_EDGE('',*,*,#8520,.T.);
#8616 = ORIENTED_EDGE('',*,*,#7781,.F.);
#8617 = ORIENTED_EDGE('',*,*,#8618,.F.);
#8618 = EDGE_CURVE('',#7917,#7639,#8619,.T.);
#8619 = CIRCLE('',#8620,1.872E-02);
#8620 = AXIS2_PLACEMENT_3D('',#8621,#8622,#8623);
#8621 = CARTESIAN_POINT('',(0.58128,1.872E-02,-1.872E-02));
#8622 = DIRECTION('',(1.,-5.791678271824E-15,0.));
#8623 = DIRECTION('',(5.791678271824E-15,1.,0.));
#8624 = ORIENTED_EDGE('',*,*,#7914,.F.);
#8625 = CYLINDRICAL_SURFACE('',#8626,1.872E-02);
#8626 = AXIS2_PLACEMENT_3D('',#8627,#8628,#8629);
#8627 = CARTESIAN_POINT('',(1.7,1.872E-02,-1.872E-02));
#8628 = DIRECTION('',(-1.,0.,0.));
#8629 = DIRECTION('',(0.,0.,1.));
#8630 = ADVANCED_FACE('',(#8631),#8679,.T.);
#8631 = FACE_BOUND('',#8632,.T.);
#8632 = EDGE_LOOP('',(#8633,#8634,#8635,#8642,#8651,#8664,#8665,#8678));
#8633 = ORIENTED_EDGE('',*,*,#8537,.T.);
#8634 = ORIENTED_EDGE('',*,*,#7924,.F.);
#8635 = ORIENTED_EDGE('',*,*,#8636,.F.);
#8636 = EDGE_CURVE('',#7631,#7917,#8637,.T.);
#8637 = CIRCLE('',#8638,1.872E-02);
#8638 = AXIS2_PLACEMENT_3D('',#8639,#8640,#8641);
#8639 = CARTESIAN_POINT('',(0.58128,1.872E-02,-1.872E-02));
#8640 = DIRECTION('',(0.,-1.,0.));
#8641 = DIRECTION('',(0.,0.,-1.));
#8642 = ORIENTED_EDGE('',*,*,#8643,.T.);
#8643 = EDGE_CURVE('',#7631,#8644,#8646,.T.);
#8644 = VERTEX_POINT('',#8645);
#8645 = CARTESIAN_POINT('',(0.59917903735,2.420296105619E-02,
    -2.420296105619E-02));
#8646 = ( BOUNDED_CURVE() B_SPLINE_CURVE(3,(#8647,#8648,#8649,#8650),
.UNSPECIFIED.,.F.,.F.) B_SPLINE_CURVE_WITH_KNOTS((4,4),(1.570796326795,
1.868047688116),.PIECEWISE_BEZIER_KNOTS.) CURVE() 
GEOMETRIC_REPRESENTATION_ITEM() RATIONAL_B_SPLINE_CURVE((1.,
0.992650346543,0.992650346543,1.)) REPRESENTATION_ITEM('') );
#8647 = CARTESIAN_POINT('',(0.6,1.872E-02,-1.872E-02));
#8648 = CARTESIAN_POINT('',(0.6,2.058171014935E-02,-2.058171014935E-02)
  );
#8649 = CARTESIAN_POINT('',(0.599724319628,2.242289591206E-02,
    -2.242289591206E-02));
#8650 = CARTESIAN_POINT('',(0.59917903735,2.420296105619E-02,
    -2.420296105619E-02));
#8651 = ORIENTED_EDGE('',*,*,#8652,.T.);
#8652 = EDGE_CURVE('',#8644,#7875,#8653,.T.);
#8653 = B_SPLINE_CURVE_WITH_KNOTS('',3,(#8654,#8655,#8656,#8657,#8658,
    #8659,#8660,#8661,#8662,#8663),.UNSPECIFIED.,.F.,.F.,(4,3,3,4),(0.,
    5.892247353573E-06,1.175341654044E-05,1.465097671143E-05),
  .UNSPECIFIED.);
#8654 = CARTESIAN_POINT('',(0.59917903735,2.420296105619E-02,
    -2.420296105619E-02));
#8655 = CARTESIAN_POINT('',(0.599594827156,2.556030012807E-02,
    -2.28456219843E-02));
#8656 = CARTESIAN_POINT('',(0.599790205732,2.718707767936E-02,
    -2.165506981501E-02));
#8657 = CARTESIAN_POINT('',(0.599888097596,2.893455266026E-02,
    -2.076379642871E-02));
#8658 = CARTESIAN_POINT('',(0.599985655247,3.067606156534E-02,
    -1.987556594985E-02));
#8659 = CARTESIAN_POINT('',(0.599994850052,3.25848683489E-02,
    -1.925491251666E-02));
#8660 = CARTESIAN_POINT('',(0.59999859422,3.451825405458E-02,
    -1.894941318859E-02));
#8661 = CARTESIAN_POINT('',(0.600000462909,3.548319327956E-02,
    -1.879694061987E-02));
#8662 = CARTESIAN_POINT('',(0.6,3.646308696186E-02,-1.872E-02));
#8663 = CARTESIAN_POINT('',(0.6,3.744E-02,-1.872E-02));
#8664 = ORIENTED_EDGE('',*,*,#7874,.T.);
#8665 = ORIENTED_EDGE('',*,*,#8666,.T.);
#8666 = EDGE_CURVE('',#7877,#7733,#8667,.T.);
#8667 = B_SPLINE_CURVE_WITH_KNOTS('',3,(#8668,#8669,#8670,#8671,#8672,
    #8673,#8674,#8675,#8676,#8677),.UNSPECIFIED.,.F.,.F.,(4,3,3,4),(0.,
    6.229656479334E-06,1.247217766221E-05,1.466750761378E-05),
  .UNSPECIFIED.);
#8668 = CARTESIAN_POINT('',(0.6,0.86256,-1.872E-02));
#8669 = CARTESIAN_POINT('',(0.6,0.86463655216,-1.872E-02));
#8670 = CARTESIAN_POINT('',(0.600009062255,0.866741503329,
    -1.907524921525E-02));
#8671 = CARTESIAN_POINT('',(0.599971281373,0.868702751375,
    -1.975653298854E-02));
#8672 = CARTESIAN_POINT('',(0.599933459979,0.870666102429,
    -2.043854728934E-02));
#8673 = CARTESIAN_POINT('',(0.59984284591,0.872543310607,
    -2.147083629094E-02));
#8674 = CARTESIAN_POINT('',(0.599561703454,0.874159903552,
    -2.274712289613E-02));
#8675 = CARTESIAN_POINT('',(0.5994614432,0.874736408509,
    -2.320226873688E-02));
#8676 = CARTESIAN_POINT('',(0.599335974142,0.875284721335,
    -2.369064344753E-02));
#8677 = CARTESIAN_POINT('',(0.59917903735,0.875797038944,
    -2.420296105619E-02));
#8678 = ORIENTED_EDGE('',*,*,#7757,.F.);
#8679 = CYLINDRICAL_SURFACE('',#8680,1.872E-02);
#8680 = AXIS2_PLACEMENT_3D('',#8681,#8682,#8683);
#8681 = CARTESIAN_POINT('',(0.58128,0.9,-1.872E-02));
#8682 = DIRECTION('',(0.,-1.,0.));
#8683 = DIRECTION('',(0.,0.,-1.));
#8684 = ADVANCED_FACE('',(#8685),#8690,.T.);
#8685 = FACE_BOUND('',#8686,.T.);
#8686 = EDGE_LOOP('',(#8687,#8688,#8689));
#8687 = ORIENTED_EDGE('',*,*,#8600,.T.);
#8688 = ORIENTED_EDGE('',*,*,#8582,.T.);
#8689 = ORIENTED_EDGE('',*,*,#7603,.F.);
#8690 = SPHERICAL_SURFACE('',#8691,1.872E-02);
#8691 = AXIS2_PLACEMENT_3D('',#8692,#8693,#8694);
#8692 = CARTESIAN_POINT('',(0.58128,1.872E-02,-0.88128));
#8693 = DIRECTION('',(0.,1.,0.));
#8694 = DIRECTION('',(1.,0.,0.));
#8695 = ADVANCED_FACE('',(#8696),#8701,.T.);
#8696 = FACE_BOUND('',#8697,.T.);
#8697 = EDGE_LOOP('',(#8698,#8699,#8700));
#8698 = ORIENTED_EDGE('',*,*,#8636,.T.);
#8699 = ORIENTED_EDGE('',*,*,#8618,.T.);
#8700 = ORIENTED_EDGE('',*,*,#7638,.F.);
#8701 = SPHERICAL_SURFACE('',#8702,1.872E-02);
#8702 = AXIS2_PLACEMENT_3D('',#8703,#8704,#8705);
#8703 = CARTESIAN_POINT('',(0.58128,1.872E-02,-1.872E-02));
#8704 = DIRECTION('',(0.,1.,0.));
#8705 = DIRECTION('',(1.,0.,0.));
#8706 = ADVANCED_FACE('',(#8707),#8724,.T.);
#8707 = FACE_BOUND('',#8708,.T.);
#8708 = EDGE_LOOP('',(#8709,#8710,#8723));
#8709 = ORIENTED_EDGE('',*,*,#7630,.F.);
#8710 = ORIENTED_EDGE('',*,*,#8711,.T.);
#8711 = EDGE_CURVE('',#7623,#8644,#8712,.T.);
#8712 = B_SPLINE_CURVE_WITH_KNOTS('',3,(#8713,#8714,#8715,#8716,#8717,
    #8718,#8719,#8720,#8721,#8722),.UNSPECIFIED.,.F.,.F.,(4,3,3,4),(
    4.121840218789E-20,6.229656479334E-06,1.247217766221E-05,
    1.466750761378E-05),.UNSPECIFIED.);
#8713 = CARTESIAN_POINT('',(0.6,1.872E-02,-3.744E-02));
#8714 = CARTESIAN_POINT('',(0.6,1.872E-02,-3.536344784022E-02));
#8715 = CARTESIAN_POINT('',(0.600009062255,1.907524921525E-02,
    -3.325849667091E-02));
#8716 = CARTESIAN_POINT('',(0.599971281373,1.975653298854E-02,
    -3.129724862504E-02));
#8717 = CARTESIAN_POINT('',(0.599933459979,2.043854728934E-02,
    -2.933389757054E-02));
#8718 = CARTESIAN_POINT('',(0.59984284591,2.147083629094E-02,
    -2.745668939278E-02));
#8719 = CARTESIAN_POINT('',(0.599561703454,2.274712289613E-02,
    -2.584009644823E-02));
#8720 = CARTESIAN_POINT('',(0.5994614432,2.320226873688E-02,
    -2.526359149086E-02));
#8721 = CARTESIAN_POINT('',(0.599335974142,2.369064344753E-02,
    -2.471527866476E-02));
#8722 = CARTESIAN_POINT('',(0.59917903735,2.420296105619E-02,
    -2.420296105619E-02));
#8723 = ORIENTED_EDGE('',*,*,#8643,.F.);
#8724 = CYLINDRICAL_SURFACE('',#8725,1.872E-02);
#8725 = AXIS2_PLACEMENT_3D('',#8726,#8727,#8728);
#8726 = CARTESIAN_POINT('',(0.58128,1.872E-02,0.));
#8727 = DIRECTION('',(0.,0.,1.));
#8728 = DIRECTION('',(1.,0.,-0.));
#8729 = ADVANCED_FACE('',(#8730),#8755,.T.);
#8730 = FACE_BOUND('',#8731,.T.);
#8731 = EDGE_LOOP('',(#8732,#8733,#8748));
#8732 = ORIENTED_EDGE('',*,*,#7541,.F.);
#8733 = ORIENTED_EDGE('',*,*,#8734,.T.);
#8734 = EDGE_CURVE('',#7534,#8735,#8737,.T.);
#8735 = VERTEX_POINT('',#8736);
#8736 = CARTESIAN_POINT('',(1.10082096265,2.420296105619E-02,
    -0.875797038944));
#8737 = B_SPLINE_CURVE_WITH_KNOTS('',3,(#8738,#8739,#8740,#8741,#8742,
    #8743,#8744,#8745,#8746,#8747),.UNSPECIFIED.,.F.,.F.,(4,3,3,4),(0.,
    6.229656479334E-06,1.247217766221E-05,1.466750761378E-05),
  .UNSPECIFIED.);
#8738 = CARTESIAN_POINT('',(1.1,1.872E-02,-0.86256));
#8739 = CARTESIAN_POINT('',(1.1,1.872E-02,-0.86463655216));
#8740 = CARTESIAN_POINT('',(1.099990937745,1.907524921525E-02,
    -0.866741503329));
#8741 = CARTESIAN_POINT('',(1.100028718627,1.975653298854E-02,
    -0.868702751375));
#8742 = CARTESIAN_POINT('',(1.100066540021,2.043854728934E-02,
    -0.870666102429));
#8743 = CARTESIAN_POINT('',(1.10015715409,2.147083629094E-02,
    -0.872543310607));
#8744 = CARTESIAN_POINT('',(1.100438296546,2.274712289613E-02,
    -0.874159903552));
#8745 = CARTESIAN_POINT('',(1.1005385568,2.320226873688E-02,
    -0.874736408509));
#8746 = CARTESIAN_POINT('',(1.100664025858,2.369064344753E-02,
    -0.875284721335));
#8747 = CARTESIAN_POINT('',(1.10082096265,2.420296105619E-02,
    -0.875797038944));
#8748 = ORIENTED_EDGE('',*,*,#8749,.F.);
#8749 = EDGE_CURVE('',#7542,#8735,#8750,.T.);
#8750 = ( BOUNDED_CURVE() B_SPLINE_CURVE(3,(#8751,#8752,#8753,#8754),
.UNSPECIFIED.,.F.,.F.) B_SPLINE_CURVE_WITH_KNOTS((4,4),(1.570796326795,
1.868047688116),.PIECEWISE_BEZIER_KNOTS.) CURVE() 
GEOMETRIC_REPRESENTATION_ITEM() RATIONAL_B_SPLINE_CURVE((1.,
0.992650346543,0.992650346543,1.)) REPRESENTATION_ITEM('') );
#8751 = CARTESIAN_POINT('',(1.1,1.872E-02,-0.88128));
#8752 = CARTESIAN_POINT('',(1.1,2.058171014935E-02,-0.879418289851));
#8753 = CARTESIAN_POINT('',(1.100275680372,2.242289591206E-02,
    -0.877577104088));
#8754 = CARTESIAN_POINT('',(1.10082096265,2.420296105619E-02,
    -0.875797038944));
#8755 = CYLINDRICAL_SURFACE('',#8756,1.872E-02);
#8756 = AXIS2_PLACEMENT_3D('',#8757,#8758,#8759);
#8757 = CARTESIAN_POINT('',(1.11872,1.872E-02,0.));
#8758 = DIRECTION('',(0.,0.,-1.));
#8759 = DIRECTION('',(-1.,0.,0.));
#8760 = ADVANCED_FACE('',(#8761),#8778,.T.);
#8761 = FACE_BOUND('',#8762,.T.);
#8762 = EDGE_LOOP('',(#8763,#8770,#8771));
#8763 = ORIENTED_EDGE('',*,*,#8764,.F.);
#8764 = EDGE_CURVE('',#7550,#8129,#8765,.T.);
#8765 = CIRCLE('',#8766,1.872E-02);
#8766 = AXIS2_PLACEMENT_3D('',#8767,#8768,#8769);
#8767 = CARTESIAN_POINT('',(1.11872,1.872E-02,-0.88128));
#8768 = DIRECTION('',(1.,0.,-0.));
#8769 = DIRECTION('',(0.,0.,1.));
#8770 = ORIENTED_EDGE('',*,*,#7549,.T.);
#8771 = ORIENTED_EDGE('',*,*,#8772,.F.);
#8772 = EDGE_CURVE('',#8129,#7542,#8773,.T.);
#8773 = CIRCLE('',#8774,1.872E-02);
#8774 = AXIS2_PLACEMENT_3D('',#8775,#8776,#8777);
#8775 = CARTESIAN_POINT('',(1.11872,1.872E-02,-0.88128));
#8776 = DIRECTION('',(0.,1.,0.));
#8777 = DIRECTION('',(0.,0.,-1.));
#8778 = SPHERICAL_SURFACE('',#8779,1.872E-02);
#8779 = AXIS2_PLACEMENT_3D('',#8780,#8781,#8782);
#8780 = CARTESIAN_POINT('',(1.11872,1.872E-02,-0.88128));
#8781 = DIRECTION('',(0.,1.,0.));
#8782 = DIRECTION('',(1.,0.,0.));
#8783 = ADVANCED_FACE('',(#8784),#8801,.T.);
#8784 = FACE_BOUND('',#8785,.T.);
#8785 = EDGE_LOOP('',(#8786,#8793,#8794));
#8786 = ORIENTED_EDGE('',*,*,#8787,.F.);
#8787 = EDGE_CURVE('',#7515,#7955,#8788,.T.);
#8788 = CIRCLE('',#8789,1.872E-02);
#8789 = AXIS2_PLACEMENT_3D('',#8790,#8791,#8792);
#8790 = CARTESIAN_POINT('',(1.11872,1.872E-02,-1.872E-02));
#8791 = DIRECTION('',(-0.,1.,0.));
#8792 = DIRECTION('',(0.,0.,-1.));
#8793 = ORIENTED_EDGE('',*,*,#7514,.T.);
#8794 = ORIENTED_EDGE('',*,*,#8795,.F.);
#8795 = EDGE_CURVE('',#7955,#7517,#8796,.T.);
#8796 = CIRCLE('',#8797,1.872E-02);
#8797 = AXIS2_PLACEMENT_3D('',#8798,#8799,#8800);
#8798 = CARTESIAN_POINT('',(1.11872,1.872E-02,-1.872E-02));
#8799 = DIRECTION('',(1.,0.,-0.));
#8800 = DIRECTION('',(0.,0.,1.));
#8801 = SPHERICAL_SURFACE('',#8802,1.872E-02);
#8802 = AXIS2_PLACEMENT_3D('',#8803,#8804,#8805);
#8803 = CARTESIAN_POINT('',(1.11872,1.872E-02,-1.872E-02));
#8804 = DIRECTION('',(0.,1.,0.));
#8805 = DIRECTION('',(1.,0.,0.));
#8806 = ADVANCED_FACE('',(#8807),#8857,.T.);
#8807 = FACE_BOUND('',#8808,.T.);
#8808 = EDGE_LOOP('',(#8809,#8810,#8811,#8824,#8825,#8840,#8849,#8856));
#8809 = ORIENTED_EDGE('',*,*,#8772,.T.);
#8810 = ORIENTED_EDGE('',*,*,#8749,.T.);
#8811 = ORIENTED_EDGE('',*,*,#8812,.T.);
#8812 = EDGE_CURVE('',#8735,#7835,#8813,.T.);
#8813 = B_SPLINE_CURVE_WITH_KNOTS('',3,(#8814,#8815,#8816,#8817,#8818,
    #8819,#8820,#8821,#8822,#8823),.UNSPECIFIED.,.F.,.F.,(4,3,3,4),(0.,
    5.892247353573E-06,1.175341654044E-05,1.465097671143E-05),
  .UNSPECIFIED.);
#8814 = CARTESIAN_POINT('',(1.10082096265,2.420296105619E-02,
    -0.875797038944));
#8815 = CARTESIAN_POINT('',(1.100405172844,2.556030012807E-02,
    -0.877154378016));
#8816 = CARTESIAN_POINT('',(1.100209794268,2.718707767936E-02,
    -0.878344930185));
#8817 = CARTESIAN_POINT('',(1.100111902404,2.893455266026E-02,
    -0.879236203571));
#8818 = CARTESIAN_POINT('',(1.100014344753,3.067606156534E-02,
    -0.88012443405));
#8819 = CARTESIAN_POINT('',(1.100005149948,3.25848683489E-02,
    -0.880745087483));
#8820 = CARTESIAN_POINT('',(1.10000140578,3.451825405458E-02,
    -0.881050586811));
#8821 = CARTESIAN_POINT('',(1.099999537091,3.548319327956E-02,
    -0.88120305938));
#8822 = CARTESIAN_POINT('',(1.1,3.646308696186E-02,-0.88128));
#8823 = CARTESIAN_POINT('',(1.1,3.744E-02,-0.88128));
#8824 = ORIENTED_EDGE('',*,*,#7834,.T.);
#8825 = ORIENTED_EDGE('',*,*,#8826,.T.);
#8826 = EDGE_CURVE('',#7837,#8827,#8829,.T.);
#8827 = VERTEX_POINT('',#8828);
#8828 = CARTESIAN_POINT('',(1.10082096265,0.875797038944,-0.875797038944
    ));
#8829 = B_SPLINE_CURVE_WITH_KNOTS('',3,(#8830,#8831,#8832,#8833,#8834,
    #8835,#8836,#8837,#8838,#8839),.UNSPECIFIED.,.F.,.F.,(4,3,3,4),(0.,
    6.229656479334E-06,1.247217766221E-05,1.466750761378E-05),
  .UNSPECIFIED.);
#8830 = CARTESIAN_POINT('',(1.1,0.86256,-0.88128));
#8831 = CARTESIAN_POINT('',(1.1,0.86463655216,-0.88128));
#8832 = CARTESIAN_POINT('',(1.099990937745,0.866741503329,
    -0.880924750785));
#8833 = CARTESIAN_POINT('',(1.100028718627,0.868702751375,
    -0.880243467011));
#8834 = CARTESIAN_POINT('',(1.100066540021,0.870666102429,
    -0.879561452711));
#8835 = CARTESIAN_POINT('',(1.10015715409,0.872543310607,-0.878529163709
    ));
#8836 = CARTESIAN_POINT('',(1.100438296546,0.874159903552,
    -0.877252877104));
#8837 = CARTESIAN_POINT('',(1.1005385568,0.874736408509,-0.876797731263)
  );
#8838 = CARTESIAN_POINT('',(1.100664025858,0.875284721335,
    -0.876309356552));
#8839 = CARTESIAN_POINT('',(1.10082096265,0.875797038944,-0.875797038944
    ));
#8840 = ORIENTED_EDGE('',*,*,#8841,.F.);
#8841 = EDGE_CURVE('',#8842,#8827,#8844,.T.);
#8842 = VERTEX_POINT('',#8843);
#8843 = CARTESIAN_POINT('',(1.1,0.88128,-0.88128));
#8844 = ( BOUNDED_CURVE() B_SPLINE_CURVE(3,(#8845,#8846,#8847,#8848),
.UNSPECIFIED.,.F.,.F.) B_SPLINE_CURVE_WITH_KNOTS((4,4),(1.570796326795,
1.868047688116),.PIECEWISE_BEZIER_KNOTS.) CURVE() 
GEOMETRIC_REPRESENTATION_ITEM() RATIONAL_B_SPLINE_CURVE((1.,
0.992650346543,0.992650346543,1.)) REPRESENTATION_ITEM('') );
#8845 = CARTESIAN_POINT('',(1.1,0.88128,-0.88128));
#8846 = CARTESIAN_POINT('',(1.1,0.879418289851,-0.879418289851));
#8847 = CARTESIAN_POINT('',(1.100275680372,0.877577104088,
    -0.877577104088));
#8848 = CARTESIAN_POINT('',(1.10082096265,0.875797038944,-0.875797038944
    ));
#8849 = ORIENTED_EDGE('',*,*,#8850,.F.);
#8850 = EDGE_CURVE('',#8111,#8842,#8851,.T.);
#8851 = CIRCLE('',#8852,1.872E-02);
#8852 = AXIS2_PLACEMENT_3D('',#8853,#8854,#8855);
#8853 = CARTESIAN_POINT('',(1.11872,0.88128,-0.88128));
#8854 = DIRECTION('',(0.,1.,0.));
#8855 = DIRECTION('',(0.,-0.,1.));
#8856 = ORIENTED_EDGE('',*,*,#8136,.F.);
#8857 = CYLINDRICAL_SURFACE('',#8858,1.872E-02);
#8858 = AXIS2_PLACEMENT_3D('',#8859,#8860,#8861);
#8859 = CARTESIAN_POINT('',(1.11872,0.,-0.88128));
#8860 = DIRECTION('',(0.,1.,0.));
#8861 = DIRECTION('',(0.,-0.,1.));
#8862 = ADVANCED_FACE('',(#8863),#8875,.T.);
#8863 = FACE_BOUND('',#8864,.T.);
#8864 = EDGE_LOOP('',(#8865,#8866,#8867,#8874));
#8865 = ORIENTED_EDGE('',*,*,#8764,.T.);
#8866 = ORIENTED_EDGE('',*,*,#8128,.F.);
#8867 = ORIENTED_EDGE('',*,*,#8868,.F.);
#8868 = EDGE_CURVE('',#7804,#8121,#8869,.T.);
#8869 = CIRCLE('',#8870,1.872E-02);
#8870 = AXIS2_PLACEMENT_3D('',#8871,#8872,#8873);
#8871 = CARTESIAN_POINT('',(1.68128,1.872E-02,-0.88128));
#8872 = DIRECTION('',(1.,0.,0.));
#8873 = DIRECTION('',(0.,0.,-1.));
#8874 = ORIENTED_EDGE('',*,*,#7803,.F.);
#8875 = CYLINDRICAL_SURFACE('',#8876,1.872E-02);
#8876 = AXIS2_PLACEMENT_3D('',#8877,#8878,#8879);
#8877 = CARTESIAN_POINT('',(1.7,1.872E-02,-0.88128));
#8878 = DIRECTION('',(-1.,-0.,0.));
#8879 = DIRECTION('',(0.,0.,1.));
#8880 = ADVANCED_FACE('',(#8881),#8899,.T.);
#8881 = FACE_BOUND('',#8882,.T.);
#8882 = EDGE_LOOP('',(#8883,#8890,#8891,#8898));
#8883 = ORIENTED_EDGE('',*,*,#8884,.F.);
#8884 = EDGE_CURVE('',#7812,#8209,#8885,.T.);
#8885 = CIRCLE('',#8886,1.872E-02);
#8886 = AXIS2_PLACEMENT_3D('',#8887,#8888,#8889);
#8887 = CARTESIAN_POINT('',(1.68128,1.872E-02,-1.872E-02));
#8888 = DIRECTION('',(-0.,0.,1.));
#8889 = DIRECTION('',(1.,0.,0.));
#8890 = ORIENTED_EDGE('',*,*,#7811,.F.);
#8891 = ORIENTED_EDGE('',*,*,#8892,.F.);
#8892 = EDGE_CURVE('',#8191,#7804,#8893,.T.);
#8893 = CIRCLE('',#8894,1.872E-02);
#8894 = AXIS2_PLACEMENT_3D('',#8895,#8896,#8897);
#8895 = CARTESIAN_POINT('',(1.68128,1.872E-02,-0.88128));
#8896 = DIRECTION('',(0.,0.,-1.));
#8897 = DIRECTION('',(-1.,0.,0.));
#8898 = ORIENTED_EDGE('',*,*,#8216,.F.);
#8899 = CYLINDRICAL_SURFACE('',#8900,1.872E-02);
#8900 = AXIS2_PLACEMENT_3D('',#8901,#8902,#8903);
#8901 = CARTESIAN_POINT('',(1.68128,1.872E-02,0.));
#8902 = DIRECTION('',(0.,0.,-1.));
#8903 = DIRECTION('',(-1.,0.,0.));
#8904 = ADVANCED_FACE('',(#8905),#8917,.T.);
#8905 = FACE_BOUND('',#8906,.T.);
#8906 = EDGE_LOOP('',(#8907,#8908,#8909,#8916));
#8907 = ORIENTED_EDGE('',*,*,#8795,.T.);
#8908 = ORIENTED_EDGE('',*,*,#7819,.F.);
#8909 = ORIENTED_EDGE('',*,*,#8910,.F.);
#8910 = EDGE_CURVE('',#7957,#7812,#8911,.T.);
#8911 = CIRCLE('',#8912,1.872E-02);
#8912 = AXIS2_PLACEMENT_3D('',#8913,#8914,#8915);
#8913 = CARTESIAN_POINT('',(1.68128,1.872E-02,-1.872E-02));
#8914 = DIRECTION('',(1.,0.,0.));
#8915 = DIRECTION('',(0.,-0.,-1.));
#8916 = ORIENTED_EDGE('',*,*,#7954,.F.);
#8917 = CYLINDRICAL_SURFACE('',#8918,1.872E-02);
#8918 = AXIS2_PLACEMENT_3D('',#8919,#8920,#8921);
#8919 = CARTESIAN_POINT('',(1.7,1.872E-02,-1.872E-02));
#8920 = DIRECTION('',(-1.,0.,0.));
#8921 = DIRECTION('',(0.,0.,1.));
#8922 = ADVANCED_FACE('',(#8923),#8973,.T.);
#8923 = FACE_BOUND('',#8924,.T.);
#8924 = EDGE_LOOP('',(#8925,#8926,#8927,#8936,#8945,#8958,#8959,#8972));
#8925 = ORIENTED_EDGE('',*,*,#8787,.T.);
#8926 = ORIENTED_EDGE('',*,*,#7980,.F.);
#8927 = ORIENTED_EDGE('',*,*,#8928,.F.);
#8928 = EDGE_CURVE('',#8929,#7973,#8931,.T.);
#8929 = VERTEX_POINT('',#8930);
#8930 = CARTESIAN_POINT('',(1.1,0.88128,-1.872E-02));
#8931 = CIRCLE('',#8932,1.872E-02);
#8932 = AXIS2_PLACEMENT_3D('',#8933,#8934,#8935);
#8933 = CARTESIAN_POINT('',(1.11872,0.88128,-1.872E-02));
#8934 = DIRECTION('',(0.,1.,-0.));
#8935 = DIRECTION('',(0.,0.,1.));
#8936 = ORIENTED_EDGE('',*,*,#8937,.T.);
#8937 = EDGE_CURVE('',#8929,#8938,#8940,.T.);
#8938 = VERTEX_POINT('',#8939);
#8939 = CARTESIAN_POINT('',(1.10082096265,0.875797038944,
    -2.420296105619E-02));
#8940 = ( BOUNDED_CURVE() B_SPLINE_CURVE(3,(#8941,#8942,#8943,#8944),
.UNSPECIFIED.,.F.,.F.) B_SPLINE_CURVE_WITH_KNOTS((4,4),(1.570796326795,
1.868047688116),.PIECEWISE_BEZIER_KNOTS.) CURVE() 
GEOMETRIC_REPRESENTATION_ITEM() RATIONAL_B_SPLINE_CURVE((1.,
0.992650346543,0.992650346543,1.)) REPRESENTATION_ITEM('') );
#8941 = CARTESIAN_POINT('',(1.1,0.88128,-1.872E-02));
#8942 = CARTESIAN_POINT('',(1.1,0.879418289851,-2.058171014935E-02));
#8943 = CARTESIAN_POINT('',(1.100275680372,0.877577104088,
    -2.242289591206E-02));
#8944 = CARTESIAN_POINT('',(1.10082096265,0.875797038944,
    -2.420296105619E-02));
#8945 = ORIENTED_EDGE('',*,*,#8946,.T.);
#8946 = EDGE_CURVE('',#8938,#7893,#8947,.T.);
#8947 = B_SPLINE_CURVE_WITH_KNOTS('',3,(#8948,#8949,#8950,#8951,#8952,
    #8953,#8954,#8955,#8956,#8957),.UNSPECIFIED.,.F.,.F.,(4,3,3,4),(0.,
    5.892247353573E-06,1.175341654044E-05,1.465097671143E-05),
  .UNSPECIFIED.);
#8948 = CARTESIAN_POINT('',(1.10082096265,0.875797038944,
    -2.420296105619E-02));
#8949 = CARTESIAN_POINT('',(1.100405172844,0.874439699872,
    -2.28456219843E-02));
#8950 = CARTESIAN_POINT('',(1.100209794268,0.872812922321,
    -2.165506981501E-02));
#8951 = CARTESIAN_POINT('',(1.100111902404,0.87106544734,
    -2.076379642871E-02));
#8952 = CARTESIAN_POINT('',(1.100014344753,0.869323938435,
    -1.987556594985E-02));
#8953 = CARTESIAN_POINT('',(1.100005149948,0.867415131651,
    -1.925491251666E-02));
#8954 = CARTESIAN_POINT('',(1.10000140578,0.865481745945,
    -1.894941318859E-02));
#8955 = CARTESIAN_POINT('',(1.099999537091,0.86451680672,
    -1.879694061987E-02));
#8956 = CARTESIAN_POINT('',(1.1,0.863536913038,-1.872E-02));
#8957 = CARTESIAN_POINT('',(1.1,0.86256,-1.872E-02));
#8958 = ORIENTED_EDGE('',*,*,#7892,.F.);
#8959 = ORIENTED_EDGE('',*,*,#8960,.T.);
#8960 = EDGE_CURVE('',#7885,#7574,#8961,.T.);
#8961 = B_SPLINE_CURVE_WITH_KNOTS('',3,(#8962,#8963,#8964,#8965,#8966,
    #8967,#8968,#8969,#8970,#8971),.UNSPECIFIED.,.F.,.F.,(4,3,3,4),(0.,
    6.229656479334E-06,1.247217766221E-05,1.466750761378E-05),
  .UNSPECIFIED.);
#8962 = CARTESIAN_POINT('',(1.1,3.744E-02,-1.872E-02));
#8963 = CARTESIAN_POINT('',(1.1,3.536344784022E-02,-1.872E-02));
#8964 = CARTESIAN_POINT('',(1.099990937745,3.325849667091E-02,
    -1.907524921525E-02));
#8965 = CARTESIAN_POINT('',(1.100028718627,3.129724862504E-02,
    -1.975653298854E-02));
#8966 = CARTESIAN_POINT('',(1.100066540021,2.933389757054E-02,
    -2.043854728934E-02));
#8967 = CARTESIAN_POINT('',(1.10015715409,2.745668939278E-02,
    -2.147083629094E-02));
#8968 = CARTESIAN_POINT('',(1.100438296546,2.584009644823E-02,
    -2.274712289613E-02));
#8969 = CARTESIAN_POINT('',(1.1005385568,2.526359149086E-02,
    -2.320226873688E-02));
#8970 = CARTESIAN_POINT('',(1.100664025858,2.471527866476E-02,
    -2.369064344753E-02));
#8971 = CARTESIAN_POINT('',(1.10082096265,2.420296105619E-02,
    -2.420296105619E-02));
#8972 = ORIENTED_EDGE('',*,*,#7573,.F.);
#8973 = CYLINDRICAL_SURFACE('',#8974,1.872E-02);
#8974 = AXIS2_PLACEMENT_3D('',#8975,#8976,#8977);
#8975 = CARTESIAN_POINT('',(1.11872,0.9,-1.872E-02));
#8976 = DIRECTION('',(-0.,1.,0.));
#8977 = DIRECTION('',(0.,0.,1.));
#8978 = ADVANCED_FACE('',(#8979),#9025,.T.);
#8979 = FACE_BOUND('',#8980,.T.);
#8980 = EDGE_LOOP('',(#8981,#8988,#8989,#9002,#9003,#9016,#9017,#9024));
#8981 = ORIENTED_EDGE('',*,*,#8982,.F.);
#8982 = EDGE_CURVE('',#8842,#8169,#8983,.T.);
#8983 = CIRCLE('',#8984,1.872E-02);
#8984 = AXIS2_PLACEMENT_3D('',#8985,#8986,#8987);
#8985 = CARTESIAN_POINT('',(1.11872,0.88128,-0.88128));
#8986 = DIRECTION('',(0.,0.,-1.));
#8987 = DIRECTION('',(-1.,0.,0.));
#8988 = ORIENTED_EDGE('',*,*,#8841,.T.);
#8989 = ORIENTED_EDGE('',*,*,#8990,.T.);
#8990 = EDGE_CURVE('',#8827,#7995,#8991,.T.);
#8991 = B_SPLINE_CURVE_WITH_KNOTS('',3,(#8992,#8993,#8994,#8995,#8996,
    #8997,#8998,#8999,#9000,#9001),.UNSPECIFIED.,.F.,.F.,(4,3,3,4),(0.,
    5.892247353573E-06,1.175341654044E-05,1.465097671143E-05),
  .UNSPECIFIED.);
#8992 = CARTESIAN_POINT('',(1.10082096265,0.875797038944,-0.875797038944
    ));
#8993 = CARTESIAN_POINT('',(1.100405172844,0.877154378016,
    -0.874439699872));
#8994 = CARTESIAN_POINT('',(1.100209794268,0.878344930185,
    -0.872812922321));
#8995 = CARTESIAN_POINT('',(1.100111902404,0.879236203571,-0.87106544734
    ));
#8996 = CARTESIAN_POINT('',(1.100014344753,0.88012443405,-0.869323938435
    ));
#8997 = CARTESIAN_POINT('',(1.100005149948,0.880745087483,
    -0.867415131651));
#8998 = CARTESIAN_POINT('',(1.10000140578,0.881050586811,-0.865481745945
    ));
#8999 = CARTESIAN_POINT('',(1.099999537091,0.88120305938,-0.86451680672)
  );
#9000 = CARTESIAN_POINT('',(1.1,0.88128,-0.863536913038));
#9001 = CARTESIAN_POINT('',(1.1,0.88128,-0.86256));
#9002 = ORIENTED_EDGE('',*,*,#7994,.T.);
#9003 = ORIENTED_EDGE('',*,*,#9004,.T.);
#9004 = EDGE_CURVE('',#7997,#8938,#9005,.T.);
#9005 = B_SPLINE_CURVE_WITH_KNOTS('',3,(#9006,#9007,#9008,#9009,#9010,
    #9011,#9012,#9013,#9014,#9015),.UNSPECIFIED.,.F.,.F.,(4,3,3,4),(0.,
    6.229656479334E-06,1.247217766221E-05,1.466750761378E-05),
  .UNSPECIFIED.);
#9006 = CARTESIAN_POINT('',(1.1,0.88128,-3.744E-02));
#9007 = CARTESIAN_POINT('',(1.1,0.88128,-3.536344784022E-02));
#9008 = CARTESIAN_POINT('',(1.099990937745,0.880924750785,
    -3.325849667091E-02));
#9009 = CARTESIAN_POINT('',(1.100028718627,0.880243467011,
    -3.129724862504E-02));
#9010 = CARTESIAN_POINT('',(1.100066540021,0.879561452711,
    -2.933389757054E-02));
#9011 = CARTESIAN_POINT('',(1.10015715409,0.878529163709,
    -2.745668939278E-02));
#9012 = CARTESIAN_POINT('',(1.100438296546,0.877252877104,
    -2.584009644823E-02));
#9013 = CARTESIAN_POINT('',(1.1005385568,0.876797731263,
    -2.526359149086E-02));
#9014 = CARTESIAN_POINT('',(1.100664025858,0.876309356552,
    -2.471527866476E-02));
#9015 = CARTESIAN_POINT('',(1.10082096265,0.875797038944,
    -2.420296105619E-02));
#9016 = ORIENTED_EDGE('',*,*,#8937,.F.);
#9017 = ORIENTED_EDGE('',*,*,#9018,.F.);
#9018 = EDGE_CURVE('',#8151,#8929,#9019,.T.);
#9019 = CIRCLE('',#9020,1.872E-02);
#9020 = AXIS2_PLACEMENT_3D('',#9021,#9022,#9023);
#9021 = CARTESIAN_POINT('',(1.11872,0.88128,-1.872E-02));
#9022 = DIRECTION('',(2.352869297929E-15,-0.,1.));
#9023 = DIRECTION('',(1.,0.,-2.352869297929E-15));
#9024 = ORIENTED_EDGE('',*,*,#8176,.F.);
#9025 = CYLINDRICAL_SURFACE('',#9026,1.872E-02);
#9026 = AXIS2_PLACEMENT_3D('',#9027,#9028,#9029);
#9027 = CARTESIAN_POINT('',(1.11872,0.88128,0.));
#9028 = DIRECTION('',(-0.,0.,1.));
#9029 = DIRECTION('',(1.,0.,0.));
#9030 = ADVANCED_FACE('',(#9031),#9042,.T.);
#9031 = FACE_BOUND('',#9032,.T.);
#9032 = EDGE_LOOP('',(#9033,#9034,#9035));
#9033 = ORIENTED_EDGE('',*,*,#8850,.T.);
#9034 = ORIENTED_EDGE('',*,*,#8982,.T.);
#9035 = ORIENTED_EDGE('',*,*,#9036,.F.);
#9036 = EDGE_CURVE('',#8111,#8169,#9037,.T.);
#9037 = CIRCLE('',#9038,1.872E-02);
#9038 = AXIS2_PLACEMENT_3D('',#9039,#9040,#9041);
#9039 = CARTESIAN_POINT('',(1.11872,0.88128,-0.88128));
#9040 = DIRECTION('',(1.,0.,-0.));
#9041 = DIRECTION('',(0.,0.,1.));
#9042 = SPHERICAL_SURFACE('',#9043,1.872E-02);
#9043 = AXIS2_PLACEMENT_3D('',#9044,#9045,#9046);
#9044 = CARTESIAN_POINT('',(1.11872,0.88128,-0.88128));
#9045 = DIRECTION('',(0.,1.,0.));
#9046 = DIRECTION('',(1.,0.,0.));
#9047 = ADVANCED_FACE('',(#9048),#9059,.T.);
#9048 = FACE_BOUND('',#9049,.T.);
#9049 = EDGE_LOOP('',(#9050,#9051,#9052));
#9050 = ORIENTED_EDGE('',*,*,#8892,.T.);
#9051 = ORIENTED_EDGE('',*,*,#8868,.T.);
#9052 = ORIENTED_EDGE('',*,*,#9053,.F.);
#9053 = EDGE_CURVE('',#8191,#8121,#9054,.T.);
#9054 = CIRCLE('',#9055,1.872E-02);
#9055 = AXIS2_PLACEMENT_3D('',#9056,#9057,#9058);
#9056 = CARTESIAN_POINT('',(1.68128,1.872E-02,-0.88128));
#9057 = DIRECTION('',(-0.,1.,0.));
#9058 = DIRECTION('',(0.,0.,-1.));
#9059 = SPHERICAL_SURFACE('',#9060,1.872E-02);
#9060 = AXIS2_PLACEMENT_3D('',#9061,#9062,#9063);
#9061 = CARTESIAN_POINT('',(1.68128,1.872E-02,-0.88128));
#9062 = DIRECTION('',(0.,1.,0.));
#9063 = DIRECTION('',(1.,0.,0.));
#9064 = ADVANCED_FACE('',(#9065),#9076,.T.);
#9065 = FACE_BOUND('',#9066,.T.);
#9066 = EDGE_LOOP('',(#9067,#9068,#9069));
#9067 = ORIENTED_EDGE('',*,*,#8910,.T.);
#9068 = ORIENTED_EDGE('',*,*,#8884,.T.);
#9069 = ORIENTED_EDGE('',*,*,#9070,.F.);
#9070 = EDGE_CURVE('',#7957,#8209,#9071,.T.);
#9071 = CIRCLE('',#9072,1.872E-02);
#9072 = AXIS2_PLACEMENT_3D('',#9073,#9074,#9075);
#9073 = CARTESIAN_POINT('',(1.68128,1.872E-02,-1.872E-02));
#9074 = DIRECTION('',(-0.,1.,0.));
#9075 = DIRECTION('',(0.,0.,-1.));
#9076 = SPHERICAL_SURFACE('',#9077,1.872E-02);
#9077 = AXIS2_PLACEMENT_3D('',#9078,#9079,#9080);
#9078 = CARTESIAN_POINT('',(1.68128,1.872E-02,-1.872E-02));
#9079 = DIRECTION('',(0.,1.,0.));
#9080 = DIRECTION('',(1.,0.,0.));
#9081 = ADVANCED_FACE('',(#9082),#9093,.T.);
#9082 = FACE_BOUND('',#9083,.T.);
#9083 = EDGE_LOOP('',(#9084,#9085,#9086));
#9084 = ORIENTED_EDGE('',*,*,#9018,.T.);
#9085 = ORIENTED_EDGE('',*,*,#8928,.T.);
#9086 = ORIENTED_EDGE('',*,*,#9087,.F.);
#9087 = EDGE_CURVE('',#8151,#7973,#9088,.T.);
#9088 = CIRCLE('',#9089,1.872E-02);
#9089 = AXIS2_PLACEMENT_3D('',#9090,#9091,#9092);
#9090 = CARTESIAN_POINT('',(1.11872,0.88128,-1.872E-02));
#9091 = DIRECTION('',(1.,0.,-0.));
#9092 = DIRECTION('',(0.,0.,1.));
#9093 = SPHERICAL_SURFACE('',#9094,1.872E-02);
#9094 = AXIS2_PLACEMENT_3D('',#9095,#9096,#9097);
#9095 = CARTESIAN_POINT('',(1.11872,0.88128,-1.872E-02));
#9096 = DIRECTION('',(0.,1.,0.));
#9097 = DIRECTION('',(1.,0.,0.));
#9098 = ADVANCED_FACE('',(#9099),#9111,.T.);
#9099 = FACE_BOUND('',#9100,.T.);
#9100 = EDGE_LOOP('',(#9101,#9102,#9103,#9110));
#9101 = ORIENTED_EDGE('',*,*,#9036,.T.);
#9102 = ORIENTED_EDGE('',*,*,#8168,.F.);
#9103 = ORIENTED_EDGE('',*,*,#9104,.F.);
#9104 = EDGE_CURVE('',#8113,#8161,#9105,.T.);
#9105 = CIRCLE('',#9106,1.872E-02);
#9106 = AXIS2_PLACEMENT_3D('',#9107,#9108,#9109);
#9107 = CARTESIAN_POINT('',(1.68128,0.88128,-0.88128));
#9108 = DIRECTION('',(1.,-0.,0.));
#9109 = DIRECTION('',(0.,0.,-1.));
#9110 = ORIENTED_EDGE('',*,*,#8110,.F.);
#9111 = CYLINDRICAL_SURFACE('',#9112,1.872E-02);
#9112 = AXIS2_PLACEMENT_3D('',#9113,#9114,#9115);
#9113 = CARTESIAN_POINT('',(1.7,0.88128,-0.88128));
#9114 = DIRECTION('',(-1.,0.,0.));
#9115 = DIRECTION('',(0.,0.,1.));
#9116 = ADVANCED_FACE('',(#9117),#9129,.T.);
#9117 = FACE_BOUND('',#9118,.T.);
#9118 = EDGE_LOOP('',(#9119,#9120,#9121,#9128));
#9119 = ORIENTED_EDGE('',*,*,#9053,.T.);
#9120 = ORIENTED_EDGE('',*,*,#8120,.F.);
#9121 = ORIENTED_EDGE('',*,*,#9122,.F.);
#9122 = EDGE_CURVE('',#8193,#8113,#9123,.T.);
#9123 = CIRCLE('',#9124,1.872E-02);
#9124 = AXIS2_PLACEMENT_3D('',#9125,#9126,#9127);
#9125 = CARTESIAN_POINT('',(1.68128,0.88128,-0.88128));
#9126 = DIRECTION('',(-0.,1.,0.));
#9127 = DIRECTION('',(0.,0.,1.));
#9128 = ORIENTED_EDGE('',*,*,#8190,.F.);
#9129 = CYLINDRICAL_SURFACE('',#9130,1.872E-02);
#9130 = AXIS2_PLACEMENT_3D('',#9131,#9132,#9133);
#9131 = CARTESIAN_POINT('',(1.68128,0.,-0.88128));
#9132 = DIRECTION('',(0.,1.,-0.));
#9133 = DIRECTION('',(0.,0.,1.));
#9134 = ADVANCED_FACE('',(#9135),#9147,.T.);
#9135 = FACE_BOUND('',#9136,.T.);
#9136 = EDGE_LOOP('',(#9137,#9138,#9139,#9146));
#9137 = ORIENTED_EDGE('',*,*,#9070,.T.);
#9138 = ORIENTED_EDGE('',*,*,#8208,.F.);
#9139 = ORIENTED_EDGE('',*,*,#9140,.F.);
#9140 = EDGE_CURVE('',#7965,#8201,#9141,.T.);
#9141 = CIRCLE('',#9142,1.872E-02);
#9142 = AXIS2_PLACEMENT_3D('',#9143,#9144,#9145);
#9143 = CARTESIAN_POINT('',(1.68128,0.88128,-1.872E-02));
#9144 = DIRECTION('',(0.,1.,0.));
#9145 = DIRECTION('',(0.,-0.,1.));
#9146 = ORIENTED_EDGE('',*,*,#7964,.F.);
#9147 = CYLINDRICAL_SURFACE('',#9148,1.872E-02);
#9148 = AXIS2_PLACEMENT_3D('',#9149,#9150,#9151);
#9149 = CARTESIAN_POINT('',(1.68128,0.,-1.872E-02));
#9150 = DIRECTION('',(0.,-1.,0.));
#9151 = DIRECTION('',(0.,0.,-1.));
#9152 = ADVANCED_FACE('',(#9153),#9165,.T.);
#9153 = FACE_BOUND('',#9154,.T.);
#9154 = EDGE_LOOP('',(#9155,#9156,#9157,#9164));
#9155 = ORIENTED_EDGE('',*,*,#9087,.T.);
#9156 = ORIENTED_EDGE('',*,*,#7972,.F.);
#9157 = ORIENTED_EDGE('',*,*,#9158,.F.);
#9158 = EDGE_CURVE('',#8153,#7965,#9159,.T.);
#9159 = CIRCLE('',#9160,1.872E-02);
#9160 = AXIS2_PLACEMENT_3D('',#9161,#9162,#9163);
#9161 = CARTESIAN_POINT('',(1.68128,0.88128,-1.872E-02));
#9162 = DIRECTION('',(1.,0.,0.));
#9163 = DIRECTION('',(0.,0.,-1.));
#9164 = ORIENTED_EDGE('',*,*,#8150,.F.);
#9165 = CYLINDRICAL_SURFACE('',#9166,1.872E-02);
#9166 = AXIS2_PLACEMENT_3D('',#9167,#9168,#9169);
#9167 = CARTESIAN_POINT('',(1.7,0.88128,-1.872E-02));
#9168 = DIRECTION('',(-1.,0.,0.));
#9169 = DIRECTION('',(0.,0.,1.));
#9170 = ADVANCED_FACE('',(#9171),#9182,.T.);
#9171 = FACE_BOUND('',#9172,.T.);
#9172 = EDGE_LOOP('',(#9173,#9174,#9175));
#9173 = ORIENTED_EDGE('',*,*,#9122,.T.);
#9174 = ORIENTED_EDGE('',*,*,#9104,.T.);
#9175 = ORIENTED_EDGE('',*,*,#9176,.F.);
#9176 = EDGE_CURVE('',#8193,#8161,#9177,.T.);
#9177 = CIRCLE('',#9178,1.872E-02);
#9178 = AXIS2_PLACEMENT_3D('',#9179,#9180,#9181);
#9179 = CARTESIAN_POINT('',(1.68128,0.88128,-0.88128));
#9180 = DIRECTION('',(0.,-0.,1.));
#9181 = DIRECTION('',(-1.,0.,0.));
#9182 = SPHERICAL_SURFACE('',#9183,1.872E-02);
#9183 = AXIS2_PLACEMENT_3D('',#9184,#9185,#9186);
#9184 = CARTESIAN_POINT('',(1.68128,0.88128,-0.88128));
#9185 = DIRECTION('',(0.,1.,0.));
#9186 = DIRECTION('',(1.,0.,0.));
#9187 = ADVANCED_FACE('',(#9188),#9199,.T.);
#9188 = FACE_BOUND('',#9189,.T.);
#9189 = EDGE_LOOP('',(#9190,#9191,#9192));
#9190 = ORIENTED_EDGE('',*,*,#9158,.T.);
#9191 = ORIENTED_EDGE('',*,*,#9140,.T.);
#9192 = ORIENTED_EDGE('',*,*,#9193,.F.);
#9193 = EDGE_CURVE('',#8153,#8201,#9194,.T.);
#9194 = CIRCLE('',#9195,1.872E-02);
#9195 = AXIS2_PLACEMENT_3D('',#9196,#9197,#9198);
#9196 = CARTESIAN_POINT('',(1.68128,0.88128,-1.872E-02));
#9197 = DIRECTION('',(0.,0.,-1.));
#9198 = DIRECTION('',(1.,0.,0.));
#9199 = SPHERICAL_SURFACE('',#9200,1.872E-02);
#9200 = AXIS2_PLACEMENT_3D('',#9201,#9202,#9203);
#9201 = CARTESIAN_POINT('',(1.68128,0.88128,-1.872E-02));
#9202 = DIRECTION('',(0.,1.,0.));
#9203 = DIRECTION('',(1.,0.,0.));
#9204 = ADVANCED_FACE('',(#9205),#9211,.T.);
#9205 = FACE_BOUND('',#9206,.T.);
#9206 = EDGE_LOOP('',(#9207,#9208,#9209,#9210));
#9207 = ORIENTED_EDGE('',*,*,#9176,.T.);
#9208 = ORIENTED_EDGE('',*,*,#8160,.F.);
#9209 = ORIENTED_EDGE('',*,*,#9193,.T.);
#9210 = ORIENTED_EDGE('',*,*,#8200,.F.);
#9211 = CYLINDRICAL_SURFACE('',#9212,1.872E-02);
#9212 = AXIS2_PLACEMENT_3D('',#9213,#9214,#9215);
#9213 = CARTESIAN_POINT('',(1.68128,0.88128,0.));
#9214 = DIRECTION('',(0.,0.,1.));
#9215 = DIRECTION('',(1.,0.,-0.));
#9216 = ADVANCED_FACE('',(#9217),#9225,.T.);
#9217 = FACE_BOUND('',#9218,.T.);
#9218 = EDGE_LOOP('',(#9219,#9220,#9221,#9222,#9223,#9224));
#9219 = ORIENTED_EDGE('',*,*,#8568,.F.);
#9220 = ORIENTED_EDGE('',*,*,#7844,.F.);
#9221 = ORIENTED_EDGE('',*,*,#8812,.F.);
#9222 = ORIENTED_EDGE('',*,*,#8734,.F.);
#9223 = ORIENTED_EDGE('',*,*,#8271,.F.);
#9224 = ORIENTED_EDGE('',*,*,#7671,.F.);
#9225 = CYLINDRICAL_SURFACE('',#9226,1.872E-02);
#9226 = AXIS2_PLACEMENT_3D('',#9227,#9228,#9229);
#9227 = CARTESIAN_POINT('',(0.6,3.744E-02,-0.86256));
#9228 = DIRECTION('',(-1.,2.168404344971E-16,0.));
#9229 = DIRECTION('',(-2.168404344971E-16,-1.,0.));
#9230 = ADVANCED_FACE('',(#9231),#9239,.T.);
#9231 = FACE_BOUND('',#9232,.T.);
#9232 = EDGE_LOOP('',(#9233,#9234,#9235,#9236,#9237,#9238));
#9233 = ORIENTED_EDGE('',*,*,#8711,.F.);
#9234 = ORIENTED_EDGE('',*,*,#8278,.F.);
#9235 = ORIENTED_EDGE('',*,*,#7582,.F.);
#9236 = ORIENTED_EDGE('',*,*,#8960,.F.);
#9237 = ORIENTED_EDGE('',*,*,#7884,.F.);
#9238 = ORIENTED_EDGE('',*,*,#8652,.F.);
#9239 = CYLINDRICAL_SURFACE('',#9240,1.872E-02);
#9240 = AXIS2_PLACEMENT_3D('',#9241,#9242,#9243);
#9241 = CARTESIAN_POINT('',(0.6,3.744E-02,-3.744E-02));
#9242 = DIRECTION('',(1.,-2.168404344971E-16,0.));
#9243 = DIRECTION('',(2.168404344971E-16,1.,0.));
#9244 = ADVANCED_FACE('',(#9245),#9253,.T.);
#9245 = FACE_BOUND('',#9246,.T.);
#9246 = EDGE_LOOP('',(#9247,#9248,#9249,#9250,#9251,#9252));
#9247 = ORIENTED_EDGE('',*,*,#7711,.F.);
#9248 = ORIENTED_EDGE('',*,*,#8004,.F.);
#9249 = ORIENTED_EDGE('',*,*,#8990,.F.);
#9250 = ORIENTED_EDGE('',*,*,#8826,.F.);
#9251 = ORIENTED_EDGE('',*,*,#7860,.F.);
#9252 = ORIENTED_EDGE('',*,*,#8554,.F.);
#9253 = CYLINDRICAL_SURFACE('',#9254,1.872E-02);
#9254 = AXIS2_PLACEMENT_3D('',#9255,#9256,#9257);
#9255 = CARTESIAN_POINT('',(0.6,0.86256,-0.86256));
#9256 = DIRECTION('',(1.,2.168404344971E-16,0.));
#9257 = DIRECTION('',(-2.168404344971E-16,1.,0.));
#9258 = ADVANCED_FACE('',(#9259),#9267,.T.);
#9259 = FACE_BOUND('',#9260,.T.);
#9260 = EDGE_LOOP('',(#9261,#9262,#9263,#9264,#9265,#9266));
#9261 = ORIENTED_EDGE('',*,*,#8666,.F.);
#9262 = ORIENTED_EDGE('',*,*,#7900,.F.);
#9263 = ORIENTED_EDGE('',*,*,#8946,.F.);
#9264 = ORIENTED_EDGE('',*,*,#9004,.F.);
#9265 = ORIENTED_EDGE('',*,*,#8016,.F.);
#9266 = ORIENTED_EDGE('',*,*,#7732,.F.);
#9267 = CYLINDRICAL_SURFACE('',#9268,1.872E-02);
#9268 = AXIS2_PLACEMENT_3D('',#9269,#9270,#9271);
#9269 = CARTESIAN_POINT('',(0.6,0.86256,-3.744E-02));
#9270 = DIRECTION('',(-1.,-2.168404344971E-16,0.));
#9271 = DIRECTION('',(2.168404344971E-16,-1.,0.));
#9272 = MANIFOLD_SOLID_BREP('',#9273);
#9273 = CLOSED_SHELL('',(#9274,#9314,#9345,#9376,#9407,#9438,#9469,#9500
    ,#9531,#9562,#9593,#9624,#9655,#9686,#9717,#9748,#9779,#9801,#9826)
  );
#9274 = ADVANCED_FACE('',(#9275),#9309,.F.);
#9275 = FACE_BOUND('',#9276,.T.);
#9276 = EDGE_LOOP('',(#9277,#9287,#9295,#9303));
#9277 = ORIENTED_EDGE('',*,*,#9278,.T.);
#9278 = EDGE_CURVE('',#9279,#9281,#9283,.T.);
#9279 = VERTEX_POINT('',#9280);
#9280 = CARTESIAN_POINT('',(0.992709423998,0.88128,-0.48179051956));
#9281 = VERTEX_POINT('',#9282);
#9282 = CARTESIAN_POINT('',(1.047839281301,0.88128,-0.481635422027));
#9283 = LINE('',#9284,#9285);
#9284 = CARTESIAN_POINT('',(0.992709423998,0.88128,-0.48179051956));
#9285 = VECTOR('',#9286,1.);
#9286 = DIRECTION('',(0.999996042659,0.,2.813301676024E-03));
#9287 = ORIENTED_EDGE('',*,*,#9288,.F.);
#9288 = EDGE_CURVE('',#9289,#9281,#9291,.T.);
#9289 = VERTEX_POINT('',#9290);
#9290 = CARTESIAN_POINT('',(1.047839281301,0.88628,-0.481635422027));
#9291 = LINE('',#9292,#9293);
#9292 = CARTESIAN_POINT('',(1.047839281301,0.88628,-0.481635422027));
#9293 = VECTOR('',#9294,1.);
#9294 = DIRECTION('',(0.,-1.,0.));
#9295 = ORIENTED_EDGE('',*,*,#9296,.F.);
#9296 = EDGE_CURVE('',#9297,#9289,#9299,.T.);
#9297 = VERTEX_POINT('',#9298);
#9298 = CARTESIAN_POINT('',(0.992709423998,0.88628,-0.48179051956));
#9299 = LINE('',#9300,#9301);
#9300 = CARTESIAN_POINT('',(0.992709423998,0.88628,-0.48179051956));
#9301 = VECTOR('',#9302,1.);
#9302 = DIRECTION('',(0.999996042659,0.,2.813301676024E-03));
#9303 = ORIENTED_EDGE('',*,*,#9304,.T.);
#9304 = EDGE_CURVE('',#9297,#9279,#9305,.T.);
#9305 = LINE('',#9306,#9307);
#9306 = CARTESIAN_POINT('',(0.992709423998,0.88628,-0.48179051956));
#9307 = VECTOR('',#9308,1.);
#9308 = DIRECTION('',(0.,-1.,0.));
#9309 = PLANE('',#9310);
#9310 = AXIS2_PLACEMENT_3D('',#9311,#9312,#9313);
#9311 = CARTESIAN_POINT('',(0.992709423998,0.88628,-0.48179051956));
#9312 = DIRECTION('',(2.813301676024E-03,0.,-0.999996042659));
#9313 = DIRECTION('',(-0.999996042659,0.,-2.813301676024E-03));
#9314 = ADVANCED_FACE('',(#9315),#9340,.F.);
#9315 = FACE_BOUND('',#9316,.T.);
#9316 = EDGE_LOOP('',(#9317,#9325,#9333,#9339));
#9317 = ORIENTED_EDGE('',*,*,#9318,.T.);
#9318 = EDGE_CURVE('',#9281,#9319,#9321,.T.);
#9319 = VERTEX_POINT('',#9320);
#9320 = CARTESIAN_POINT('',(1.084413035564,0.88128,-0.481465326854));
#9321 = LINE('',#9322,#9323);
#9322 = CARTESIAN_POINT('',(1.047839281301,0.88128,-0.481635422027));
#9323 = VECTOR('',#9324,1.);
#9324 = DIRECTION('',(0.999989185465,0.,4.650693823684E-03));
#9325 = ORIENTED_EDGE('',*,*,#9326,.F.);
#9326 = EDGE_CURVE('',#9327,#9319,#9329,.T.);
#9327 = VERTEX_POINT('',#9328);
#9328 = CARTESIAN_POINT('',(1.084413035564,0.88628,-0.481465326854));
#9329 = LINE('',#9330,#9331);
#9330 = CARTESIAN_POINT('',(1.084413035564,0.88628,-0.481465326854));
#9331 = VECTOR('',#9332,1.);
#9332 = DIRECTION('',(0.,-1.,0.));
#9333 = ORIENTED_EDGE('',*,*,#9334,.F.);
#9334 = EDGE_CURVE('',#9289,#9327,#9335,.T.);
#9335 = LINE('',#9336,#9337);
#9336 = CARTESIAN_POINT('',(1.047839281301,0.88628,-0.481635422027));
#9337 = VECTOR('',#9338,1.);
#9338 = DIRECTION('',(0.999989185465,0.,4.650693823684E-03));
#9339 = ORIENTED_EDGE('',*,*,#9288,.T.);
#9340 = PLANE('',#9341);
#9341 = AXIS2_PLACEMENT_3D('',#9342,#9343,#9344);
#9342 = CARTESIAN_POINT('',(1.047839281301,0.88628,-0.481635422027));
#9343 = DIRECTION('',(4.650693823684E-03,0.,-0.999989185465));
#9344 = DIRECTION('',(-0.999989185465,0.,-4.650693823684E-03));
#9345 = ADVANCED_FACE('',(#9346),#9371,.F.);
#9346 = FACE_BOUND('',#9347,.T.);
#9347 = EDGE_LOOP('',(#9348,#9356,#9364,#9370));
#9348 = ORIENTED_EDGE('',*,*,#9349,.T.);
#9349 = EDGE_CURVE('',#9319,#9350,#9352,.T.);
#9350 = VERTEX_POINT('',#9351);
#9351 = CARTESIAN_POINT('',(1.056502795422,0.88128,-0.38439));
#9352 = LINE('',#9353,#9354);
#9353 = CARTESIAN_POINT('',(1.084413035564,0.88128,-0.481465326854));
#9354 = VECTOR('',#9355,1.);
#9355 = DIRECTION('',(-0.276317334357,0.,0.9610664549));
#9356 = ORIENTED_EDGE('',*,*,#9357,.F.);
#9357 = EDGE_CURVE('',#9358,#9350,#9360,.T.);
#9358 = VERTEX_POINT('',#9359);
#9359 = CARTESIAN_POINT('',(1.056502795422,0.88628,-0.38439));
#9360 = LINE('',#9361,#9362);
#9361 = CARTESIAN_POINT('',(1.056502795422,0.88628,-0.38439));
#9362 = VECTOR('',#9363,1.);
#9363 = DIRECTION('',(0.,-1.,0.));
#9364 = ORIENTED_EDGE('',*,*,#9365,.F.);
#9365 = EDGE_CURVE('',#9327,#9358,#9366,.T.);
#9366 = LINE('',#9367,#9368);
#9367 = CARTESIAN_POINT('',(1.084413035564,0.88628,-0.481465326854));
#9368 = VECTOR('',#9369,1.);
#9369 = DIRECTION('',(-0.276317334357,0.,0.9610664549));
#9370 = ORIENTED_EDGE('',*,*,#9326,.T.);
#9371 = PLANE('',#9372);
#9372 = AXIS2_PLACEMENT_3D('',#9373,#9374,#9375);
#9373 = CARTESIAN_POINT('',(1.084413035564,0.88628,-0.481465326854));
#9374 = DIRECTION('',(0.9610664549,0.,0.276317334357));
#9375 = DIRECTION('',(0.276317334357,0.,-0.9610664549));
#9376 = ADVANCED_FACE('',(#9377),#9402,.F.);
#9377 = FACE_BOUND('',#9378,.T.);
#9378 = EDGE_LOOP('',(#9379,#9387,#9395,#9401));
#9379 = ORIENTED_EDGE('',*,*,#9380,.T.);
#9380 = EDGE_CURVE('',#9350,#9381,#9383,.T.);
#9381 = VERTEX_POINT('',#9382);
#9382 = CARTESIAN_POINT('',(1.090772766037,0.88128,-0.38439));
#9383 = LINE('',#9384,#9385);
#9384 = CARTESIAN_POINT('',(1.056502795422,0.88128,-0.38439));
#9385 = VECTOR('',#9386,1.);
#9386 = DIRECTION('',(1.,0.,0.));
#9387 = ORIENTED_EDGE('',*,*,#9388,.F.);
#9388 = EDGE_CURVE('',#9389,#9381,#9391,.T.);
#9389 = VERTEX_POINT('',#9390);
#9390 = CARTESIAN_POINT('',(1.090772766037,0.88628,-0.38439));
#9391 = LINE('',#9392,#9393);
#9392 = CARTESIAN_POINT('',(1.090772766037,0.88628,-0.38439));
#9393 = VECTOR('',#9394,1.);
#9394 = DIRECTION('',(0.,-1.,0.));
#9395 = ORIENTED_EDGE('',*,*,#9396,.F.);
#9396 = EDGE_CURVE('',#9358,#9389,#9397,.T.);
#9397 = LINE('',#9398,#9399);
#9398 = CARTESIAN_POINT('',(1.056502795422,0.88628,-0.38439));
#9399 = VECTOR('',#9400,1.);
#9400 = DIRECTION('',(1.,0.,0.));
#9401 = ORIENTED_EDGE('',*,*,#9357,.T.);
#9402 = PLANE('',#9403);
#9403 = AXIS2_PLACEMENT_3D('',#9404,#9405,#9406);
#9404 = CARTESIAN_POINT('',(1.056502795422,0.88628,-0.38439));
#9405 = DIRECTION('',(0.,0.,-1.));
#9406 = DIRECTION('',(-1.,0.,0.));
#9407 = ADVANCED_FACE('',(#9408),#9433,.F.);
#9408 = FACE_BOUND('',#9409,.T.);
#9409 = EDGE_LOOP('',(#9410,#9418,#9426,#9432));
#9410 = ORIENTED_EDGE('',*,*,#9411,.T.);
#9411 = EDGE_CURVE('',#9381,#9412,#9414,.T.);
#9412 = VERTEX_POINT('',#9413);
#9413 = CARTESIAN_POINT('',(1.118674958665,0.88128,-0.481465326854));
#9414 = LINE('',#9415,#9416);
#9415 = CARTESIAN_POINT('',(1.090772766037,0.88128,-0.38439));
#9416 = VECTOR('',#9417,1.);
#9417 = DIRECTION('',(0.276243742892,0.,-0.961087610217));
#9418 = ORIENTED_EDGE('',*,*,#9419,.F.);
#9419 = EDGE_CURVE('',#9420,#9412,#9422,.T.);
#9420 = VERTEX_POINT('',#9421);
#9421 = CARTESIAN_POINT('',(1.118674958665,0.88628,-0.481465326854));
#9422 = LINE('',#9423,#9424);
#9423 = CARTESIAN_POINT('',(1.118674958665,0.88628,-0.481465326854));
#9424 = VECTOR('',#9425,1.);
#9425 = DIRECTION('',(0.,-1.,0.));
#9426 = ORIENTED_EDGE('',*,*,#9427,.F.);
#9427 = EDGE_CURVE('',#9389,#9420,#9428,.T.);
#9428 = LINE('',#9429,#9430);
#9429 = CARTESIAN_POINT('',(1.090772766037,0.88628,-0.38439));
#9430 = VECTOR('',#9431,1.);
#9431 = DIRECTION('',(0.276243742892,0.,-0.961087610217));
#9432 = ORIENTED_EDGE('',*,*,#9388,.T.);
#9433 = PLANE('',#9434);
#9434 = AXIS2_PLACEMENT_3D('',#9435,#9436,#9437);
#9435 = CARTESIAN_POINT('',(1.090772766037,0.88628,-0.38439));
#9436 = DIRECTION('',(-0.961087610217,0.,-0.276243742892));
#9437 = DIRECTION('',(-0.276243742892,0.,0.961087610217));
#9438 = ADVANCED_FACE('',(#9439),#9464,.F.);
#9439 = FACE_BOUND('',#9440,.T.);
#9440 = EDGE_LOOP('',(#9441,#9449,#9457,#9463));
#9441 = ORIENTED_EDGE('',*,*,#9442,.T.);
#9442 = EDGE_CURVE('',#9412,#9443,#9445,.T.);
#9443 = VERTEX_POINT('',#9444);
#9444 = CARTESIAN_POINT('',(1.151613013303,0.88128,-0.481462711952));
#9445 = LINE('',#9446,#9447);
#9446 = CARTESIAN_POINT('',(1.118674958665,0.88128,-0.481465326854));
#9447 = VECTOR('',#9448,1.);
#9448 = DIRECTION('',(0.999999996849,0.,7.93884710967E-05));
#9449 = ORIENTED_EDGE('',*,*,#9450,.F.);
#9450 = EDGE_CURVE('',#9451,#9443,#9453,.T.);
#9451 = VERTEX_POINT('',#9452);
#9452 = CARTESIAN_POINT('',(1.151613013303,0.88628,-0.481462711952));
#9453 = LINE('',#9454,#9455);
#9454 = CARTESIAN_POINT('',(1.151613013303,0.88628,-0.481462711952));
#9455 = VECTOR('',#9456,1.);
#9456 = DIRECTION('',(0.,-1.,0.));
#9457 = ORIENTED_EDGE('',*,*,#9458,.F.);
#9458 = EDGE_CURVE('',#9420,#9451,#9459,.T.);
#9459 = LINE('',#9460,#9461);
#9460 = CARTESIAN_POINT('',(1.118674958665,0.88628,-0.481465326854));
#9461 = VECTOR('',#9462,1.);
#9462 = DIRECTION('',(0.999999996849,0.,7.93884710967E-05));
#9463 = ORIENTED_EDGE('',*,*,#9419,.T.);
#9464 = PLANE('',#9465);
#9465 = AXIS2_PLACEMENT_3D('',#9466,#9467,#9468);
#9466 = CARTESIAN_POINT('',(1.118674958665,0.88628,-0.481465326854));
#9467 = DIRECTION('',(7.93884710967E-05,0.,-0.999999996849));
#9468 = DIRECTION('',(-0.999999996849,0.,-7.93884710967E-05));
#9469 = ADVANCED_FACE('',(#9470),#9495,.F.);
#9470 = FACE_BOUND('',#9471,.T.);
#9471 = EDGE_LOOP('',(#9472,#9480,#9488,#9494));
#9472 = ORIENTED_EDGE('',*,*,#9473,.T.);
#9473 = EDGE_CURVE('',#9443,#9474,#9476,.T.);
#9474 = VERTEX_POINT('',#9475);
#9475 = CARTESIAN_POINT('',(1.158289209959,0.88128,-0.504693743096));
#9476 = LINE('',#9477,#9478);
#9477 = CARTESIAN_POINT('',(1.151613013303,0.88128,-0.481462711952));
#9478 = VECTOR('',#9479,1.);
#9479 = DIRECTION('',(0.276203301029,0.,-0.961099233431));
#9480 = ORIENTED_EDGE('',*,*,#9481,.F.);
#9481 = EDGE_CURVE('',#9482,#9474,#9484,.T.);
#9482 = VERTEX_POINT('',#9483);
#9483 = CARTESIAN_POINT('',(1.158289209959,0.88628,-0.504693743096));
#9484 = LINE('',#9485,#9486);
#9485 = CARTESIAN_POINT('',(1.158289209959,0.88628,-0.504693743096));
#9486 = VECTOR('',#9487,1.);
#9487 = DIRECTION('',(0.,-1.,0.));
#9488 = ORIENTED_EDGE('',*,*,#9489,.F.);
#9489 = EDGE_CURVE('',#9451,#9482,#9490,.T.);
#9490 = LINE('',#9491,#9492);
#9491 = CARTESIAN_POINT('',(1.151613013303,0.88628,-0.481462711952));
#9492 = VECTOR('',#9493,1.);
#9493 = DIRECTION('',(0.276203301029,0.,-0.961099233431));
#9494 = ORIENTED_EDGE('',*,*,#9450,.T.);
#9495 = PLANE('',#9496);
#9496 = AXIS2_PLACEMENT_3D('',#9497,#9498,#9499);
#9497 = CARTESIAN_POINT('',(1.151613013303,0.88628,-0.481462711952));
#9498 = DIRECTION('',(-0.961099233431,0.,-0.276203301029));
#9499 = DIRECTION('',(-0.276203301029,0.,0.961099233431));
#9500 = ADVANCED_FACE('',(#9501),#9526,.F.);
#9501 = FACE_BOUND('',#9502,.T.);
#9502 = EDGE_LOOP('',(#9503,#9511,#9519,#9525));
#9503 = ORIENTED_EDGE('',*,*,#9504,.T.);
#9504 = EDGE_CURVE('',#9474,#9505,#9507,.T.);
#9505 = VERTEX_POINT('',#9506);
#9506 = CARTESIAN_POINT('',(0.965163516839,0.88128,-0.504693743096));
#9507 = LINE('',#9508,#9509);
#9508 = CARTESIAN_POINT('',(1.054471895738,0.88128,-0.504693743096));
#9509 = VECTOR('',#9510,1.);
#9510 = DIRECTION('',(-1.,0.,0.));
#9511 = ORIENTED_EDGE('',*,*,#9512,.F.);
#9512 = EDGE_CURVE('',#9513,#9505,#9515,.T.);
#9513 = VERTEX_POINT('',#9514);
#9514 = CARTESIAN_POINT('',(0.965163516839,0.88628,-0.504693743096));
#9515 = LINE('',#9516,#9517);
#9516 = CARTESIAN_POINT('',(0.965163516839,0.88628,-0.504693743096));
#9517 = VECTOR('',#9518,1.);
#9518 = DIRECTION('',(0.,-1.,0.));
#9519 = ORIENTED_EDGE('',*,*,#9520,.F.);
#9520 = EDGE_CURVE('',#9482,#9513,#9521,.T.);
#9521 = LINE('',#9522,#9523);
#9522 = CARTESIAN_POINT('',(1.158289209959,0.88628,-0.504693743096));
#9523 = VECTOR('',#9524,1.);
#9524 = DIRECTION('',(-1.,0.,0.));
#9525 = ORIENTED_EDGE('',*,*,#9481,.T.);
#9526 = PLANE('',#9527);
#9527 = AXIS2_PLACEMENT_3D('',#9528,#9529,#9530);
#9528 = CARTESIAN_POINT('',(1.054471895738,0.88628,-0.504693743096));
#9529 = DIRECTION('',(0.,0.,1.));
#9530 = DIRECTION('',(1.,0.,-0.));
#9531 = ADVANCED_FACE('',(#9532),#9557,.F.);
#9532 = FACE_BOUND('',#9533,.T.);
#9533 = EDGE_LOOP('',(#9534,#9542,#9550,#9556));
#9534 = ORIENTED_EDGE('',*,*,#9535,.T.);
#9535 = EDGE_CURVE('',#9505,#9536,#9538,.T.);
#9536 = VERTEX_POINT('',#9537);
#9537 = CARTESIAN_POINT('',(0.930559940112,0.88128,-0.38439));
#9538 = LINE('',#9539,#9540);
#9539 = CARTESIAN_POINT('',(0.965163516839,0.88128,-0.504693743096));
#9540 = VECTOR('',#9541,1.);
#9541 = DIRECTION('',(-0.276427328049,0.,0.961034823671));
#9542 = ORIENTED_EDGE('',*,*,#9543,.F.);
#9543 = EDGE_CURVE('',#9544,#9536,#9546,.T.);
#9544 = VERTEX_POINT('',#9545);
#9545 = CARTESIAN_POINT('',(0.930559940112,0.88628,-0.38439));
#9546 = LINE('',#9547,#9548);
#9547 = CARTESIAN_POINT('',(0.930559940112,0.88628,-0.38439));
#9548 = VECTOR('',#9549,1.);
#9549 = DIRECTION('',(0.,-1.,0.));
#9550 = ORIENTED_EDGE('',*,*,#9551,.F.);
#9551 = EDGE_CURVE('',#9513,#9544,#9552,.T.);
#9552 = LINE('',#9553,#9554);
#9553 = CARTESIAN_POINT('',(0.965163516839,0.88628,-0.504693743096));
#9554 = VECTOR('',#9555,1.);
#9555 = DIRECTION('',(-0.276427328049,0.,0.961034823671));
#9556 = ORIENTED_EDGE('',*,*,#9512,.T.);
#9557 = PLANE('',#9558);
#9558 = AXIS2_PLACEMENT_3D('',#9559,#9560,#9561);
#9559 = CARTESIAN_POINT('',(0.965163516839,0.88628,-0.504693743096));
#9560 = DIRECTION('',(0.961034823671,0.,0.276427328049));
#9561 = DIRECTION('',(0.276427328049,0.,-0.961034823671));
#9562 = ADVANCED_FACE('',(#9563),#9588,.F.);
#9563 = FACE_BOUND('',#9564,.T.);
#9564 = EDGE_LOOP('',(#9565,#9573,#9581,#9587));
#9565 = ORIENTED_EDGE('',*,*,#9566,.T.);
#9566 = EDGE_CURVE('',#9536,#9567,#9569,.T.);
#9567 = VERTEX_POINT('',#9568);
#9568 = CARTESIAN_POINT('',(1.021452947587,0.88128,-0.38439));
#9569 = LINE('',#9570,#9571);
#9570 = CARTESIAN_POINT('',(0.930559940112,0.88128,-0.38439));
#9571 = VECTOR('',#9572,1.);
#9572 = DIRECTION('',(1.,0.,0.));
#9573 = ORIENTED_EDGE('',*,*,#9574,.F.);
#9574 = EDGE_CURVE('',#9575,#9567,#9577,.T.);
#9575 = VERTEX_POINT('',#9576);
#9576 = CARTESIAN_POINT('',(1.021452947587,0.88628,-0.38439));
#9577 = LINE('',#9578,#9579);
#9578 = CARTESIAN_POINT('',(1.021452947587,0.88628,-0.38439));
#9579 = VECTOR('',#9580,1.);
#9580 = DIRECTION('',(0.,-1.,0.));
#9581 = ORIENTED_EDGE('',*,*,#9582,.F.);
#9582 = EDGE_CURVE('',#9544,#9575,#9583,.T.);
#9583 = LINE('',#9584,#9585);
#9584 = CARTESIAN_POINT('',(0.930559940112,0.88628,-0.38439));
#9585 = VECTOR('',#9586,1.);
#9586 = DIRECTION('',(1.,0.,0.));
#9587 = ORIENTED_EDGE('',*,*,#9543,.T.);
#9588 = PLANE('',#9589);
#9589 = AXIS2_PLACEMENT_3D('',#9590,#9591,#9592);
#9590 = CARTESIAN_POINT('',(0.930559940112,0.88628,-0.38439));
#9591 = DIRECTION('',(0.,0.,-1.));
#9592 = DIRECTION('',(-1.,0.,0.));
#9593 = ADVANCED_FACE('',(#9594),#9619,.F.);
#9594 = FACE_BOUND('',#9595,.T.);
#9595 = EDGE_LOOP('',(#9596,#9604,#9612,#9618));
#9596 = ORIENTED_EDGE('',*,*,#9597,.T.);
#9597 = EDGE_CURVE('',#9567,#9598,#9600,.T.);
#9598 = VERTEX_POINT('',#9599);
#9599 = CARTESIAN_POINT('',(1.027948754198,0.88128,-0.407282249653));
#9600 = LINE('',#9601,#9602);
#9601 = CARTESIAN_POINT('',(1.021452947587,0.88128,-0.38439));
#9602 = VECTOR('',#9603,1.);
#9603 = DIRECTION('',(0.27297869307,0.,-0.96202007938));
#9604 = ORIENTED_EDGE('',*,*,#9605,.F.);
#9605 = EDGE_CURVE('',#9606,#9598,#9608,.T.);
#9606 = VERTEX_POINT('',#9607);
#9607 = CARTESIAN_POINT('',(1.027948754198,0.88628,-0.407282249653));
#9608 = LINE('',#9609,#9610);
#9609 = CARTESIAN_POINT('',(1.027948754198,0.88628,-0.407282249653));
#9610 = VECTOR('',#9611,1.);
#9611 = DIRECTION('',(0.,-1.,0.));
#9612 = ORIENTED_EDGE('',*,*,#9613,.F.);
#9613 = EDGE_CURVE('',#9575,#9606,#9614,.T.);
#9614 = LINE('',#9615,#9616);
#9615 = CARTESIAN_POINT('',(1.021452947587,0.88628,-0.38439));
#9616 = VECTOR('',#9617,1.);
#9617 = DIRECTION('',(0.27297869307,0.,-0.96202007938));
#9618 = ORIENTED_EDGE('',*,*,#9574,.T.);
#9619 = PLANE('',#9620);
#9620 = AXIS2_PLACEMENT_3D('',#9621,#9622,#9623);
#9621 = CARTESIAN_POINT('',(1.021452947587,0.88628,-0.38439));
#9622 = DIRECTION('',(-0.96202007938,0.,-0.27297869307));
#9623 = DIRECTION('',(-0.27297869307,0.,0.96202007938));
#9624 = ADVANCED_FACE('',(#9625),#9650,.F.);
#9625 = FACE_BOUND('',#9626,.T.);
#9626 = EDGE_LOOP('',(#9627,#9635,#9643,#9649));
#9627 = ORIENTED_EDGE('',*,*,#9628,.T.);
#9628 = EDGE_CURVE('',#9598,#9629,#9631,.T.);
#9629 = VERTEX_POINT('',#9630);
#9630 = CARTESIAN_POINT('',(0.971318401416,0.88128,-0.407282249653));
#9631 = LINE('',#9632,#9633);
#9632 = CARTESIAN_POINT('',(1.027948754198,0.88128,-0.407282249653));
#9633 = VECTOR('',#9634,1.);
#9634 = DIRECTION('',(-1.,0.,0.));
#9635 = ORIENTED_EDGE('',*,*,#9636,.F.);
#9636 = EDGE_CURVE('',#9637,#9629,#9639,.T.);
#9637 = VERTEX_POINT('',#9638);
#9638 = CARTESIAN_POINT('',(0.971318401416,0.88628,-0.407282249653));
#9639 = LINE('',#9640,#9641);
#9640 = CARTESIAN_POINT('',(0.971318401416,0.88628,-0.407282249653));
#9641 = VECTOR('',#9642,1.);
#9642 = DIRECTION('',(0.,-1.,0.));
#9643 = ORIENTED_EDGE('',*,*,#9644,.F.);
#9644 = EDGE_CURVE('',#9606,#9637,#9645,.T.);
#9645 = LINE('',#9646,#9647);
#9646 = CARTESIAN_POINT('',(1.027948754198,0.88628,-0.407282249653));
#9647 = VECTOR('',#9648,1.);
#9648 = DIRECTION('',(-1.,0.,0.));
#9649 = ORIENTED_EDGE('',*,*,#9605,.T.);
#9650 = PLANE('',#9651);
#9651 = AXIS2_PLACEMENT_3D('',#9652,#9653,#9654);
#9652 = CARTESIAN_POINT('',(1.027948754198,0.88628,-0.407282249653));
#9653 = DIRECTION('',(0.,0.,1.));
#9654 = DIRECTION('',(1.,0.,-0.));
#9655 = ADVANCED_FACE('',(#9656),#9681,.F.);
#9656 = FACE_BOUND('',#9657,.T.);
#9657 = EDGE_LOOP('',(#9658,#9666,#9674,#9680));
#9658 = ORIENTED_EDGE('',*,*,#9659,.T.);
#9659 = EDGE_CURVE('',#9629,#9660,#9662,.T.);
#9660 = VERTEX_POINT('',#9661);
#9661 = CARTESIAN_POINT('',(0.979853155321,0.88128,-0.437178030862));
#9662 = LINE('',#9663,#9664);
#9663 = CARTESIAN_POINT('',(0.971318401416,0.88128,-0.407282249653));
#9664 = VECTOR('',#9665,1.);
#9665 = DIRECTION('',(0.274515999857,0.,-0.961582531987));
#9666 = ORIENTED_EDGE('',*,*,#9667,.F.);
#9667 = EDGE_CURVE('',#9668,#9660,#9670,.T.);
#9668 = VERTEX_POINT('',#9669);
#9669 = CARTESIAN_POINT('',(0.979853155321,0.88628,-0.437178030862));
#9670 = LINE('',#9671,#9672);
#9671 = CARTESIAN_POINT('',(0.979853155321,0.88628,-0.437178030862));
#9672 = VECTOR('',#9673,1.);
#9673 = DIRECTION('',(0.,-1.,0.));
#9674 = ORIENTED_EDGE('',*,*,#9675,.F.);
#9675 = EDGE_CURVE('',#9637,#9668,#9676,.T.);
#9676 = LINE('',#9677,#9678);
#9677 = CARTESIAN_POINT('',(0.971318401416,0.88628,-0.407282249653));
#9678 = VECTOR('',#9679,1.);
#9679 = DIRECTION('',(0.274515999857,0.,-0.961582531987));
#9680 = ORIENTED_EDGE('',*,*,#9636,.T.);
#9681 = PLANE('',#9682);
#9682 = AXIS2_PLACEMENT_3D('',#9683,#9684,#9685);
#9683 = CARTESIAN_POINT('',(0.971318401416,0.88628,-0.407282249653));
#9684 = DIRECTION('',(-0.961582531987,0.,-0.274515999857));
#9685 = DIRECTION('',(-0.274515999857,0.,0.961582531987));
#9686 = ADVANCED_FACE('',(#9687),#9712,.F.);
#9687 = FACE_BOUND('',#9688,.T.);
#9688 = EDGE_LOOP('',(#9689,#9697,#9705,#9711));
#9689 = ORIENTED_EDGE('',*,*,#9690,.T.);
#9690 = EDGE_CURVE('',#9660,#9691,#9693,.T.);
#9691 = VERTEX_POINT('',#9692);
#9692 = CARTESIAN_POINT('',(1.031473565128,0.88128,-0.437178030862));
#9693 = LINE('',#9694,#9695);
#9694 = CARTESIAN_POINT('',(0.979853155321,0.88128,-0.437178030862));
#9695 = VECTOR('',#9696,1.);
#9696 = DIRECTION('',(1.,0.,0.));
#9697 = ORIENTED_EDGE('',*,*,#9698,.F.);
#9698 = EDGE_CURVE('',#9699,#9691,#9701,.T.);
#9699 = VERTEX_POINT('',#9700);
#9700 = CARTESIAN_POINT('',(1.031473565128,0.88628,-0.437178030862));
#9701 = LINE('',#9702,#9703);
#9702 = CARTESIAN_POINT('',(1.031473565128,0.88628,-0.437178030862));
#9703 = VECTOR('',#9704,1.);
#9704 = DIRECTION('',(0.,-1.,0.));
#9705 = ORIENTED_EDGE('',*,*,#9706,.F.);
#9706 = EDGE_CURVE('',#9668,#9699,#9707,.T.);
#9707 = LINE('',#9708,#9709);
#9708 = CARTESIAN_POINT('',(0.979853155321,0.88628,-0.437178030862));
#9709 = VECTOR('',#9710,1.);
#9710 = DIRECTION('',(1.,0.,0.));
#9711 = ORIENTED_EDGE('',*,*,#9667,.T.);
#9712 = PLANE('',#9713);
#9713 = AXIS2_PLACEMENT_3D('',#9714,#9715,#9716);
#9714 = CARTESIAN_POINT('',(0.979853155321,0.88628,-0.437178030862));
#9715 = DIRECTION('',(0.,0.,-1.));
#9716 = DIRECTION('',(-1.,0.,0.));
#9717 = ADVANCED_FACE('',(#9718),#9743,.F.);
#9718 = FACE_BOUND('',#9719,.T.);
#9719 = EDGE_LOOP('',(#9720,#9728,#9736,#9742));
#9720 = ORIENTED_EDGE('',*,*,#9721,.T.);
#9721 = EDGE_CURVE('',#9691,#9722,#9724,.T.);
#9722 = VERTEX_POINT('',#9723);
#9723 = CARTESIAN_POINT('',(1.03782597968,0.88128,-0.459414042366));
#9724 = LINE('',#9725,#9726);
#9725 = CARTESIAN_POINT('',(1.031473565128,0.88128,-0.437178030862));
#9726 = VECTOR('',#9727,1.);
#9727 = DIRECTION('',(0.274691879767,0.,-0.961532303768));
#9728 = ORIENTED_EDGE('',*,*,#9729,.F.);
#9729 = EDGE_CURVE('',#9730,#9722,#9732,.T.);
#9730 = VERTEX_POINT('',#9731);
#9731 = CARTESIAN_POINT('',(1.03782597968,0.88628,-0.459414042366));
#9732 = LINE('',#9733,#9734);
#9733 = CARTESIAN_POINT('',(1.03782597968,0.88628,-0.459414042366));
#9734 = VECTOR('',#9735,1.);
#9735 = DIRECTION('',(0.,-1.,0.));
#9736 = ORIENTED_EDGE('',*,*,#9737,.F.);
#9737 = EDGE_CURVE('',#9699,#9730,#9738,.T.);
#9738 = LINE('',#9739,#9740);
#9739 = CARTESIAN_POINT('',(1.031473565128,0.88628,-0.437178030862));
#9740 = VECTOR('',#9741,1.);
#9741 = DIRECTION('',(0.274691879767,0.,-0.961532303768));
#9742 = ORIENTED_EDGE('',*,*,#9698,.T.);
#9743 = PLANE('',#9744);
#9744 = AXIS2_PLACEMENT_3D('',#9745,#9746,#9747);
#9745 = CARTESIAN_POINT('',(1.031473565128,0.88628,-0.437178030862));
#9746 = DIRECTION('',(-0.961532303768,0.,-0.274691879767));
#9747 = DIRECTION('',(-0.274691879767,0.,0.961532303768));
#9748 = ADVANCED_FACE('',(#9749),#9774,.F.);
#9749 = FACE_BOUND('',#9750,.T.);
#9750 = EDGE_LOOP('',(#9751,#9759,#9767,#9773));
#9751 = ORIENTED_EDGE('',*,*,#9752,.T.);
#9752 = EDGE_CURVE('',#9722,#9753,#9755,.T.);
#9753 = VERTEX_POINT('',#9754);
#9754 = CARTESIAN_POINT('',(0.986198253952,0.88128,-0.459414042366));
#9755 = LINE('',#9756,#9757);
#9756 = CARTESIAN_POINT('',(1.03782597968,0.88128,-0.459414042366));
#9757 = VECTOR('',#9758,1.);
#9758 = DIRECTION('',(-1.,0.,0.));
#9759 = ORIENTED_EDGE('',*,*,#9760,.F.);
#9760 = EDGE_CURVE('',#9761,#9753,#9763,.T.);
#9761 = VERTEX_POINT('',#9762);
#9762 = CARTESIAN_POINT('',(0.986198253952,0.88628,-0.459414042366));
#9763 = LINE('',#9764,#9765);
#9764 = CARTESIAN_POINT('',(0.986198253952,0.88628,-0.459414042366));
#9765 = VECTOR('',#9766,1.);
#9766 = DIRECTION('',(0.,-1.,0.));
#9767 = ORIENTED_EDGE('',*,*,#9768,.F.);
#9768 = EDGE_CURVE('',#9730,#9761,#9769,.T.);
#9769 = LINE('',#9770,#9771);
#9770 = CARTESIAN_POINT('',(1.03782597968,0.88628,-0.459414042366));
#9771 = VECTOR('',#9772,1.);
#9772 = DIRECTION('',(-1.,0.,0.));
#9773 = ORIENTED_EDGE('',*,*,#9729,.T.);
#9774 = PLANE('',#9775);
#9775 = AXIS2_PLACEMENT_3D('',#9776,#9777,#9778);
#9776 = CARTESIAN_POINT('',(1.03782597968,0.88628,-0.459414042366));
#9777 = DIRECTION('',(0.,0.,1.));
#9778 = DIRECTION('',(1.,0.,-0.));
#9779 = ADVANCED_FACE('',(#9780),#9796,.F.);
#9780 = FACE_BOUND('',#9781,.T.);
#9781 = EDGE_LOOP('',(#9782,#9788,#9789,#9795));
#9782 = ORIENTED_EDGE('',*,*,#9783,.T.);
#9783 = EDGE_CURVE('',#9753,#9279,#9784,.T.);
#9784 = LINE('',#9785,#9786);
#9785 = CARTESIAN_POINT('',(0.986198253952,0.88128,-0.459414042366));
#9786 = VECTOR('',#9787,1.);
#9787 = DIRECTION('',(0.279394794081,0.,-0.960176311435));
#9788 = ORIENTED_EDGE('',*,*,#9304,.F.);
#9789 = ORIENTED_EDGE('',*,*,#9790,.F.);
#9790 = EDGE_CURVE('',#9761,#9297,#9791,.T.);
#9791 = LINE('',#9792,#9793);
#9792 = CARTESIAN_POINT('',(0.986198253952,0.88628,-0.459414042366));
#9793 = VECTOR('',#9794,1.);
#9794 = DIRECTION('',(0.279394794081,0.,-0.960176311435));
#9795 = ORIENTED_EDGE('',*,*,#9760,.T.);
#9796 = PLANE('',#9797);
#9797 = AXIS2_PLACEMENT_3D('',#9798,#9799,#9800);
#9798 = CARTESIAN_POINT('',(0.986198253952,0.88628,-0.459414042366));
#9799 = DIRECTION('',(-0.960176311435,0.,-0.279394794081));
#9800 = DIRECTION('',(-0.279394794081,0.,0.960176311435));
#9801 = ADVANCED_FACE('',(#9802),#9821,.T.);
#9802 = FACE_BOUND('',#9803,.T.);
#9803 = EDGE_LOOP('',(#9804,#9805,#9806,#9807,#9808,#9809,#9810,#9811,
    #9812,#9813,#9814,#9815,#9816,#9817,#9818,#9819,#9820));
#9804 = ORIENTED_EDGE('',*,*,#9296,.T.);
#9805 = ORIENTED_EDGE('',*,*,#9334,.T.);
#9806 = ORIENTED_EDGE('',*,*,#9365,.T.);
#9807 = ORIENTED_EDGE('',*,*,#9396,.T.);
#9808 = ORIENTED_EDGE('',*,*,#9427,.T.);
#9809 = ORIENTED_EDGE('',*,*,#9458,.T.);
#9810 = ORIENTED_EDGE('',*,*,#9489,.T.);
#9811 = ORIENTED_EDGE('',*,*,#9520,.T.);
#9812 = ORIENTED_EDGE('',*,*,#9551,.T.);
#9813 = ORIENTED_EDGE('',*,*,#9582,.T.);
#9814 = ORIENTED_EDGE('',*,*,#9613,.T.);
#9815 = ORIENTED_EDGE('',*,*,#9644,.T.);
#9816 = ORIENTED_EDGE('',*,*,#9675,.T.);
#9817 = ORIENTED_EDGE('',*,*,#9706,.T.);
#9818 = ORIENTED_EDGE('',*,*,#9737,.T.);
#9819 = ORIENTED_EDGE('',*,*,#9768,.T.);
#9820 = ORIENTED_EDGE('',*,*,#9790,.T.);
#9821 = PLANE('',#9822);
#9822 = AXIS2_PLACEMENT_3D('',#9823,#9824,#9825);
#9823 = CARTESIAN_POINT('',(-1.128138252572E-04,0.88628,
    2.017835768258E-02));
#9824 = DIRECTION('',(0.,1.,0.));
#9825 = DIRECTION('',(0.,-0.,1.));
#9826 = ADVANCED_FACE('',(#9827),#9846,.F.);
#9827 = FACE_BOUND('',#9828,.T.);
#9828 = EDGE_LOOP('',(#9829,#9830,#9831,#9832,#9833,#9834,#9835,#9836,
    #9837,#9838,#9839,#9840,#9841,#9842,#9843,#9844,#9845));
#9829 = ORIENTED_EDGE('',*,*,#9278,.F.);
#9830 = ORIENTED_EDGE('',*,*,#9783,.F.);
#9831 = ORIENTED_EDGE('',*,*,#9752,.F.);
#9832 = ORIENTED_EDGE('',*,*,#9721,.F.);
#9833 = ORIENTED_EDGE('',*,*,#9690,.F.);
#9834 = ORIENTED_EDGE('',*,*,#9659,.F.);
#9835 = ORIENTED_EDGE('',*,*,#9628,.F.);
#9836 = ORIENTED_EDGE('',*,*,#9597,.F.);
#9837 = ORIENTED_EDGE('',*,*,#9566,.F.);
#9838 = ORIENTED_EDGE('',*,*,#9535,.F.);
#9839 = ORIENTED_EDGE('',*,*,#9504,.F.);
#9840 = ORIENTED_EDGE('',*,*,#9473,.F.);
#9841 = ORIENTED_EDGE('',*,*,#9442,.F.);
#9842 = ORIENTED_EDGE('',*,*,#9411,.F.);
#9843 = ORIENTED_EDGE('',*,*,#9380,.F.);
#9844 = ORIENTED_EDGE('',*,*,#9349,.F.);
#9845 = ORIENTED_EDGE('',*,*,#9318,.F.);
#9846 = PLANE('',#9847);
#9847 = AXIS2_PLACEMENT_3D('',#9848,#9849,#9850);
#9848 = CARTESIAN_POINT('',(-1.128138252572E-04,0.88128,
    2.017835768258E-02));
#9849 = DIRECTION('',(0.,1.,0.));
#9850 = DIRECTION('',(0.,-0.,1.));
#9851 = MANIFOLD_SOLID_BREP('',#9852);
#9852 = CLOSED_SHELL('',(#9853,#9893,#9924,#9955,#9986,#10017,#10048,
    #10079,#10110,#10141,#10172,#10203,#10234,#10265,#10296,#10327,
    #10358,#10389,#10420,#10451,#10482,#10513,#10544,#10566,#10597));
#9853 = ADVANCED_FACE('',(#9854),#9888,.F.);
#9854 = FACE_BOUND('',#9855,.T.);
#9855 = EDGE_LOOP('',(#9856,#9866,#9874,#9882));
#9856 = ORIENTED_EDGE('',*,*,#9857,.T.);
#9857 = EDGE_CURVE('',#9858,#9860,#9862,.T.);
#9858 = VERTEX_POINT('',#9859);
#9859 = CARTESIAN_POINT('',(0.950669944856,0.88128,-0.504693743096));
#9860 = VERTEX_POINT('',#9861);
#9861 = CARTESIAN_POINT('',(0.897905541353,0.88128,-0.504693743096));
#9862 = LINE('',#9863,#9864);
#9863 = CARTESIAN_POINT('',(0.950669944856,0.88128,-0.504693743096));
#9864 = VECTOR('',#9865,1.);
#9865 = DIRECTION('',(-1.,0.,0.));
#9866 = ORIENTED_EDGE('',*,*,#9867,.F.);
#9867 = EDGE_CURVE('',#9868,#9860,#9870,.T.);
#9868 = VERTEX_POINT('',#9869);
#9869 = CARTESIAN_POINT('',(0.897905541353,0.88628,-0.504693743096));
#9870 = LINE('',#9871,#9872);
#9871 = CARTESIAN_POINT('',(0.897905541353,0.88628,-0.504693743096));
#9872 = VECTOR('',#9873,1.);
#9873 = DIRECTION('',(0.,-1.,0.));
#9874 = ORIENTED_EDGE('',*,*,#9875,.F.);
#9875 = EDGE_CURVE('',#9876,#9868,#9878,.T.);
#9876 = VERTEX_POINT('',#9877);
#9877 = CARTESIAN_POINT('',(0.950669944856,0.88628,-0.504693743096));
#9878 = LINE('',#9879,#9880);
#9879 = CARTESIAN_POINT('',(0.950669944856,0.88628,-0.504693743096));
#9880 = VECTOR('',#9881,1.);
#9881 = DIRECTION('',(-1.,0.,0.));
#9882 = ORIENTED_EDGE('',*,*,#9883,.T.);
#9883 = EDGE_CURVE('',#9876,#9858,#9884,.T.);
#9884 = LINE('',#9885,#9886);
#9885 = CARTESIAN_POINT('',(0.950669944856,0.88628,-0.504693743096));
#9886 = VECTOR('',#9887,1.);
#9887 = DIRECTION('',(0.,-1.,0.));
#9888 = PLANE('',#9889);
#9889 = AXIS2_PLACEMENT_3D('',#9890,#9891,#9892);
#9890 = CARTESIAN_POINT('',(0.950669944856,0.88628,-0.504693743096));
#9891 = DIRECTION('',(0.,0.,1.));
#9892 = DIRECTION('',(1.,0.,-0.));
#9893 = ADVANCED_FACE('',(#9894),#9919,.F.);
#9894 = FACE_BOUND('',#9895,.T.);
#9895 = EDGE_LOOP('',(#9896,#9904,#9912,#9918));
#9896 = ORIENTED_EDGE('',*,*,#9897,.T.);
#9897 = EDGE_CURVE('',#9860,#9898,#9900,.T.);
#9898 = VERTEX_POINT('',#9899);
#9899 = CARTESIAN_POINT('',(0.855278870169,0.88128,-0.418747203315));
#9900 = LINE('',#9901,#9902);
#9901 = CARTESIAN_POINT('',(0.897905541353,0.88128,-0.504693743096));
#9902 = VECTOR('',#9903,1.);
#9903 = DIRECTION('',(-0.444321030833,0.,0.895867636183));
#9904 = ORIENTED_EDGE('',*,*,#9905,.F.);
#9905 = EDGE_CURVE('',#9906,#9898,#9908,.T.);
#9906 = VERTEX_POINT('',#9907);
#9907 = CARTESIAN_POINT('',(0.855278870169,0.88628,-0.418747203315));
#9908 = LINE('',#9909,#9910);
#9909 = CARTESIAN_POINT('',(0.855278870169,0.88628,-0.418747203315));
#9910 = VECTOR('',#9911,1.);
#9911 = DIRECTION('',(0.,-1.,0.));
#9912 = ORIENTED_EDGE('',*,*,#9913,.F.);
#9913 = EDGE_CURVE('',#9868,#9906,#9914,.T.);
#9914 = LINE('',#9915,#9916);
#9915 = CARTESIAN_POINT('',(0.897905541353,0.88628,-0.504693743096));
#9916 = VECTOR('',#9917,1.);
#9917 = DIRECTION('',(-0.444321030833,0.,0.895867636183));
#9918 = ORIENTED_EDGE('',*,*,#9867,.T.);
#9919 = PLANE('',#9920);
#9920 = AXIS2_PLACEMENT_3D('',#9921,#9922,#9923);
#9921 = CARTESIAN_POINT('',(0.897905541353,0.88628,-0.504693743096));
#9922 = DIRECTION('',(0.895867636183,0.,0.444321030833));
#9923 = DIRECTION('',(0.444321030833,0.,-0.895867636183));
#9924 = ADVANCED_FACE('',(#9925),#9950,.F.);
#9925 = FACE_BOUND('',#9926,.T.);
#9926 = EDGE_LOOP('',(#9927,#9935,#9943,#9949));
#9927 = ORIENTED_EDGE('',*,*,#9928,.T.);
#9928 = EDGE_CURVE('',#9898,#9929,#9931,.T.);
#9929 = VERTEX_POINT('',#9930);
#9930 = CARTESIAN_POINT('',(0.85990540812,0.88128,-0.504693743096));
#9931 = LINE('',#9932,#9933);
#9932 = CARTESIAN_POINT('',(0.855278870169,0.88128,-0.418747203315));
#9933 = VECTOR('',#9934,1.);
#9934 = DIRECTION('',(5.375259206908E-02,0.,-0.998554284376));
#9935 = ORIENTED_EDGE('',*,*,#9936,.F.);
#9936 = EDGE_CURVE('',#9937,#9929,#9939,.T.);
#9937 = VERTEX_POINT('',#9938);
#9938 = CARTESIAN_POINT('',(0.85990540812,0.88628,-0.504693743096));
#9939 = LINE('',#9940,#9941);
#9940 = CARTESIAN_POINT('',(0.85990540812,0.88628,-0.504693743096));
#9941 = VECTOR('',#9942,1.);
#9942 = DIRECTION('',(0.,-1.,0.));
#9943 = ORIENTED_EDGE('',*,*,#9944,.F.);
#9944 = EDGE_CURVE('',#9906,#9937,#9945,.T.);
#9945 = LINE('',#9946,#9947);
#9946 = CARTESIAN_POINT('',(0.855278870169,0.88628,-0.418747203315));
#9947 = VECTOR('',#9948,1.);
#9948 = DIRECTION('',(5.375259206908E-02,0.,-0.998554284376));
#9949 = ORIENTED_EDGE('',*,*,#9905,.T.);
#9950 = PLANE('',#9951);
#9951 = AXIS2_PLACEMENT_3D('',#9952,#9953,#9954);
#9952 = CARTESIAN_POINT('',(0.855278870169,0.88628,-0.418747203315));
#9953 = DIRECTION('',(-0.998554284376,0.,-5.375259206908E-02));
#9954 = DIRECTION('',(-5.375259206908E-02,0.,0.998554284376));
#9955 = ADVANCED_FACE('',(#9956),#9981,.F.);
#9956 = FACE_BOUND('',#9957,.T.);
#9957 = EDGE_LOOP('',(#9958,#9966,#9974,#9980));
#9958 = ORIENTED_EDGE('',*,*,#9959,.T.);
#9959 = EDGE_CURVE('',#9929,#9960,#9962,.T.);
#9960 = VERTEX_POINT('',#9961);
#9961 = CARTESIAN_POINT('',(0.808672300129,0.88128,-0.504693743096));
#9962 = LINE('',#9963,#9964);
#9963 = CARTESIAN_POINT('',(0.85990540812,0.88128,-0.504693743096));
#9964 = VECTOR('',#9965,1.);
#9965 = DIRECTION('',(-1.,0.,0.));
#9966 = ORIENTED_EDGE('',*,*,#9967,.F.);
#9967 = EDGE_CURVE('',#9968,#9960,#9970,.T.);
#9968 = VERTEX_POINT('',#9969);
#9969 = CARTESIAN_POINT('',(0.808672300129,0.88628,-0.504693743096));
#9970 = LINE('',#9971,#9972);
#9971 = CARTESIAN_POINT('',(0.808672300129,0.88628,-0.504693743096));
#9972 = VECTOR('',#9973,1.);
#9973 = DIRECTION('',(0.,-1.,0.));
#9974 = ORIENTED_EDGE('',*,*,#9975,.F.);
#9975 = EDGE_CURVE('',#9937,#9968,#9976,.T.);
#9976 = LINE('',#9977,#9978);
#9977 = CARTESIAN_POINT('',(0.85990540812,0.88628,-0.504693743096));
#9978 = VECTOR('',#9979,1.);
#9979 = DIRECTION('',(-1.,0.,0.));
#9980 = ORIENTED_EDGE('',*,*,#9936,.T.);
#9981 = PLANE('',#9982);
#9982 = AXIS2_PLACEMENT_3D('',#9983,#9984,#9985);
#9983 = CARTESIAN_POINT('',(0.85990540812,0.88628,-0.504693743096));
#9984 = DIRECTION('',(0.,0.,1.));
#9985 = DIRECTION('',(1.,0.,-0.));
#9986 = ADVANCED_FACE('',(#9987),#10012,.F.);
#9987 = FACE_BOUND('',#9988,.T.);
#9988 = EDGE_LOOP('',(#9989,#9997,#10005,#10011));
#9989 = ORIENTED_EDGE('',*,*,#9990,.T.);
#9990 = EDGE_CURVE('',#9960,#9991,#9993,.T.);
#9991 = VERTEX_POINT('',#9992);
#9992 = CARTESIAN_POINT('',(0.780671342562,0.88128,-0.4072778601));
#9993 = LINE('',#9994,#9995);
#9994 = CARTESIAN_POINT('',(0.808672300129,0.88128,-0.504693743096));
#9995 = VECTOR('',#9996,1.);
#9996 = DIRECTION('',(-0.276251757517,0.,0.961085306551));
#9997 = ORIENTED_EDGE('',*,*,#9998,.F.);
#9998 = EDGE_CURVE('',#9999,#9991,#10001,.T.);
#9999 = VERTEX_POINT('',#10000);
#10000 = CARTESIAN_POINT('',(0.780671342562,0.88628,-0.4072778601));
#10001 = LINE('',#10002,#10003);
#10002 = CARTESIAN_POINT('',(0.780671342562,0.88628,-0.4072778601));
#10003 = VECTOR('',#10004,1.);
#10004 = DIRECTION('',(0.,-1.,0.));
#10005 = ORIENTED_EDGE('',*,*,#10006,.F.);
#10006 = EDGE_CURVE('',#9968,#9999,#10007,.T.);
#10007 = LINE('',#10008,#10009);
#10008 = CARTESIAN_POINT('',(0.808672300129,0.88628,-0.504693743096));
#10009 = VECTOR('',#10010,1.);
#10010 = DIRECTION('',(-0.276251757517,0.,0.961085306551));
#10011 = ORIENTED_EDGE('',*,*,#9967,.T.);
#10012 = PLANE('',#10013);
#10013 = AXIS2_PLACEMENT_3D('',#10014,#10015,#10016);
#10014 = CARTESIAN_POINT('',(0.808672300129,0.88628,-0.504693743096));
#10015 = DIRECTION('',(0.961085306551,0.,0.276251757517));
#10016 = DIRECTION('',(0.276251757517,0.,-0.961085306551));
#10017 = ADVANCED_FACE('',(#10018),#10043,.F.);
#10018 = FACE_BOUND('',#10019,.T.);
#10019 = EDGE_LOOP('',(#10020,#10028,#10036,#10042));
#10020 = ORIENTED_EDGE('',*,*,#10021,.T.);
#10021 = EDGE_CURVE('',#9991,#10022,#10024,.T.);
#10022 = VERTEX_POINT('',#10023);
#10023 = CARTESIAN_POINT('',(0.713981597855,0.88128,-0.4072778601));
#10024 = LINE('',#10025,#10026);
#10025 = CARTESIAN_POINT('',(0.780671342562,0.88128,-0.4072778601));
#10026 = VECTOR('',#10027,1.);
#10027 = DIRECTION('',(-1.,0.,0.));
#10028 = ORIENTED_EDGE('',*,*,#10029,.F.);
#10029 = EDGE_CURVE('',#10030,#10022,#10032,.T.);
#10030 = VERTEX_POINT('',#10031);
#10031 = CARTESIAN_POINT('',(0.713981597855,0.88628,-0.4072778601));
#10032 = LINE('',#10033,#10034);
#10033 = CARTESIAN_POINT('',(0.713981597855,0.88628,-0.4072778601));
#10034 = VECTOR('',#10035,1.);
#10035 = DIRECTION('',(0.,-1.,0.));
#10036 = ORIENTED_EDGE('',*,*,#10037,.F.);
#10037 = EDGE_CURVE('',#9999,#10030,#10038,.T.);
#10038 = LINE('',#10039,#10040);
#10039 = CARTESIAN_POINT('',(0.780671342562,0.88628,-0.4072778601));
#10040 = VECTOR('',#10041,1.);
#10041 = DIRECTION('',(-1.,0.,0.));
#10042 = ORIENTED_EDGE('',*,*,#9998,.T.);
#10043 = PLANE('',#10044);
#10044 = AXIS2_PLACEMENT_3D('',#10045,#10046,#10047);
#10045 = CARTESIAN_POINT('',(0.780671342562,0.88628,-0.4072778601));
#10046 = DIRECTION('',(0.,0.,1.));
#10047 = DIRECTION('',(1.,0.,-0.));
#10048 = ADVANCED_FACE('',(#10049),#10074,.F.);
#10049 = FACE_BOUND('',#10050,.T.);
#10050 = EDGE_LOOP('',(#10051,#10059,#10067,#10073));
#10051 = ORIENTED_EDGE('',*,*,#10052,.T.);
#10052 = EDGE_CURVE('',#10022,#10053,#10055,.T.);
#10053 = VERTEX_POINT('',#10054);
#10054 = CARTESIAN_POINT('',(0.722500988325,0.88128,-0.437178030863));
#10055 = LINE('',#10056,#10057);
#10056 = CARTESIAN_POINT('',(0.713981597855,0.88128,-0.4072778601));
#10057 = VECTOR('',#10058,1.);
#10058 = DIRECTION('',(0.274021776595,0.,-0.961723487262));
#10059 = ORIENTED_EDGE('',*,*,#10060,.F.);
#10060 = EDGE_CURVE('',#10061,#10053,#10063,.T.);
#10061 = VERTEX_POINT('',#10062);
#10062 = CARTESIAN_POINT('',(0.722500988325,0.88628,-0.437178030863));
#10063 = LINE('',#10064,#10065);
#10064 = CARTESIAN_POINT('',(0.722500988325,0.88628,-0.437178030863));
#10065 = VECTOR('',#10066,1.);
#10066 = DIRECTION('',(0.,-1.,0.));
#10067 = ORIENTED_EDGE('',*,*,#10068,.F.);
#10068 = EDGE_CURVE('',#10030,#10061,#10069,.T.);
#10069 = LINE('',#10070,#10071);
#10070 = CARTESIAN_POINT('',(0.713981597855,0.88628,-0.4072778601));
#10071 = VECTOR('',#10072,1.);
#10072 = DIRECTION('',(0.274021776595,0.,-0.961723487262));
#10073 = ORIENTED_EDGE('',*,*,#10029,.T.);
#10074 = PLANE('',#10075);
#10075 = AXIS2_PLACEMENT_3D('',#10076,#10077,#10078);
#10076 = CARTESIAN_POINT('',(0.713981597855,0.88628,-0.4072778601));
#10077 = DIRECTION('',(-0.961723487262,0.,-0.274021776595));
#10078 = DIRECTION('',(-0.274021776595,0.,0.961723487262));
#10079 = ADVANCED_FACE('',(#10080),#10105,.F.);
#10080 = FACE_BOUND('',#10081,.T.);
#10081 = EDGE_LOOP('',(#10082,#10090,#10098,#10104));
#10082 = ORIENTED_EDGE('',*,*,#10083,.T.);
#10083 = EDGE_CURVE('',#10053,#10084,#10086,.T.);
#10084 = VERTEX_POINT('',#10085);
#10085 = CARTESIAN_POINT('',(0.774129445646,0.88128,-0.437178030863));
#10086 = LINE('',#10087,#10088);
#10087 = CARTESIAN_POINT('',(0.722500988325,0.88128,-0.437178030863));
#10088 = VECTOR('',#10089,1.);
#10089 = DIRECTION('',(1.,0.,0.));
#10090 = ORIENTED_EDGE('',*,*,#10091,.F.);
#10091 = EDGE_CURVE('',#10092,#10084,#10094,.T.);
#10092 = VERTEX_POINT('',#10093);
#10093 = CARTESIAN_POINT('',(0.774129445646,0.88628,-0.437178030863));
#10094 = LINE('',#10095,#10096);
#10095 = CARTESIAN_POINT('',(0.774129445646,0.88628,-0.437178030863));
#10096 = VECTOR('',#10097,1.);
#10097 = DIRECTION('',(0.,-1.,0.));
#10098 = ORIENTED_EDGE('',*,*,#10099,.F.);
#10099 = EDGE_CURVE('',#10061,#10092,#10100,.T.);
#10100 = LINE('',#10101,#10102);
#10101 = CARTESIAN_POINT('',(0.722500988325,0.88628,-0.437178030863));
#10102 = VECTOR('',#10103,1.);
#10103 = DIRECTION('',(1.,0.,0.));
#10104 = ORIENTED_EDGE('',*,*,#10060,.T.);
#10105 = PLANE('',#10106);
#10106 = AXIS2_PLACEMENT_3D('',#10107,#10108,#10109);
#10107 = CARTESIAN_POINT('',(0.722500988325,0.88628,-0.437178030863));
#10108 = DIRECTION('',(0.,0.,-1.));
#10109 = DIRECTION('',(-1.,0.,0.));
#10110 = ADVANCED_FACE('',(#10111),#10136,.F.);
#10111 = FACE_BOUND('',#10112,.T.);
#10112 = EDGE_LOOP('',(#10113,#10121,#10129,#10135));
#10113 = ORIENTED_EDGE('',*,*,#10114,.T.);
#10114 = EDGE_CURVE('',#10084,#10115,#10117,.T.);
#10115 = VERTEX_POINT('',#10116);
#10116 = CARTESIAN_POINT('',(0.780481860198,0.88128,-0.459418066123));
#10117 = LINE('',#10118,#10119);
#10118 = CARTESIAN_POINT('',(0.774129445646,0.88128,-0.437178030863));
#10119 = VECTOR('',#10120,1.);
#10120 = DIRECTION('',(0.274645930492,0.,-0.961545429433));
#10121 = ORIENTED_EDGE('',*,*,#10122,.F.);
#10122 = EDGE_CURVE('',#10123,#10115,#10125,.T.);
#10123 = VERTEX_POINT('',#10124);
#10124 = CARTESIAN_POINT('',(0.780481860198,0.88628,-0.459418066123));
#10125 = LINE('',#10126,#10127);
#10126 = CARTESIAN_POINT('',(0.780481860198,0.88628,-0.459418066123));
#10127 = VECTOR('',#10128,1.);
#10128 = DIRECTION('',(0.,-1.,0.));
#10129 = ORIENTED_EDGE('',*,*,#10130,.F.);
#10130 = EDGE_CURVE('',#10092,#10123,#10131,.T.);
#10131 = LINE('',#10132,#10133);
#10132 = CARTESIAN_POINT('',(0.774129445646,0.88628,-0.437178030863));
#10133 = VECTOR('',#10134,1.);
#10134 = DIRECTION('',(0.274645930492,0.,-0.961545429433));
#10135 = ORIENTED_EDGE('',*,*,#10091,.T.);
#10136 = PLANE('',#10137);
#10137 = AXIS2_PLACEMENT_3D('',#10138,#10139,#10140);
#10138 = CARTESIAN_POINT('',(0.774129445646,0.88628,-0.437178030863));
#10139 = DIRECTION('',(-0.961545429433,0.,-0.274645930492));
#10140 = DIRECTION('',(-0.274645930492,0.,0.961545429433));
#10141 = ADVANCED_FACE('',(#10142),#10167,.F.);
#10142 = FACE_BOUND('',#10143,.T.);
#10143 = EDGE_LOOP('',(#10144,#10152,#10160,#10166));
#10144 = ORIENTED_EDGE('',*,*,#10145,.T.);
#10145 = EDGE_CURVE('',#10115,#10146,#10148,.T.);
#10146 = VERTEX_POINT('',#10147);
#10147 = CARTESIAN_POINT('',(0.728846086956,0.88128,-0.459418066123));
#10148 = LINE('',#10149,#10150);
#10149 = CARTESIAN_POINT('',(0.780481860198,0.88128,-0.459418066123));
#10150 = VECTOR('',#10151,1.);
#10151 = DIRECTION('',(-1.,0.,0.));
#10152 = ORIENTED_EDGE('',*,*,#10153,.F.);
#10153 = EDGE_CURVE('',#10154,#10146,#10156,.T.);
#10154 = VERTEX_POINT('',#10155);
#10155 = CARTESIAN_POINT('',(0.728846086956,0.88628,-0.459418066123));
#10156 = LINE('',#10157,#10158);
#10157 = CARTESIAN_POINT('',(0.728846086956,0.88628,-0.459418066123));
#10158 = VECTOR('',#10159,1.);
#10159 = DIRECTION('',(0.,-1.,0.));
#10160 = ORIENTED_EDGE('',*,*,#10161,.F.);
#10161 = EDGE_CURVE('',#10123,#10154,#10162,.T.);
#10162 = LINE('',#10163,#10164);
#10163 = CARTESIAN_POINT('',(0.780481860198,0.88628,-0.459418066123));
#10164 = VECTOR('',#10165,1.);
#10165 = DIRECTION('',(-1.,0.,0.));
#10166 = ORIENTED_EDGE('',*,*,#10122,.T.);
#10167 = PLANE('',#10168);
#10168 = AXIS2_PLACEMENT_3D('',#10169,#10170,#10171);
#10169 = CARTESIAN_POINT('',(0.780481860198,0.88628,-0.459418066123));
#10170 = DIRECTION('',(0.,0.,1.));
#10171 = DIRECTION('',(1.,0.,-0.));
#10172 = ADVANCED_FACE('',(#10173),#10198,.F.);
#10173 = FACE_BOUND('',#10174,.T.);
#10174 = EDGE_LOOP('',(#10175,#10183,#10191,#10197));
#10175 = ORIENTED_EDGE('',*,*,#10176,.T.);
#10176 = EDGE_CURVE('',#10146,#10177,#10179,.T.);
#10177 = VERTEX_POINT('',#10178);
#10178 = CARTESIAN_POINT('',(0.735357257002,0.88128,-0.481794543317));
#10179 = LINE('',#10180,#10181);
#10180 = CARTESIAN_POINT('',(0.728846086956,0.88128,-0.459418066123));
#10181 = VECTOR('',#10182,1.);
#10182 = DIRECTION('',(0.279394794088,0.,-0.960176311433));
#10183 = ORIENTED_EDGE('',*,*,#10184,.F.);
#10184 = EDGE_CURVE('',#10185,#10177,#10187,.T.);
#10185 = VERTEX_POINT('',#10186);
#10186 = CARTESIAN_POINT('',(0.735357257002,0.88628,-0.481794543317));
#10187 = LINE('',#10188,#10189);
#10188 = CARTESIAN_POINT('',(0.735357257002,0.88628,-0.481794543317));
#10189 = VECTOR('',#10190,1.);
#10190 = DIRECTION('',(0.,-1.,0.));
#10191 = ORIENTED_EDGE('',*,*,#10192,.F.);
#10192 = EDGE_CURVE('',#10154,#10185,#10193,.T.);
#10193 = LINE('',#10194,#10195);
#10194 = CARTESIAN_POINT('',(0.728846086956,0.88628,-0.459418066123));
#10195 = VECTOR('',#10196,1.);
#10196 = DIRECTION('',(0.279394794088,0.,-0.960176311433));
#10197 = ORIENTED_EDGE('',*,*,#10153,.T.);
#10198 = PLANE('',#10199);
#10199 = AXIS2_PLACEMENT_3D('',#10200,#10201,#10202);
#10200 = CARTESIAN_POINT('',(0.728846086956,0.88628,-0.459418066123));
#10201 = DIRECTION('',(-0.960176311433,0.,-0.279394794088));
#10202 = DIRECTION('',(-0.279394794088,0.,0.960176311433));
#10203 = ADVANCED_FACE('',(#10204),#10229,.F.);
#10204 = FACE_BOUND('',#10205,.T.);
#10205 = EDGE_LOOP('',(#10206,#10214,#10222,#10228));
#10206 = ORIENTED_EDGE('',*,*,#10207,.T.);
#10207 = EDGE_CURVE('',#10177,#10208,#10210,.T.);
#10208 = VERTEX_POINT('',#10209);
#10209 = CARTESIAN_POINT('',(0.790168871724,0.88128,-0.481794543317));
#10210 = LINE('',#10211,#10212);
#10211 = CARTESIAN_POINT('',(0.735357257002,0.88128,-0.481794543317));
#10212 = VECTOR('',#10213,1.);
#10213 = DIRECTION('',(1.,0.,0.));
#10214 = ORIENTED_EDGE('',*,*,#10215,.F.);
#10215 = EDGE_CURVE('',#10216,#10208,#10218,.T.);
#10216 = VERTEX_POINT('',#10217);
#10217 = CARTESIAN_POINT('',(0.790168871724,0.88628,-0.481794543317));
#10218 = LINE('',#10219,#10220);
#10219 = CARTESIAN_POINT('',(0.790168871724,0.88628,-0.481794543317));
#10220 = VECTOR('',#10221,1.);
#10221 = DIRECTION('',(0.,-1.,0.));
#10222 = ORIENTED_EDGE('',*,*,#10223,.F.);
#10223 = EDGE_CURVE('',#10185,#10216,#10224,.T.);
#10224 = LINE('',#10225,#10226);
#10225 = CARTESIAN_POINT('',(0.735357257002,0.88628,-0.481794543317));
#10226 = VECTOR('',#10227,1.);
#10227 = DIRECTION('',(1.,0.,0.));
#10228 = ORIENTED_EDGE('',*,*,#10184,.T.);
#10229 = PLANE('',#10230);
#10230 = AXIS2_PLACEMENT_3D('',#10231,#10232,#10233);
#10231 = CARTESIAN_POINT('',(0.735357257002,0.88628,-0.481794543317));
#10232 = DIRECTION('',(0.,0.,-1.));
#10233 = DIRECTION('',(-1.,0.,0.));
#10234 = ADVANCED_FACE('',(#10235),#10260,.F.);
#10235 = FACE_BOUND('',#10236,.T.);
#10236 = EDGE_LOOP('',(#10237,#10245,#10253,#10259));
#10237 = ORIENTED_EDGE('',*,*,#10238,.T.);
#10238 = EDGE_CURVE('',#10208,#10239,#10241,.T.);
#10239 = VERTEX_POINT('',#10240);
#10240 = CARTESIAN_POINT('',(0.796672725849,0.88128,-0.504693743096));
#10241 = LINE('',#10242,#10243);
#10242 = CARTESIAN_POINT('',(0.790168871724,0.88128,-0.481794543317));
#10243 = VECTOR('',#10244,1.);
#10244 = DIRECTION('',(0.273214882175,0.,-0.961953028042));
#10245 = ORIENTED_EDGE('',*,*,#10246,.F.);
#10246 = EDGE_CURVE('',#10247,#10239,#10249,.T.);
#10247 = VERTEX_POINT('',#10248);
#10248 = CARTESIAN_POINT('',(0.796672725849,0.88628,-0.504693743096));
#10249 = LINE('',#10250,#10251);
#10250 = CARTESIAN_POINT('',(0.796672725849,0.88628,-0.504693743096));
#10251 = VECTOR('',#10252,1.);
#10252 = DIRECTION('',(0.,-1.,0.));
#10253 = ORIENTED_EDGE('',*,*,#10254,.F.);
#10254 = EDGE_CURVE('',#10216,#10247,#10255,.T.);
#10255 = LINE('',#10256,#10257);
#10256 = CARTESIAN_POINT('',(0.790168871724,0.88628,-0.481794543317));
#10257 = VECTOR('',#10258,1.);
#10258 = DIRECTION('',(0.273214882175,0.,-0.961953028042));
#10259 = ORIENTED_EDGE('',*,*,#10215,.T.);
#10260 = PLANE('',#10261);
#10261 = AXIS2_PLACEMENT_3D('',#10262,#10263,#10264);
#10262 = CARTESIAN_POINT('',(0.790168871724,0.88628,-0.481794543317));
#10263 = DIRECTION('',(-0.961953028042,0.,-0.273214882175));
#10264 = DIRECTION('',(-0.273214882175,0.,0.961953028042));
#10265 = ADVANCED_FACE('',(#10266),#10291,.F.);
#10266 = FACE_BOUND('',#10267,.T.);
#10267 = EDGE_LOOP('',(#10268,#10276,#10284,#10290));
#10268 = ORIENTED_EDGE('',*,*,#10269,.T.);
#10269 = EDGE_CURVE('',#10239,#10270,#10272,.T.);
#10270 = VERTEX_POINT('',#10271);
#10271 = CARTESIAN_POINT('',(0.707796352108,0.88128,-0.504693743096));
#10272 = LINE('',#10273,#10274);
#10273 = CARTESIAN_POINT('',(0.796672725849,0.88128,-0.504693743096));
#10274 = VECTOR('',#10275,1.);
#10275 = DIRECTION('',(-1.,0.,0.));
#10276 = ORIENTED_EDGE('',*,*,#10277,.F.);
#10277 = EDGE_CURVE('',#10278,#10270,#10280,.T.);
#10278 = VERTEX_POINT('',#10279);
#10279 = CARTESIAN_POINT('',(0.707796352108,0.88628,-0.504693743096));
#10280 = LINE('',#10281,#10282);
#10281 = CARTESIAN_POINT('',(0.707796352108,0.88628,-0.504693743096));
#10282 = VECTOR('',#10283,1.);
#10283 = DIRECTION('',(0.,-1.,0.));
#10284 = ORIENTED_EDGE('',*,*,#10285,.F.);
#10285 = EDGE_CURVE('',#10247,#10278,#10286,.T.);
#10286 = LINE('',#10287,#10288);
#10287 = CARTESIAN_POINT('',(0.796672725849,0.88628,-0.504693743096));
#10288 = VECTOR('',#10289,1.);
#10289 = DIRECTION('',(-1.,0.,0.));
#10290 = ORIENTED_EDGE('',*,*,#10246,.T.);
#10291 = PLANE('',#10292);
#10292 = AXIS2_PLACEMENT_3D('',#10293,#10294,#10295);
#10293 = CARTESIAN_POINT('',(0.796672725849,0.88628,-0.504693743096));
#10294 = DIRECTION('',(0.,0.,1.));
#10295 = DIRECTION('',(1.,0.,-0.));
#10296 = ADVANCED_FACE('',(#10297),#10322,.F.);
#10297 = FACE_BOUND('',#10298,.T.);
#10298 = EDGE_LOOP('',(#10299,#10307,#10315,#10321));
#10299 = ORIENTED_EDGE('',*,*,#10300,.T.);
#10300 = EDGE_CURVE('',#10270,#10301,#10303,.T.);
#10301 = VERTEX_POINT('',#10302);
#10302 = CARTESIAN_POINT('',(0.673177777742,0.88128,-0.38439));
#10303 = LINE('',#10304,#10305);
#10304 = CARTESIAN_POINT('',(0.707796352108,0.88128,-0.504693743096));
#10305 = VECTOR('',#10306,1.);
#10306 = DIRECTION('',(-0.276537975025,0.,0.961002990822));
#10307 = ORIENTED_EDGE('',*,*,#10308,.F.);
#10308 = EDGE_CURVE('',#10309,#10301,#10311,.T.);
#10309 = VERTEX_POINT('',#10310);
#10310 = CARTESIAN_POINT('',(0.673177777742,0.88628,-0.38439));
#10311 = LINE('',#10312,#10313);
#10312 = CARTESIAN_POINT('',(0.673177777742,0.88628,-0.38439));
#10313 = VECTOR('',#10314,1.);
#10314 = DIRECTION('',(0.,-1.,0.));
#10315 = ORIENTED_EDGE('',*,*,#10316,.F.);
#10316 = EDGE_CURVE('',#10278,#10309,#10317,.T.);
#10317 = LINE('',#10318,#10319);
#10318 = CARTESIAN_POINT('',(0.707796352108,0.88628,-0.504693743096));
#10319 = VECTOR('',#10320,1.);
#10320 = DIRECTION('',(-0.276537975025,0.,0.961002990822));
#10321 = ORIENTED_EDGE('',*,*,#10277,.T.);
#10322 = PLANE('',#10323);
#10323 = AXIS2_PLACEMENT_3D('',#10324,#10325,#10326);
#10324 = CARTESIAN_POINT('',(0.707796352108,0.88628,-0.504693743096));
#10325 = DIRECTION('',(0.961002990822,0.,0.276537975025));
#10326 = DIRECTION('',(0.276537975025,0.,-0.961002990822));
#10327 = ADVANCED_FACE('',(#10328),#10353,.F.);
#10328 = FACE_BOUND('',#10329,.T.);
#10329 = EDGE_LOOP('',(#10330,#10338,#10346,#10352));
#10330 = ORIENTED_EDGE('',*,*,#10331,.T.);
#10331 = EDGE_CURVE('',#10301,#10332,#10334,.T.);
#10332 = VERTEX_POINT('',#10333);
#10333 = CARTESIAN_POINT('',(0.802781885917,0.88128,-0.38439));
#10334 = LINE('',#10335,#10336);
#10335 = CARTESIAN_POINT('',(0.781368183979,0.88128,-0.38439));
#10336 = VECTOR('',#10337,1.);
#10337 = DIRECTION('',(1.,0.,-2.459231407382E-15));
#10338 = ORIENTED_EDGE('',*,*,#10339,.F.);
#10339 = EDGE_CURVE('',#10340,#10332,#10342,.T.);
#10340 = VERTEX_POINT('',#10341);
#10341 = CARTESIAN_POINT('',(0.802781885917,0.88628,-0.38439));
#10342 = LINE('',#10343,#10344);
#10343 = CARTESIAN_POINT('',(0.802781885917,0.88628,-0.38439));
#10344 = VECTOR('',#10345,1.);
#10345 = DIRECTION('',(0.,-1.,0.));
#10346 = ORIENTED_EDGE('',*,*,#10347,.F.);
#10347 = EDGE_CURVE('',#10309,#10340,#10348,.T.);
#10348 = LINE('',#10349,#10350);
#10349 = CARTESIAN_POINT('',(0.673177777742,0.88628,-0.38439));
#10350 = VECTOR('',#10351,1.);
#10351 = DIRECTION('',(1.,0.,0.));
#10352 = ORIENTED_EDGE('',*,*,#10308,.T.);
#10353 = PLANE('',#10354);
#10354 = AXIS2_PLACEMENT_3D('',#10355,#10356,#10357);
#10355 = CARTESIAN_POINT('',(0.781368183979,0.88628,-0.38439));
#10356 = DIRECTION('',(-2.459231407382E-15,0.,-1.));
#10357 = DIRECTION('',(-1.,0.,2.459231407382E-15));
#10358 = ADVANCED_FACE('',(#10359),#10384,.F.);
#10359 = FACE_BOUND('',#10360,.T.);
#10360 = EDGE_LOOP('',(#10361,#10369,#10377,#10383));
#10361 = ORIENTED_EDGE('',*,*,#10362,.T.);
#10362 = EDGE_CURVE('',#10332,#10363,#10365,.T.);
#10363 = VERTEX_POINT('',#10364);
#10364 = CARTESIAN_POINT('',(0.833534361523,0.88128,-0.491493260318));
#10365 = LINE('',#10366,#10367);
#10366 = CARTESIAN_POINT('',(0.802781885917,0.88128,-0.38439));
#10367 = VECTOR('',#10368,1.);
#10368 = DIRECTION('',(0.275978236559,0.,-0.961163884541));
#10369 = ORIENTED_EDGE('',*,*,#10370,.F.);
#10370 = EDGE_CURVE('',#10371,#10363,#10373,.T.);
#10371 = VERTEX_POINT('',#10372);
#10372 = CARTESIAN_POINT('',(0.833534361523,0.88628,-0.491493260318));
#10373 = LINE('',#10374,#10375);
#10374 = CARTESIAN_POINT('',(0.833534361523,0.88628,-0.491493260318));
#10375 = VECTOR('',#10376,1.);
#10376 = DIRECTION('',(0.,-1.,0.));
#10377 = ORIENTED_EDGE('',*,*,#10378,.F.);
#10378 = EDGE_CURVE('',#10340,#10371,#10379,.T.);
#10379 = LINE('',#10380,#10381);
#10380 = CARTESIAN_POINT('',(0.802781885917,0.88628,-0.38439));
#10381 = VECTOR('',#10382,1.);
#10382 = DIRECTION('',(0.275978236559,0.,-0.961163884541));
#10383 = ORIENTED_EDGE('',*,*,#10339,.T.);
#10384 = PLANE('',#10385);
#10385 = AXIS2_PLACEMENT_3D('',#10386,#10387,#10388);
#10386 = CARTESIAN_POINT('',(0.802781885917,0.88628,-0.38439));
#10387 = DIRECTION('',(-0.961163884541,0.,-0.275978236559));
#10388 = DIRECTION('',(-0.275978236559,0.,0.961163884541));
#10389 = ADVANCED_FACE('',(#10390),#10415,.F.);
#10390 = FACE_BOUND('',#10391,.T.);
#10391 = EDGE_LOOP('',(#10392,#10400,#10408,#10414));
#10392 = ORIENTED_EDGE('',*,*,#10393,.T.);
#10393 = EDGE_CURVE('',#10363,#10394,#10396,.T.);
#10394 = VERTEX_POINT('',#10395);
#10395 = CARTESIAN_POINT('',(0.827530916422,0.88128,-0.38439));
#10396 = LINE('',#10397,#10398);
#10397 = CARTESIAN_POINT('',(0.833534361523,0.88128,-0.491493260318));
#10398 = VECTOR('',#10399,1.);
#10399 = DIRECTION('',(-5.596501978068E-02,0.,0.998432730113));
#10400 = ORIENTED_EDGE('',*,*,#10401,.F.);
#10401 = EDGE_CURVE('',#10402,#10394,#10404,.T.);
#10402 = VERTEX_POINT('',#10403);
#10403 = CARTESIAN_POINT('',(0.827530916422,0.88628,-0.38439));
#10404 = LINE('',#10405,#10406);
#10405 = CARTESIAN_POINT('',(0.827530916422,0.88628,-0.38439));
#10406 = VECTOR('',#10407,1.);
#10407 = DIRECTION('',(0.,-1.,0.));
#10408 = ORIENTED_EDGE('',*,*,#10409,.F.);
#10409 = EDGE_CURVE('',#10371,#10402,#10410,.T.);
#10410 = LINE('',#10411,#10412);
#10411 = CARTESIAN_POINT('',(0.833534361523,0.88628,-0.491493260318));
#10412 = VECTOR('',#10413,1.);
#10413 = DIRECTION('',(-5.596501978068E-02,0.,0.998432730113));
#10414 = ORIENTED_EDGE('',*,*,#10370,.T.);
#10415 = PLANE('',#10416);
#10416 = AXIS2_PLACEMENT_3D('',#10417,#10418,#10419);
#10417 = CARTESIAN_POINT('',(0.833534361523,0.88628,-0.491493260318));
#10418 = DIRECTION('',(0.998432730113,0.,5.596501978068E-02));
#10419 = DIRECTION('',(5.596501978068E-02,0.,-0.998432730113));
#10420 = ADVANCED_FACE('',(#10421),#10446,.F.);
#10421 = FACE_BOUND('',#10422,.T.);
#10422 = EDGE_LOOP('',(#10423,#10431,#10439,#10445));
#10423 = ORIENTED_EDGE('',*,*,#10424,.T.);
#10424 = EDGE_CURVE('',#10394,#10425,#10427,.T.);
#10425 = VERTEX_POINT('',#10426);
#10426 = CARTESIAN_POINT('',(0.859602818452,0.88128,-0.38439));
#10427 = LINE('',#10428,#10429);
#10428 = CARTESIAN_POINT('',(0.827530916422,0.88128,-0.38439));
#10429 = VECTOR('',#10430,1.);
#10430 = DIRECTION('',(1.,0.,0.));
#10431 = ORIENTED_EDGE('',*,*,#10432,.F.);
#10432 = EDGE_CURVE('',#10433,#10425,#10435,.T.);
#10433 = VERTEX_POINT('',#10434);
#10434 = CARTESIAN_POINT('',(0.859602818452,0.88628,-0.38439));
#10435 = LINE('',#10436,#10437);
#10436 = CARTESIAN_POINT('',(0.859602818452,0.88628,-0.38439));
#10437 = VECTOR('',#10438,1.);
#10438 = DIRECTION('',(0.,-1.,0.));
#10439 = ORIENTED_EDGE('',*,*,#10440,.F.);
#10440 = EDGE_CURVE('',#10402,#10433,#10441,.T.);
#10441 = LINE('',#10442,#10443);
#10442 = CARTESIAN_POINT('',(0.827530916422,0.88628,-0.38439));
#10443 = VECTOR('',#10444,1.);
#10444 = DIRECTION('',(1.,0.,0.));
#10445 = ORIENTED_EDGE('',*,*,#10401,.T.);
#10446 = PLANE('',#10447);
#10447 = AXIS2_PLACEMENT_3D('',#10448,#10449,#10450);
#10448 = CARTESIAN_POINT('',(0.827530916422,0.88628,-0.38439));
#10449 = DIRECTION('',(0.,0.,-1.));
#10450 = DIRECTION('',(-1.,0.,0.));
#10451 = ADVANCED_FACE('',(#10452),#10477,.F.);
#10452 = FACE_BOUND('',#10453,.T.);
#10453 = EDGE_LOOP('',(#10454,#10462,#10470,#10476));
#10454 = ORIENTED_EDGE('',*,*,#10455,.T.);
#10455 = EDGE_CURVE('',#10425,#10456,#10458,.T.);
#10456 = VERTEX_POINT('',#10457);
#10457 = CARTESIAN_POINT('',(0.916415337677,0.88128,-0.492009032776));
#10458 = LINE('',#10459,#10460);
#10459 = CARTESIAN_POINT('',(0.859602818452,0.88128,-0.38439));
#10460 = VECTOR('',#10461,1.);
#10461 = DIRECTION('',(0.466845930496,0.,-0.884338666564));
#10462 = ORIENTED_EDGE('',*,*,#10463,.F.);
#10463 = EDGE_CURVE('',#10464,#10456,#10466,.T.);
#10464 = VERTEX_POINT('',#10465);
#10465 = CARTESIAN_POINT('',(0.916415337677,0.88628,-0.492009032776));
#10466 = LINE('',#10467,#10468);
#10467 = CARTESIAN_POINT('',(0.916415337677,0.88628,-0.492009032776));
#10468 = VECTOR('',#10469,1.);
#10469 = DIRECTION('',(0.,-1.,0.));
#10470 = ORIENTED_EDGE('',*,*,#10471,.F.);
#10471 = EDGE_CURVE('',#10433,#10464,#10472,.T.);
#10472 = LINE('',#10473,#10474);
#10473 = CARTESIAN_POINT('',(0.859602818452,0.88628,-0.38439));
#10474 = VECTOR('',#10475,1.);
#10475 = DIRECTION('',(0.466845930496,0.,-0.884338666564));
#10476 = ORIENTED_EDGE('',*,*,#10432,.T.);
#10477 = PLANE('',#10478);
#10478 = AXIS2_PLACEMENT_3D('',#10479,#10480,#10481);
#10479 = CARTESIAN_POINT('',(0.859602818452,0.88628,-0.38439));
#10480 = DIRECTION('',(-0.884338666564,0.,-0.466845930496));
#10481 = DIRECTION('',(-0.466845930496,0.,0.884338666564));
#10482 = ADVANCED_FACE('',(#10483),#10508,.F.);
#10483 = FACE_BOUND('',#10484,.T.);
#10484 = EDGE_LOOP('',(#10485,#10493,#10501,#10507));
#10485 = ORIENTED_EDGE('',*,*,#10486,.T.);
#10486 = EDGE_CURVE('',#10456,#10487,#10489,.T.);
#10487 = VERTEX_POINT('',#10488);
#10488 = CARTESIAN_POINT('',(0.885510690906,0.88128,-0.38439));
#10489 = LINE('',#10490,#10491);
#10490 = CARTESIAN_POINT('',(0.916415337677,0.88128,-0.492009032776));
#10491 = VECTOR('',#10492,1.);
#10492 = DIRECTION('',(-0.276011881897,0.,0.961154223344));
#10493 = ORIENTED_EDGE('',*,*,#10494,.F.);
#10494 = EDGE_CURVE('',#10495,#10487,#10497,.T.);
#10495 = VERTEX_POINT('',#10496);
#10496 = CARTESIAN_POINT('',(0.885510690906,0.88628,-0.38439));
#10497 = LINE('',#10498,#10499);
#10498 = CARTESIAN_POINT('',(0.885510690906,0.88628,-0.38439));
#10499 = VECTOR('',#10500,1.);
#10500 = DIRECTION('',(0.,-1.,0.));
#10501 = ORIENTED_EDGE('',*,*,#10502,.F.);
#10502 = EDGE_CURVE('',#10464,#10495,#10503,.T.);
#10503 = LINE('',#10504,#10505);
#10504 = CARTESIAN_POINT('',(0.916415337677,0.88628,-0.492009032776));
#10505 = VECTOR('',#10506,1.);
#10506 = DIRECTION('',(-0.276011881897,0.,0.961154223344));
#10507 = ORIENTED_EDGE('',*,*,#10463,.T.);
#10508 = PLANE('',#10509);
#10509 = AXIS2_PLACEMENT_3D('',#10510,#10511,#10512);
#10510 = CARTESIAN_POINT('',(0.916415337677,0.88628,-0.492009032776));
#10511 = DIRECTION('',(0.961154223344,0.,0.276011881897));
#10512 = DIRECTION('',(0.276011881897,0.,-0.961154223344));
#10513 = ADVANCED_FACE('',(#10514),#10539,.F.);
#10514 = FACE_BOUND('',#10515,.T.);
#10515 = EDGE_LOOP('',(#10516,#10524,#10532,#10538));
#10516 = ORIENTED_EDGE('',*,*,#10517,.T.);
#10517 = EDGE_CURVE('',#10487,#10518,#10520,.T.);
#10518 = VERTEX_POINT('',#10519);
#10519 = CARTESIAN_POINT('',(0.916081731661,0.88128,-0.38439));
#10520 = LINE('',#10521,#10522);
#10521 = CARTESIAN_POINT('',(0.885510690906,0.88128,-0.38439));
#10522 = VECTOR('',#10523,1.);
#10523 = DIRECTION('',(1.,0.,0.));
#10524 = ORIENTED_EDGE('',*,*,#10525,.F.);
#10525 = EDGE_CURVE('',#10526,#10518,#10528,.T.);
#10526 = VERTEX_POINT('',#10527);
#10527 = CARTESIAN_POINT('',(0.916081731661,0.88628,-0.38439));
#10528 = LINE('',#10529,#10530);
#10529 = CARTESIAN_POINT('',(0.916081731661,0.88628,-0.38439));
#10530 = VECTOR('',#10531,1.);
#10531 = DIRECTION('',(0.,-1.,0.));
#10532 = ORIENTED_EDGE('',*,*,#10533,.F.);
#10533 = EDGE_CURVE('',#10495,#10526,#10534,.T.);
#10534 = LINE('',#10535,#10536);
#10535 = CARTESIAN_POINT('',(0.885510690906,0.88628,-0.38439));
#10536 = VECTOR('',#10537,1.);
#10537 = DIRECTION('',(1.,0.,0.));
#10538 = ORIENTED_EDGE('',*,*,#10494,.T.);
#10539 = PLANE('',#10540);
#10540 = AXIS2_PLACEMENT_3D('',#10541,#10542,#10543);
#10541 = CARTESIAN_POINT('',(0.885510690906,0.88628,-0.38439));
#10542 = DIRECTION('',(0.,0.,-1.));
#10543 = DIRECTION('',(-1.,0.,0.));
#10544 = ADVANCED_FACE('',(#10545),#10561,.F.);
#10545 = FACE_BOUND('',#10546,.T.);
#10546 = EDGE_LOOP('',(#10547,#10553,#10554,#10560));
#10547 = ORIENTED_EDGE('',*,*,#10548,.T.);
#10548 = EDGE_CURVE('',#10518,#9858,#10549,.T.);
#10549 = LINE('',#10550,#10551);
#10550 = CARTESIAN_POINT('',(0.916081731661,0.88128,-0.38439));
#10551 = VECTOR('',#10552,1.);
#10552 = DIRECTION('',(0.276313970254,0.,-0.961067422111));
#10553 = ORIENTED_EDGE('',*,*,#9883,.F.);
#10554 = ORIENTED_EDGE('',*,*,#10555,.F.);
#10555 = EDGE_CURVE('',#10526,#9876,#10556,.T.);
#10556 = LINE('',#10557,#10558);
#10557 = CARTESIAN_POINT('',(0.916081731661,0.88628,-0.38439));
#10558 = VECTOR('',#10559,1.);
#10559 = DIRECTION('',(0.276313970254,0.,-0.961067422111));
#10560 = ORIENTED_EDGE('',*,*,#10525,.T.);
#10561 = PLANE('',#10562);
#10562 = AXIS2_PLACEMENT_3D('',#10563,#10564,#10565);
#10563 = CARTESIAN_POINT('',(0.916081731661,0.88628,-0.38439));
#10564 = DIRECTION('',(-0.961067422111,0.,-0.276313970254));
#10565 = DIRECTION('',(-0.276313970254,0.,0.961067422111));
#10566 = ADVANCED_FACE('',(#10567),#10592,.F.);
#10567 = FACE_BOUND('',#10568,.T.);
#10568 = EDGE_LOOP('',(#10569,#10570,#10571,#10572,#10573,#10574,#10575,
    #10576,#10577,#10578,#10579,#10580,#10581,#10582,#10583,#10584,
    #10585,#10586,#10587,#10588,#10589,#10590,#10591));
#10569 = ORIENTED_EDGE('',*,*,#9875,.T.);
#10570 = ORIENTED_EDGE('',*,*,#9913,.T.);
#10571 = ORIENTED_EDGE('',*,*,#9944,.T.);
#10572 = ORIENTED_EDGE('',*,*,#9975,.T.);
#10573 = ORIENTED_EDGE('',*,*,#10006,.T.);
#10574 = ORIENTED_EDGE('',*,*,#10037,.T.);
#10575 = ORIENTED_EDGE('',*,*,#10068,.T.);
#10576 = ORIENTED_EDGE('',*,*,#10099,.T.);
#10577 = ORIENTED_EDGE('',*,*,#10130,.T.);
#10578 = ORIENTED_EDGE('',*,*,#10161,.T.);
#10579 = ORIENTED_EDGE('',*,*,#10192,.T.);
#10580 = ORIENTED_EDGE('',*,*,#10223,.T.);
#10581 = ORIENTED_EDGE('',*,*,#10254,.T.);
#10582 = ORIENTED_EDGE('',*,*,#10285,.T.);
#10583 = ORIENTED_EDGE('',*,*,#10316,.T.);
#10584 = ORIENTED_EDGE('',*,*,#10347,.T.);
#10585 = ORIENTED_EDGE('',*,*,#10378,.T.);
#10586 = ORIENTED_EDGE('',*,*,#10409,.T.);
#10587 = ORIENTED_EDGE('',*,*,#10440,.T.);
#10588 = ORIENTED_EDGE('',*,*,#10471,.T.);
#10589 = ORIENTED_EDGE('',*,*,#10502,.T.);
#10590 = ORIENTED_EDGE('',*,*,#10533,.T.);
#10591 = ORIENTED_EDGE('',*,*,#10555,.T.);
#10592 = PLANE('',#10593);
#10593 = AXIS2_PLACEMENT_3D('',#10594,#10595,#10596);
#10594 = CARTESIAN_POINT('',(-1.128138252572E-04,0.88628,
    2.017835768258E-02));
#10595 = DIRECTION('',(0.,-1.,0.));
#10596 = DIRECTION('',(0.,0.,-1.));
#10597 = ADVANCED_FACE('',(#10598),#10623,.T.);
#10598 = FACE_BOUND('',#10599,.T.);
#10599 = EDGE_LOOP('',(#10600,#10601,#10602,#10603,#10604,#10605,#10606,
    #10607,#10608,#10609,#10610,#10611,#10612,#10613,#10614,#10615,
    #10616,#10617,#10618,#10619,#10620,#10621,#10622));
#10600 = ORIENTED_EDGE('',*,*,#9857,.F.);
#10601 = ORIENTED_EDGE('',*,*,#10548,.F.);
#10602 = ORIENTED_EDGE('',*,*,#10517,.F.);
#10603 = ORIENTED_EDGE('',*,*,#10486,.F.);
#10604 = ORIENTED_EDGE('',*,*,#10455,.F.);
#10605 = ORIENTED_EDGE('',*,*,#10424,.F.);
#10606 = ORIENTED_EDGE('',*,*,#10393,.F.);
#10607 = ORIENTED_EDGE('',*,*,#10362,.F.);
#10608 = ORIENTED_EDGE('',*,*,#10331,.F.);
#10609 = ORIENTED_EDGE('',*,*,#10300,.F.);
#10610 = ORIENTED_EDGE('',*,*,#10269,.F.);
#10611 = ORIENTED_EDGE('',*,*,#10238,.F.);
#10612 = ORIENTED_EDGE('',*,*,#10207,.F.);
#10613 = ORIENTED_EDGE('',*,*,#10176,.F.);
#10614 = ORIENTED_EDGE('',*,*,#10145,.F.);
#10615 = ORIENTED_EDGE('',*,*,#10114,.F.);
#10616 = ORIENTED_EDGE('',*,*,#10083,.F.);
#10617 = ORIENTED_EDGE('',*,*,#10052,.F.);
#10618 = ORIENTED_EDGE('',*,*,#10021,.F.);
#10619 = ORIENTED_EDGE('',*,*,#9990,.F.);
#10620 = ORIENTED_EDGE('',*,*,#9959,.F.);
#10621 = ORIENTED_EDGE('',*,*,#9928,.F.);
#10622 = ORIENTED_EDGE('',*,*,#9897,.F.);
#10623 = PLANE('',#10624);
#10624 = AXIS2_PLACEMENT_3D('',#10625,#10626,#10627);
#10625 = CARTESIAN_POINT('',(-1.128138252572E-04,0.88128,
    2.017835768258E-02));
#10626 = DIRECTION('',(0.,-1.,0.));
#10627 = DIRECTION('',(0.,0.,-1.));
#10628 = MANIFOLD_SOLID_BREP('',#10629);
#10629 = CLOSED_SHELL('',(#10630,#10670,#10701,#10732,#10763,#10794,
    #10825,#10856,#10887,#10918,#10949,#10971,#10990));
#10630 = ADVANCED_FACE('',(#10631),#10665,.F.);
#10631 = FACE_BOUND('',#10632,.T.);
#10632 = EDGE_LOOP('',(#10633,#10643,#10651,#10659));
#10633 = ORIENTED_EDGE('',*,*,#10634,.T.);
#10634 = EDGE_CURVE('',#10635,#10637,#10639,.T.);
#10635 = VERTEX_POINT('',#10636);
#10636 = CARTESIAN_POINT('',(0.578573215557,0.88128,-0.504693743096));
#10637 = VERTEX_POINT('',#10638);
#10638 = CARTESIAN_POINT('',(0.544,0.88128,-0.38439));
#10639 = LINE('',#10640,#10641);
#10640 = CARTESIAN_POINT('',(0.544,0.88128,-0.38439));
#10641 = VECTOR('',#10642,1.);
#10642 = DIRECTION('',(-0.276203301025,0.,0.961099233432));
#10643 = ORIENTED_EDGE('',*,*,#10644,.F.);
#10644 = EDGE_CURVE('',#10645,#10637,#10647,.T.);
#10645 = VERTEX_POINT('',#10646);
#10646 = CARTESIAN_POINT('',(0.544,0.88628,-0.38439));
#10647 = LINE('',#10648,#10649);
#10648 = CARTESIAN_POINT('',(0.544,0.88628,-0.38439));
#10649 = VECTOR('',#10650,1.);
#10650 = DIRECTION('',(0.,-1.,0.));
#10651 = ORIENTED_EDGE('',*,*,#10652,.F.);
#10652 = EDGE_CURVE('',#10653,#10645,#10655,.T.);
#10653 = VERTEX_POINT('',#10654);
#10654 = CARTESIAN_POINT('',(0.578573215557,0.88628,-0.504693743096));
#10655 = LINE('',#10656,#10657);
#10656 = CARTESIAN_POINT('',(0.544,0.88628,-0.38439));
#10657 = VECTOR('',#10658,1.);
#10658 = DIRECTION('',(-0.276203301025,0.,0.961099233432));
#10659 = ORIENTED_EDGE('',*,*,#10660,.T.);
#10660 = EDGE_CURVE('',#10653,#10635,#10661,.T.);
#10661 = LINE('',#10662,#10663);
#10662 = CARTESIAN_POINT('',(0.578573215557,0.88628,-0.504693743096));
#10663 = VECTOR('',#10664,1.);
#10664 = DIRECTION('',(0.,-1.,0.));
#10665 = PLANE('',#10666);
#10666 = AXIS2_PLACEMENT_3D('',#10667,#10668,#10669);
#10667 = CARTESIAN_POINT('',(0.544,0.88628,-0.38439));
#10668 = DIRECTION('',(0.961099233432,0.,0.276203301025));
#10669 = DIRECTION('',(0.276203301025,0.,-0.961099233432));
#10670 = ADVANCED_FACE('',(#10671),#10696,.F.);
#10671 = FACE_BOUND('',#10672,.T.);
#10672 = EDGE_LOOP('',(#10673,#10681,#10689,#10695));
#10673 = ORIENTED_EDGE('',*,*,#10674,.T.);
#10674 = EDGE_CURVE('',#10637,#10675,#10677,.T.);
#10675 = VERTEX_POINT('',#10676);
#10676 = CARTESIAN_POINT('',(0.578208882574,0.88128,-0.38439));
#10677 = LINE('',#10678,#10679);
#10678 = CARTESIAN_POINT('',(0.578208882574,0.88128,-0.38439));
#10679 = VECTOR('',#10680,1.);
#10680 = DIRECTION('',(1.,0.,1.539402763018E-15));
#10681 = ORIENTED_EDGE('',*,*,#10682,.F.);
#10682 = EDGE_CURVE('',#10683,#10675,#10685,.T.);
#10683 = VERTEX_POINT('',#10684);
#10684 = CARTESIAN_POINT('',(0.578208882574,0.88628,-0.38439));
#10685 = LINE('',#10686,#10687);
#10686 = CARTESIAN_POINT('',(0.578208882574,0.88628,-0.38439));
#10687 = VECTOR('',#10688,1.);
#10688 = DIRECTION('',(0.,-1.,0.));
#10689 = ORIENTED_EDGE('',*,*,#10690,.F.);
#10690 = EDGE_CURVE('',#10645,#10683,#10691,.T.);
#10691 = LINE('',#10692,#10693);
#10692 = CARTESIAN_POINT('',(0.578208882574,0.88628,-0.38439));
#10693 = VECTOR('',#10694,1.);
#10694 = DIRECTION('',(1.,0.,1.539402763018E-15));
#10695 = ORIENTED_EDGE('',*,*,#10644,.T.);
#10696 = PLANE('',#10697);
#10697 = AXIS2_PLACEMENT_3D('',#10698,#10699,#10700);
#10698 = CARTESIAN_POINT('',(0.578208882574,0.88628,-0.38439));
#10699 = DIRECTION('',(1.539402763018E-15,0.,-1.));
#10700 = DIRECTION('',(-1.,0.,-1.539402763018E-15));
#10701 = ADVANCED_FACE('',(#10702),#10727,.F.);
#10702 = FACE_BOUND('',#10703,.T.);
#10703 = EDGE_LOOP('',(#10704,#10712,#10720,#10726));
#10704 = ORIENTED_EDGE('',*,*,#10705,.T.);
#10705 = EDGE_CURVE('',#10675,#10706,#10708,.T.);
#10706 = VERTEX_POINT('',#10707);
#10707 = CARTESIAN_POINT('',(0.596931422825,0.88128,-0.449711667405));
#10708 = LINE('',#10709,#10710);
#10709 = CARTESIAN_POINT('',(0.596931422825,0.88128,-0.449711667405));
#10710 = VECTOR('',#10711,1.);
#10711 = DIRECTION('',(0.275526576548,0.,-0.961293454475));
#10712 = ORIENTED_EDGE('',*,*,#10713,.F.);
#10713 = EDGE_CURVE('',#10714,#10706,#10716,.T.);
#10714 = VERTEX_POINT('',#10715);
#10715 = CARTESIAN_POINT('',(0.596931422825,0.88628,-0.449711667405));
#10716 = LINE('',#10717,#10718);
#10717 = CARTESIAN_POINT('',(0.596931422825,0.88628,-0.449711667405));
#10718 = VECTOR('',#10719,1.);
#10719 = DIRECTION('',(0.,-1.,0.));
#10720 = ORIENTED_EDGE('',*,*,#10721,.F.);
#10721 = EDGE_CURVE('',#10683,#10714,#10722,.T.);
#10722 = LINE('',#10723,#10724);
#10723 = CARTESIAN_POINT('',(0.596931422825,0.88628,-0.449711667405));
#10724 = VECTOR('',#10725,1.);
#10725 = DIRECTION('',(0.275526576548,0.,-0.961293454475));
#10726 = ORIENTED_EDGE('',*,*,#10682,.T.);
#10727 = PLANE('',#10728);
#10728 = AXIS2_PLACEMENT_3D('',#10729,#10730,#10731);
#10729 = CARTESIAN_POINT('',(0.596931422825,0.88628,-0.449711667405));
#10730 = DIRECTION('',(-0.961293454475,0.,-0.275526576548));
#10731 = DIRECTION('',(-0.275526576548,0.,0.961293454475));
#10732 = ADVANCED_FACE('',(#10733),#10758,.F.);
#10733 = FACE_BOUND('',#10734,.T.);
#10734 = EDGE_LOOP('',(#10735,#10743,#10751,#10757));
#10735 = ORIENTED_EDGE('',*,*,#10736,.T.);
#10736 = EDGE_CURVE('',#10706,#10737,#10739,.T.);
#10737 = VERTEX_POINT('',#10738);
#10738 = CARTESIAN_POINT('',(0.623151319327,0.88128,-0.38439));
#10739 = LINE('',#10740,#10741);
#10740 = CARTESIAN_POINT('',(0.623151319327,0.88128,-0.38439));
#10741 = VECTOR('',#10742,1.);
#10742 = DIRECTION('',(0.372507738364,0.,0.928029086214));
#10743 = ORIENTED_EDGE('',*,*,#10744,.F.);
#10744 = EDGE_CURVE('',#10745,#10737,#10747,.T.);
#10745 = VERTEX_POINT('',#10746);
#10746 = CARTESIAN_POINT('',(0.623151319327,0.88628,-0.38439));
#10747 = LINE('',#10748,#10749);
#10748 = CARTESIAN_POINT('',(0.623151319327,0.88628,-0.38439));
#10749 = VECTOR('',#10750,1.);
#10750 = DIRECTION('',(0.,-1.,0.));
#10751 = ORIENTED_EDGE('',*,*,#10752,.F.);
#10752 = EDGE_CURVE('',#10714,#10745,#10753,.T.);
#10753 = LINE('',#10754,#10755);
#10754 = CARTESIAN_POINT('',(0.623151319327,0.88628,-0.38439));
#10755 = VECTOR('',#10756,1.);
#10756 = DIRECTION('',(0.372507738364,0.,0.928029086214));
#10757 = ORIENTED_EDGE('',*,*,#10713,.T.);
#10758 = PLANE('',#10759);
#10759 = AXIS2_PLACEMENT_3D('',#10760,#10761,#10762);
#10760 = CARTESIAN_POINT('',(0.623151319327,0.88628,-0.38439));
#10761 = DIRECTION('',(0.928029086214,0.,-0.372507738364));
#10762 = DIRECTION('',(-0.372507738364,0.,-0.928029086214));
#10763 = ADVANCED_FACE('',(#10764),#10789,.F.);
#10764 = FACE_BOUND('',#10765,.T.);
#10765 = EDGE_LOOP('',(#10766,#10774,#10782,#10788));
#10766 = ORIENTED_EDGE('',*,*,#10767,.T.);
#10767 = EDGE_CURVE('',#10737,#10768,#10770,.T.);
#10768 = VERTEX_POINT('',#10769);
#10769 = CARTESIAN_POINT('',(0.659755800461,0.88128,-0.38439));
#10770 = LINE('',#10771,#10772);
#10771 = CARTESIAN_POINT('',(0.659755800461,0.88128,-0.38439));
#10772 = VECTOR('',#10773,1.);
#10773 = DIRECTION('',(1.,0.,0.));
#10774 = ORIENTED_EDGE('',*,*,#10775,.F.);
#10775 = EDGE_CURVE('',#10776,#10768,#10778,.T.);
#10776 = VERTEX_POINT('',#10777);
#10777 = CARTESIAN_POINT('',(0.659755800461,0.88628,-0.38439));
#10778 = LINE('',#10779,#10780);
#10779 = CARTESIAN_POINT('',(0.659755800461,0.88628,-0.38439));
#10780 = VECTOR('',#10781,1.);
#10781 = DIRECTION('',(0.,-1.,0.));
#10782 = ORIENTED_EDGE('',*,*,#10783,.F.);
#10783 = EDGE_CURVE('',#10745,#10776,#10784,.T.);
#10784 = LINE('',#10785,#10786);
#10785 = CARTESIAN_POINT('',(0.659755800461,0.88628,-0.38439));
#10786 = VECTOR('',#10787,1.);
#10787 = DIRECTION('',(1.,0.,0.));
#10788 = ORIENTED_EDGE('',*,*,#10744,.T.);
#10789 = PLANE('',#10790);
#10790 = AXIS2_PLACEMENT_3D('',#10791,#10792,#10793);
#10791 = CARTESIAN_POINT('',(0.659755800461,0.88628,-0.38439));
#10792 = DIRECTION('',(0.,0.,-1.));
#10793 = DIRECTION('',(-1.,0.,0.));
#10794 = ADVANCED_FACE('',(#10795),#10820,.F.);
#10795 = FACE_BOUND('',#10796,.T.);
#10796 = EDGE_LOOP('',(#10797,#10805,#10813,#10819));
#10797 = ORIENTED_EDGE('',*,*,#10798,.T.);
#10798 = EDGE_CURVE('',#10768,#10799,#10801,.T.);
#10799 = VERTEX_POINT('',#10800);
#10800 = CARTESIAN_POINT('',(0.632679575359,0.88128,-0.449711667405));
#10801 = LINE('',#10802,#10803);
#10802 = CARTESIAN_POINT('',(0.632679575359,0.88128,-0.449711667405));
#10803 = VECTOR('',#10804,1.);
#10804 = DIRECTION('',(-0.382914031738,0.,-0.923783981404));
#10805 = ORIENTED_EDGE('',*,*,#10806,.F.);
#10806 = EDGE_CURVE('',#10807,#10799,#10809,.T.);
#10807 = VERTEX_POINT('',#10808);
#10808 = CARTESIAN_POINT('',(0.632679575359,0.88628,-0.449711667405));
#10809 = LINE('',#10810,#10811);
#10810 = CARTESIAN_POINT('',(0.632679575359,0.88628,-0.449711667405));
#10811 = VECTOR('',#10812,1.);
#10812 = DIRECTION('',(0.,-1.,0.));
#10813 = ORIENTED_EDGE('',*,*,#10814,.F.);
#10814 = EDGE_CURVE('',#10776,#10807,#10815,.T.);
#10815 = LINE('',#10816,#10817);
#10816 = CARTESIAN_POINT('',(0.632679575359,0.88628,-0.449711667405));
#10817 = VECTOR('',#10818,1.);
#10818 = DIRECTION('',(-0.382914031738,0.,-0.923783981404));
#10819 = ORIENTED_EDGE('',*,*,#10775,.T.);
#10820 = PLANE('',#10821);
#10821 = AXIS2_PLACEMENT_3D('',#10822,#10823,#10824);
#10822 = CARTESIAN_POINT('',(0.632679575359,0.88628,-0.449711667405));
#10823 = DIRECTION('',(-0.923783981404,0.,0.382914031738));
#10824 = DIRECTION('',(0.382914031738,0.,0.923783981404));
#10825 = ADVANCED_FACE('',(#10826),#10851,.F.);
#10826 = FACE_BOUND('',#10827,.T.);
#10827 = EDGE_LOOP('',(#10828,#10836,#10844,#10850));
#10828 = ORIENTED_EDGE('',*,*,#10829,.T.);
#10829 = EDGE_CURVE('',#10799,#10830,#10832,.T.);
#10830 = VERTEX_POINT('',#10831);
#10831 = CARTESIAN_POINT('',(0.688840977676,0.88128,-0.504693743096));
#10832 = LINE('',#10833,#10834);
#10833 = CARTESIAN_POINT('',(0.688840977676,0.88128,-0.504693743096));
#10834 = VECTOR('',#10835,1.);
#10835 = DIRECTION('',(0.714569558638,0.,-0.699564397227));
#10836 = ORIENTED_EDGE('',*,*,#10837,.F.);
#10837 = EDGE_CURVE('',#10838,#10830,#10840,.T.);
#10838 = VERTEX_POINT('',#10839);
#10839 = CARTESIAN_POINT('',(0.688840977676,0.88628,-0.504693743096));
#10840 = LINE('',#10841,#10842);
#10841 = CARTESIAN_POINT('',(0.688840977676,0.88628,-0.504693743096));
#10842 = VECTOR('',#10843,1.);
#10843 = DIRECTION('',(0.,-1.,0.));
#10844 = ORIENTED_EDGE('',*,*,#10845,.F.);
#10845 = EDGE_CURVE('',#10807,#10838,#10846,.T.);
#10846 = LINE('',#10847,#10848);
#10847 = CARTESIAN_POINT('',(0.688840977676,0.88628,-0.504693743096));
#10848 = VECTOR('',#10849,1.);
#10849 = DIRECTION('',(0.714569558638,0.,-0.699564397227));
#10850 = ORIENTED_EDGE('',*,*,#10806,.T.);
#10851 = PLANE('',#10852);
#10852 = AXIS2_PLACEMENT_3D('',#10853,#10854,#10855);
#10853 = CARTESIAN_POINT('',(0.688840977676,0.88628,-0.504693743096));
#10854 = DIRECTION('',(-0.699564397227,0.,-0.714569558638));
#10855 = DIRECTION('',(-0.714569558638,0.,0.699564397227));
#10856 = ADVANCED_FACE('',(#10857),#10882,.F.);
#10857 = FACE_BOUND('',#10858,.T.);
#10858 = EDGE_LOOP('',(#10859,#10867,#10875,#10881));
#10859 = ORIENTED_EDGE('',*,*,#10860,.T.);
#10860 = EDGE_CURVE('',#10830,#10861,#10863,.T.);
#10861 = VERTEX_POINT('',#10862);
#10862 = CARTESIAN_POINT('',(0.649250137427,0.88128,-0.504693743096));
#10863 = LINE('',#10864,#10865);
#10864 = CARTESIAN_POINT('',(0.649250137427,0.88128,-0.504693743096));
#10865 = VECTOR('',#10866,1.);
#10866 = DIRECTION('',(-1.,0.,0.));
#10867 = ORIENTED_EDGE('',*,*,#10868,.F.);
#10868 = EDGE_CURVE('',#10869,#10861,#10871,.T.);
#10869 = VERTEX_POINT('',#10870);
#10870 = CARTESIAN_POINT('',(0.649250137427,0.88628,-0.504693743096));
#10871 = LINE('',#10872,#10873);
#10872 = CARTESIAN_POINT('',(0.649250137427,0.88628,-0.504693743096));
#10873 = VECTOR('',#10874,1.);
#10874 = DIRECTION('',(0.,-1.,0.));
#10875 = ORIENTED_EDGE('',*,*,#10876,.F.);
#10876 = EDGE_CURVE('',#10838,#10869,#10877,.T.);
#10877 = LINE('',#10878,#10879);
#10878 = CARTESIAN_POINT('',(0.649250137427,0.88628,-0.504693743096));
#10879 = VECTOR('',#10880,1.);
#10880 = DIRECTION('',(-1.,0.,0.));
#10881 = ORIENTED_EDGE('',*,*,#10837,.T.);
#10882 = PLANE('',#10883);
#10883 = AXIS2_PLACEMENT_3D('',#10884,#10885,#10886);
#10884 = CARTESIAN_POINT('',(0.649250137427,0.88628,-0.504693743096));
#10885 = DIRECTION('',(0.,0.,1.));
#10886 = DIRECTION('',(1.,0.,-0.));
#10887 = ADVANCED_FACE('',(#10888),#10913,.F.);
#10888 = FACE_BOUND('',#10889,.T.);
#10889 = EDGE_LOOP('',(#10890,#10898,#10906,#10912));
#10890 = ORIENTED_EDGE('',*,*,#10891,.T.);
#10891 = EDGE_CURVE('',#10861,#10892,#10894,.T.);
#10892 = VERTEX_POINT('',#10893);
#10893 = CARTESIAN_POINT('',(0.59812208913,0.88128,-0.45339157587));
#10894 = LINE('',#10895,#10896);
#10895 = CARTESIAN_POINT('',(0.59812208913,0.88128,-0.45339157587));
#10896 = VECTOR('',#10897,1.);
#10897 = DIRECTION('',(-0.705903765636,0.,0.708307753494));
#10898 = ORIENTED_EDGE('',*,*,#10899,.F.);
#10899 = EDGE_CURVE('',#10900,#10892,#10902,.T.);
#10900 = VERTEX_POINT('',#10901);
#10901 = CARTESIAN_POINT('',(0.59812208913,0.88628,-0.45339157587));
#10902 = LINE('',#10903,#10904);
#10903 = CARTESIAN_POINT('',(0.59812208913,0.88628,-0.45339157587));
#10904 = VECTOR('',#10905,1.);
#10905 = DIRECTION('',(0.,-1.,0.));
#10906 = ORIENTED_EDGE('',*,*,#10907,.F.);
#10907 = EDGE_CURVE('',#10869,#10900,#10908,.T.);
#10908 = LINE('',#10909,#10910);
#10909 = CARTESIAN_POINT('',(0.59812208913,0.88628,-0.45339157587));
#10910 = VECTOR('',#10911,1.);
#10911 = DIRECTION('',(-0.705903765636,0.,0.708307753494));
#10912 = ORIENTED_EDGE('',*,*,#10868,.T.);
#10913 = PLANE('',#10914);
#10914 = AXIS2_PLACEMENT_3D('',#10915,#10916,#10917);
#10915 = CARTESIAN_POINT('',(0.59812208913,0.88628,-0.45339157587));
#10916 = DIRECTION('',(0.708307753494,0.,0.705903765636));
#10917 = DIRECTION('',(0.705903765636,0.,-0.708307753494));
#10918 = ADVANCED_FACE('',(#10919),#10944,.F.);
#10919 = FACE_BOUND('',#10920,.T.);
#10920 = EDGE_LOOP('',(#10921,#10929,#10937,#10943));
#10921 = ORIENTED_EDGE('',*,*,#10922,.T.);
#10922 = EDGE_CURVE('',#10892,#10923,#10925,.T.);
#10923 = VERTEX_POINT('',#10924);
#10924 = CARTESIAN_POINT('',(0.612827822736,0.88128,-0.504693743096));
#10925 = LINE('',#10926,#10927);
#10926 = CARTESIAN_POINT('',(0.612827822736,0.88128,-0.504693743096));
#10927 = VECTOR('',#10928,1.);
#10928 = DIRECTION('',(0.275552063252,0.,-0.961286149093));
#10929 = ORIENTED_EDGE('',*,*,#10930,.F.);
#10930 = EDGE_CURVE('',#10931,#10923,#10933,.T.);
#10931 = VERTEX_POINT('',#10932);
#10932 = CARTESIAN_POINT('',(0.612827822736,0.88628,-0.504693743096));
#10933 = LINE('',#10934,#10935);
#10934 = CARTESIAN_POINT('',(0.612827822736,0.88628,-0.504693743096));
#10935 = VECTOR('',#10936,1.);
#10936 = DIRECTION('',(0.,-1.,0.));
#10937 = ORIENTED_EDGE('',*,*,#10938,.F.);
#10938 = EDGE_CURVE('',#10900,#10931,#10939,.T.);
#10939 = LINE('',#10940,#10941);
#10940 = CARTESIAN_POINT('',(0.612827822736,0.88628,-0.504693743096));
#10941 = VECTOR('',#10942,1.);
#10942 = DIRECTION('',(0.275552063252,0.,-0.961286149093));
#10943 = ORIENTED_EDGE('',*,*,#10899,.T.);
#10944 = PLANE('',#10945);
#10945 = AXIS2_PLACEMENT_3D('',#10946,#10947,#10948);
#10946 = CARTESIAN_POINT('',(0.612827822736,0.88628,-0.504693743096));
#10947 = DIRECTION('',(-0.961286149093,0.,-0.275552063252));
#10948 = DIRECTION('',(-0.275552063252,0.,0.961286149093));
#10949 = ADVANCED_FACE('',(#10950),#10966,.F.);
#10950 = FACE_BOUND('',#10951,.T.);
#10951 = EDGE_LOOP('',(#10952,#10958,#10959,#10965));
#10952 = ORIENTED_EDGE('',*,*,#10953,.T.);
#10953 = EDGE_CURVE('',#10923,#10635,#10954,.T.);
#10954 = LINE('',#10955,#10956);
#10955 = CARTESIAN_POINT('',(0.578573215557,0.88128,-0.504693743096));
#10956 = VECTOR('',#10957,1.);
#10957 = DIRECTION('',(-1.,0.,0.));
#10958 = ORIENTED_EDGE('',*,*,#10660,.F.);
#10959 = ORIENTED_EDGE('',*,*,#10960,.F.);
#10960 = EDGE_CURVE('',#10931,#10653,#10961,.T.);
#10961 = LINE('',#10962,#10963);
#10962 = CARTESIAN_POINT('',(0.578573215557,0.88628,-0.504693743096));
#10963 = VECTOR('',#10964,1.);
#10964 = DIRECTION('',(-1.,0.,0.));
#10965 = ORIENTED_EDGE('',*,*,#10930,.T.);
#10966 = PLANE('',#10967);
#10967 = AXIS2_PLACEMENT_3D('',#10968,#10969,#10970);
#10968 = CARTESIAN_POINT('',(0.578573215557,0.88628,-0.504693743096));
#10969 = DIRECTION('',(0.,0.,1.));
#10970 = DIRECTION('',(1.,0.,-0.));
#10971 = ADVANCED_FACE('',(#10972),#10985,.F.);
#10972 = FACE_BOUND('',#10973,.T.);
#10973 = EDGE_LOOP('',(#10974,#10975,#10976,#10977,#10978,#10979,#10980,
    #10981,#10982,#10983,#10984));
#10974 = ORIENTED_EDGE('',*,*,#10652,.T.);
#10975 = ORIENTED_EDGE('',*,*,#10690,.T.);
#10976 = ORIENTED_EDGE('',*,*,#10721,.T.);
#10977 = ORIENTED_EDGE('',*,*,#10752,.T.);
#10978 = ORIENTED_EDGE('',*,*,#10783,.T.);
#10979 = ORIENTED_EDGE('',*,*,#10814,.T.);
#10980 = ORIENTED_EDGE('',*,*,#10845,.T.);
#10981 = ORIENTED_EDGE('',*,*,#10876,.T.);
#10982 = ORIENTED_EDGE('',*,*,#10907,.T.);
#10983 = ORIENTED_EDGE('',*,*,#10938,.T.);
#10984 = ORIENTED_EDGE('',*,*,#10960,.T.);
#10985 = PLANE('',#10986);
#10986 = AXIS2_PLACEMENT_3D('',#10987,#10988,#10989);
#10987 = CARTESIAN_POINT('',(-1.128138252572E-04,0.88628,
    2.017835768258E-02));
#10988 = DIRECTION('',(0.,-1.,0.));
#10989 = DIRECTION('',(0.,0.,-1.));
#10990 = ADVANCED_FACE('',(#10991),#11004,.T.);
#10991 = FACE_BOUND('',#10992,.T.);
#10992 = EDGE_LOOP('',(#10993,#10994,#10995,#10996,#10997,#10998,#10999,
    #11000,#11001,#11002,#11003));
#10993 = ORIENTED_EDGE('',*,*,#10634,.F.);
#10994 = ORIENTED_EDGE('',*,*,#10953,.F.);
#10995 = ORIENTED_EDGE('',*,*,#10922,.F.);
#10996 = ORIENTED_EDGE('',*,*,#10891,.F.);
#10997 = ORIENTED_EDGE('',*,*,#10860,.F.);
#10998 = ORIENTED_EDGE('',*,*,#10829,.F.);
#10999 = ORIENTED_EDGE('',*,*,#10798,.F.);
#11000 = ORIENTED_EDGE('',*,*,#10767,.F.);
#11001 = ORIENTED_EDGE('',*,*,#10736,.F.);
#11002 = ORIENTED_EDGE('',*,*,#10705,.F.);
#11003 = ORIENTED_EDGE('',*,*,#10674,.F.);
#11004 = PLANE('',#11005);
#11005 = AXIS2_PLACEMENT_3D('',#11006,#11007,#11008);
#11006 = CARTESIAN_POINT('',(-1.128138252572E-04,0.88128,
    2.017835768258E-02));
#11007 = DIRECTION('',(0.,-1.,0.));
#11008 = DIRECTION('',(0.,0.,-1.));
#11009 = ( GEOMETRIC_REPRESENTATION_CONTEXT(3) 
GLOBAL_UNCERTAINTY_ASSIGNED_CONTEXT((#11013)) 
GLOBAL_UNIT_ASSIGNED_CONTEXT((#11010,#11011,#11012)) 
REPRESENTATION_CONTEXT('Context #1',
  '3D Context with UNIT and UNCERTAINTY') );
#11010 = ( LENGTH_UNIT() NAMED_UNIT(*) SI_UNIT(.MILLI.,.METRE.) );
#11011 = ( NAMED_UNIT(*) PLANE_ANGLE_UNIT() SI_UNIT($,.RADIAN.) );
#11012 = ( NAMED_UNIT(*) SI_UNIT($,.STERADIAN.) SOLID_ANGLE_UNIT() );
#11013 = UNCERTAINTY_MEASURE_WITH_UNIT(LENGTH_MEASURE(5.E-07),#11010,
  'distance_accuracy_value','confusion accuracy');
#11014 = SHAPE_DEFINITION_REPRESENTATION(#11015,#7507);
#11015 = PRODUCT_DEFINITION_SHAPE('','',#11016);
#11016 = PRODUCT_DEFINITION('design','',#11017,#11020);
#11017 = PRODUCT_DEFINITION_FORMATION('','',#11018);
#11018 = PRODUCT('231815168','231815168','',(#11019));
#11019 = PRODUCT_CONTEXT('',#2,'mechanical');
#11020 = PRODUCT_DEFINITION_CONTEXT('part definition',#2,'design');
#11021 = CONTEXT_DEPENDENT_SHAPE_REPRESENTATION(#11022,#11024);
#11022 = ( REPRESENTATION_RELATIONSHIP('','',#7507,#7497) 
REPRESENTATION_RELATIONSHIP_WITH_TRANSFORMATION(#11023) 
SHAPE_REPRESENTATION_RELATIONSHIP() );
#11023 = ITEM_DEFINED_TRANSFORMATION('','',#11,#7498);
#11024 = PRODUCT_DEFINITION_SHAPE('Placement','Placement of an item',
  #11025);
#11025 = NEXT_ASSEMBLY_USAGE_OCCURRENCE('16','','',#7492,#11016,$);
#11026 = PRODUCT_RELATED_PRODUCT_CATEGORY('part',$,(#11018));
#11027 = CONTEXT_DEPENDENT_SHAPE_REPRESENTATION(#11028,#11030);
#11028 = ( REPRESENTATION_RELATIONSHIP('','',#7497,#10) 
REPRESENTATION_RELATIONSHIP_WITH_TRANSFORMATION(#11029) 
SHAPE_REPRESENTATION_RELATIONSHIP() );
#11029 = ITEM_DEFINED_TRANSFORMATION('','',#11,#39);
#11030 = PRODUCT_DEFINITION_SHAPE('Placement','Placement of an item',
  #11031);
#11031 = NEXT_ASSEMBLY_USAGE_OCCURRENCE('17','','',#5,#7492,$);
#11032 = PRODUCT_RELATED_PRODUCT_CATEGORY('part',$,(#7494));
#11033 = MECHANICAL_DESIGN_GEOMETRIC_PRESENTATION_REPRESENTATION('',(
    #11034,#11042,#11050,#11057,#11064,#11071,#11078,#11085,#11092,
    #11099,#11106,#11113),#7466);
#11034 = STYLED_ITEM('color',(#11035),#3611);
#11035 = PRESENTATION_STYLE_ASSIGNMENT((#11036));
#11036 = SURFACE_STYLE_USAGE(.BOTH.,#11037);
#11037 = SURFACE_SIDE_STYLE('',(#11038));
#11038 = SURFACE_STYLE_FILL_AREA(#11039);
#11039 = FILL_AREA_STYLE('',(#11040));
#11040 = FILL_AREA_STYLE_COLOUR('',#11041);
#11041 = COLOUR_RGB('',0.792156867455,0.819607826924,0.933333342953);
#11042 = OVER_RIDING_STYLED_ITEM('overriding color',(#11043),#3655,
  #11034);
#11043 = PRESENTATION_STYLE_ASSIGNMENT((#11044));
#11044 = SURFACE_STYLE_USAGE(.BOTH.,#11045);
#11045 = SURFACE_SIDE_STYLE('',(#11046));
#11046 = SURFACE_STYLE_FILL_AREA(#11047);
#11047 = FILL_AREA_STYLE('',(#11048));
#11048 = FILL_AREA_STYLE_COLOUR('',#11049);
#11049 = COLOUR_RGB('',0.250980388104,0.250980388104,0.250980388104);
#11050 = OVER_RIDING_STYLED_ITEM('overriding color',(#11051),#3823,
  #11034);
#11051 = PRESENTATION_STYLE_ASSIGNMENT((#11052));
#11052 = SURFACE_STYLE_USAGE(.BOTH.,#11053);
#11053 = SURFACE_SIDE_STYLE('',(#11054));
#11054 = SURFACE_STYLE_FILL_AREA(#11055);
#11055 = FILL_AREA_STYLE('',(#11056));
#11056 = FILL_AREA_STYLE_COLOUR('',#11049);
#11057 = OVER_RIDING_STYLED_ITEM('overriding color',(#11058),#3991,
  #11034);
#11058 = PRESENTATION_STYLE_ASSIGNMENT((#11059));
#11059 = SURFACE_STYLE_USAGE(.BOTH.,#11060);
#11060 = SURFACE_SIDE_STYLE('',(#11061));
#11061 = SURFACE_STYLE_FILL_AREA(#11062);
#11062 = FILL_AREA_STYLE('',(#11063));
#11063 = FILL_AREA_STYLE_COLOUR('',#11049);
#11064 = OVER_RIDING_STYLED_ITEM('overriding color',(#11065),#4114,
  #11034);
#11065 = PRESENTATION_STYLE_ASSIGNMENT((#11066));
#11066 = SURFACE_STYLE_USAGE(.BOTH.,#11067);
#11067 = SURFACE_SIDE_STYLE('',(#11068));
#11068 = SURFACE_STYLE_FILL_AREA(#11069);
#11069 = FILL_AREA_STYLE('',(#11070));
#11070 = FILL_AREA_STYLE_COLOUR('',#11049);
#11071 = OVER_RIDING_STYLED_ITEM('overriding color',(#11072),#4237,
  #11034);
#11072 = PRESENTATION_STYLE_ASSIGNMENT((#11073));
#11073 = SURFACE_STYLE_USAGE(.BOTH.,#11074);
#11074 = SURFACE_SIDE_STYLE('',(#11075));
#11075 = SURFACE_STYLE_FILL_AREA(#11076);
#11076 = FILL_AREA_STYLE('',(#11077));
#11077 = FILL_AREA_STYLE_COLOUR('',#11049);
#11078 = OVER_RIDING_STYLED_ITEM('overriding color',(#11079),#4259,
  #11034);
#11079 = PRESENTATION_STYLE_ASSIGNMENT((#11080));
#11080 = SURFACE_STYLE_USAGE(.BOTH.,#11081);
#11081 = SURFACE_SIDE_STYLE('',(#11082));
#11082 = SURFACE_STYLE_FILL_AREA(#11083);
#11083 = FILL_AREA_STYLE('',(#11084));
#11084 = FILL_AREA_STYLE_COLOUR('',#11049);
#11085 = OVER_RIDING_STYLED_ITEM('overriding color',(#11086),#4281,
  #11034);
#11086 = PRESENTATION_STYLE_ASSIGNMENT((#11087));
#11087 = SURFACE_STYLE_USAGE(.BOTH.,#11088);
#11088 = SURFACE_SIDE_STYLE('',(#11089));
#11089 = SURFACE_STYLE_FILL_AREA(#11090);
#11090 = FILL_AREA_STYLE('',(#11091));
#11091 = FILL_AREA_STYLE_COLOUR('',#11049);
#11092 = OVER_RIDING_STYLED_ITEM('overriding color',(#11093),#4293,
  #11034);
#11093 = PRESENTATION_STYLE_ASSIGNMENT((#11094));
#11094 = SURFACE_STYLE_USAGE(.BOTH.,#11095);
#11095 = SURFACE_SIDE_STYLE('',(#11096));
#11096 = SURFACE_STYLE_FILL_AREA(#11097);
#11097 = FILL_AREA_STYLE('',(#11098));
#11098 = FILL_AREA_STYLE_COLOUR('',#11049);
#11099 = OVER_RIDING_STYLED_ITEM('overriding color',(#11100),#4318,
  #11034);
#11100 = PRESENTATION_STYLE_ASSIGNMENT((#11101));
#11101 = SURFACE_STYLE_USAGE(.BOTH.,#11102);
#11102 = SURFACE_SIDE_STYLE('',(#11103));
#11103 = SURFACE_STYLE_FILL_AREA(#11104);
#11104 = FILL_AREA_STYLE('',(#11105));
#11105 = FILL_AREA_STYLE_COLOUR('',#11049);
#11106 = OVER_RIDING_STYLED_ITEM('overriding color',(#11107),#4343,
  #11034);
#11107 = PRESENTATION_STYLE_ASSIGNMENT((#11108));
#11108 = SURFACE_STYLE_USAGE(.BOTH.,#11109);
#11109 = SURFACE_SIDE_STYLE('',(#11110));
#11110 = SURFACE_STYLE_FILL_AREA(#11111);
#11111 = FILL_AREA_STYLE('',(#11112));
#11112 = FILL_AREA_STYLE_COLOUR('',#11049);
#11113 = OVER_RIDING_STYLED_ITEM('overriding color',(#11114),#7454,
  #11034);
#11114 = PRESENTATION_STYLE_ASSIGNMENT((#11115));
#11115 = SURFACE_STYLE_USAGE(.BOTH.,#11116);
#11116 = SURFACE_SIDE_STYLE('',(#11117));
#11117 = SURFACE_STYLE_FILL_AREA(#11118);
#11118 = FILL_AREA_STYLE('',(#11119));
#11119 = FILL_AREA_STYLE_COLOUR('',#11049);
#11120 = MECHANICAL_DESIGN_GEOMETRIC_PRESENTATION_REPRESENTATION('',(
    #11121),#435);
#11121 = STYLED_ITEM('color',(#11122),#67);
#11122 = PRESENTATION_STYLE_ASSIGNMENT((#11123,#11129));
#11123 = SURFACE_STYLE_USAGE(.BOTH.,#11124);
#11124 = SURFACE_SIDE_STYLE('',(#11125));
#11125 = SURFACE_STYLE_FILL_AREA(#11126);
#11126 = FILL_AREA_STYLE('',(#11127));
#11127 = FILL_AREA_STYLE_COLOUR('',#11128);
#11128 = COLOUR_RGB('',0.,0.501960785193,0.);
#11129 = CURVE_STYLE('',#11130,POSITIVE_LENGTH_MEASURE(0.1),#11128);
#11130 = DRAUGHTING_PRE_DEFINED_CURVE_FONT('continuous');
#11131 = MECHANICAL_DESIGN_GEOMETRIC_PRESENTATION_REPRESENTATION('',(
    #11132,#11140,#11148),#3569);
#11132 = STYLED_ITEM('color',(#11133),#1094);
#11133 = PRESENTATION_STYLE_ASSIGNMENT((#11134));
#11134 = SURFACE_STYLE_USAGE(.BOTH.,#11135);
#11135 = SURFACE_SIDE_STYLE('',(#11136));
#11136 = SURFACE_STYLE_FILL_AREA(#11137);
#11137 = FILL_AREA_STYLE('',(#11138));
#11138 = FILL_AREA_STYLE_COLOUR('',#11139);
#11139 = DRAUGHTING_PRE_DEFINED_COLOUR('white');
#11140 = STYLED_ITEM('color',(#11141),#2240);
#11141 = PRESENTATION_STYLE_ASSIGNMENT((#11142));
#11142 = SURFACE_STYLE_USAGE(.BOTH.,#11143);
#11143 = SURFACE_SIDE_STYLE('',(#11144));
#11144 = SURFACE_STYLE_FILL_AREA(#11145);
#11145 = FILL_AREA_STYLE('',(#11146));
#11146 = FILL_AREA_STYLE_COLOUR('',#11147);
#11147 = COLOUR_RGB('',0.968627457133,0.878431359152,0.599999994755);
#11148 = STYLED_ITEM('color',(#11149),#2787);
#11149 = PRESENTATION_STYLE_ASSIGNMENT((#11150));
#11150 = SURFACE_STYLE_USAGE(.BOTH.,#11151);
#11151 = SURFACE_SIDE_STYLE('',(#11152));
#11152 = SURFACE_STYLE_FILL_AREA(#11153);
#11153 = FILL_AREA_STYLE('',(#11154));
#11154 = FILL_AREA_STYLE_COLOUR('',#11147);
#11155 = MECHANICAL_DESIGN_GEOMETRIC_PRESENTATION_REPRESENTATION('',(
    #11156),#990);
#11156 = STYLED_ITEM('color',(#11157),#840);
#11157 = PRESENTATION_STYLE_ASSIGNMENT((#11158,#11164));
#11158 = SURFACE_STYLE_USAGE(.BOTH.,#11159);
#11159 = SURFACE_SIDE_STYLE('',(#11160));
#11160 = SURFACE_STYLE_FILL_AREA(#11161);
#11161 = FILL_AREA_STYLE('',(#11162));
#11162 = FILL_AREA_STYLE_COLOUR('',#11163);
#11163 = COLOUR_RGB('',9.999999991362E-02,9.999999991362E-02,
  9.999999991362E-02);
#11164 = CURVE_STYLE('',#11165,POSITIVE_LENGTH_MEASURE(0.1),#11163);
#11165 = DRAUGHTING_PRE_DEFINED_CURVE_FONT('continuous');
#11166 = MECHANICAL_DESIGN_GEOMETRIC_PRESENTATION_REPRESENTATION('',(
    #11167),#821);
#11167 = STYLED_ITEM('color',(#11168),#671);
#11168 = PRESENTATION_STYLE_ASSIGNMENT((#11169,#11175));
#11169 = SURFACE_STYLE_USAGE(.BOTH.,#11170);
#11170 = SURFACE_SIDE_STYLE('',(#11171));
#11171 = SURFACE_STYLE_FILL_AREA(#11172);
#11172 = FILL_AREA_STYLE('',(#11173));
#11173 = FILL_AREA_STYLE_COLOUR('',#11174);
#11174 = COLOUR_RGB('',0.734000028196,0.773000013638,0.796999989372);
#11175 = CURVE_STYLE('',#11176,POSITIVE_LENGTH_MEASURE(0.1),#11174);
#11176 = DRAUGHTING_PRE_DEFINED_CURVE_FONT('continuous');
#11177 = MECHANICAL_DESIGN_GEOMETRIC_PRESENTATION_REPRESENTATION('',(
    #11178,#11185,#11193,#11200,#11207,#11214,#11221,#11228,#11235,
    #11242,#11250,#11257,#11264,#11271,#11278,#11285,#11292,#11299,
    #11306,#11313,#11320,#11327,#11334,#11341,#11348,#11355,#11362,
    #11369,#11376,#11383,#11390,#11397,#11404,#11411,#11418,#11425,
    #11432,#11439,#11446,#11453,#11460,#11467,#11474,#11481,#11488,
    #11495,#11502,#11509,#11516,#11523,#11530,#11537,#11544,#11551,
    #11558,#11565,#11572,#11579,#11586,#11593,#11600,#11607,#11614,
    #11621,#11628,#11635,#11642,#11649),#11009);
#11178 = STYLED_ITEM('color',(#11179),#7508);
#11179 = PRESENTATION_STYLE_ASSIGNMENT((#11180));
#11180 = SURFACE_STYLE_USAGE(.BOTH.,#11181);
#11181 = SURFACE_SIDE_STYLE('',(#11182));
#11182 = SURFACE_STYLE_FILL_AREA(#11183);
#11183 = FILL_AREA_STYLE('',(#11184));
#11184 = FILL_AREA_STYLE_COLOUR('',#11041);
#11185 = OVER_RIDING_STYLED_ITEM('overriding color',(#11186),#7510,
  #11178);
#11186 = PRESENTATION_STYLE_ASSIGNMENT((#11187));
#11187 = SURFACE_STYLE_USAGE(.BOTH.,#11188);
#11188 = SURFACE_SIDE_STYLE('',(#11189));
#11189 = SURFACE_STYLE_FILL_AREA(#11190);
#11190 = FILL_AREA_STYLE('',(#11191));
#11191 = FILL_AREA_STYLE_COLOUR('',#11192);
#11192 = COLOUR_RGB('',0.768627468855,0.768627468855,0.768627468855);
#11193 = OVER_RIDING_STYLED_ITEM('overriding color',(#11194),#7568,
  #11178);
#11194 = PRESENTATION_STYLE_ASSIGNMENT((#11195));
#11195 = SURFACE_STYLE_USAGE(.BOTH.,#11196);
#11196 = SURFACE_SIDE_STYLE('',(#11197));
#11197 = SURFACE_STYLE_FILL_AREA(#11198);
#11198 = FILL_AREA_STYLE('',(#11199));
#11199 = FILL_AREA_STYLE_COLOUR('',#11192);
#11200 = OVER_RIDING_STYLED_ITEM('overriding color',(#11201),#7599,
  #11178);
#11201 = PRESENTATION_STYLE_ASSIGNMENT((#11202));
#11202 = SURFACE_STYLE_USAGE(.BOTH.,#11203);
#11203 = SURFACE_SIDE_STYLE('',(#11204));
#11204 = SURFACE_STYLE_FILL_AREA(#11205);
#11205 = FILL_AREA_STYLE('',(#11206));
#11206 = FILL_AREA_STYLE_COLOUR('',#11192);
#11207 = OVER_RIDING_STYLED_ITEM('overriding color',(#11208),#7657,
  #11178);
#11208 = PRESENTATION_STYLE_ASSIGNMENT((#11209));
#11209 = SURFACE_STYLE_USAGE(.BOTH.,#11210);
#11210 = SURFACE_SIDE_STYLE('',(#11211));
#11211 = SURFACE_STYLE_FILL_AREA(#11212);
#11212 = FILL_AREA_STYLE('',(#11213));
#11213 = FILL_AREA_STYLE_COLOUR('',#11192);
#11214 = OVER_RIDING_STYLED_ITEM('overriding color',(#11215),#7688,
  #11178);
#11215 = PRESENTATION_STYLE_ASSIGNMENT((#11216));
#11216 = SURFACE_STYLE_USAGE(.BOTH.,#11217);
#11217 = SURFACE_SIDE_STYLE('',(#11218));
#11218 = SURFACE_STYLE_FILL_AREA(#11219);
#11219 = FILL_AREA_STYLE('',(#11220));
#11220 = FILL_AREA_STYLE_COLOUR('',#11192);
#11221 = OVER_RIDING_STYLED_ITEM('overriding color',(#11222),#7728,
  #11178);
#11222 = PRESENTATION_STYLE_ASSIGNMENT((#11223));
#11223 = SURFACE_STYLE_USAGE(.BOTH.,#11224);
#11224 = SURFACE_SIDE_STYLE('',(#11225));
#11225 = SURFACE_STYLE_FILL_AREA(#11226);
#11226 = FILL_AREA_STYLE('',(#11227));
#11227 = FILL_AREA_STYLE_COLOUR('',#11192);
#11228 = OVER_RIDING_STYLED_ITEM('overriding color',(#11229),#7768,
  #11178);
#11229 = PRESENTATION_STYLE_ASSIGNMENT((#11230));
#11230 = SURFACE_STYLE_USAGE(.BOTH.,#11231);
#11231 = SURFACE_SIDE_STYLE('',(#11232));
#11232 = SURFACE_STYLE_FILL_AREA(#11233);
#11233 = FILL_AREA_STYLE('',(#11234));
#11234 = FILL_AREA_STYLE_COLOUR('',#11192);
#11235 = OVER_RIDING_STYLED_ITEM('overriding color',(#11236),#7799,
  #11178);
#11236 = PRESENTATION_STYLE_ASSIGNMENT((#11237));
#11237 = SURFACE_STYLE_USAGE(.BOTH.,#11238);
#11238 = SURFACE_SIDE_STYLE('',(#11239));
#11239 = SURFACE_STYLE_FILL_AREA(#11240);
#11240 = FILL_AREA_STYLE('',(#11241));
#11241 = FILL_AREA_STYLE_COLOUR('',#11192);
#11242 = OVER_RIDING_STYLED_ITEM('overriding color',(#11243),#7830,
  #11178);
#11243 = PRESENTATION_STYLE_ASSIGNMENT((#11244));
#11244 = SURFACE_STYLE_USAGE(.BOTH.,#11245);
#11245 = SURFACE_SIDE_STYLE('',(#11246));
#11246 = SURFACE_STYLE_FILL_AREA(#11247);
#11247 = FILL_AREA_STYLE('',(#11248));
#11248 = FILL_AREA_STYLE_COLOUR('',#11249);
#11249 = COLOUR_RGB('',0.647058827698,0.517647065977,0.);
#11250 = OVER_RIDING_STYLED_ITEM('overriding color',(#11251),#7870,
  #11178);
#11251 = PRESENTATION_STYLE_ASSIGNMENT((#11252));
#11252 = SURFACE_STYLE_USAGE(.BOTH.,#11253);
#11253 = SURFACE_SIDE_STYLE('',(#11254));
#11254 = SURFACE_STYLE_FILL_AREA(#11255);
#11255 = FILL_AREA_STYLE('',(#11256));
#11256 = FILL_AREA_STYLE_COLOUR('',#11249);
#11257 = OVER_RIDING_STYLED_ITEM('overriding color',(#11258),#7910,
  #11178);
#11258 = PRESENTATION_STYLE_ASSIGNMENT((#11259));
#11259 = SURFACE_STYLE_USAGE(.BOTH.,#11260);
#11260 = SURFACE_SIDE_STYLE('',(#11261));
#11261 = SURFACE_STYLE_FILL_AREA(#11262);
#11262 = FILL_AREA_STYLE('',(#11263));
#11263 = FILL_AREA_STYLE_COLOUR('',#11192);
#11264 = OVER_RIDING_STYLED_ITEM('overriding color',(#11265),#7950,
  #11178);
#11265 = PRESENTATION_STYLE_ASSIGNMENT((#11266));
#11266 = SURFACE_STYLE_USAGE(.BOTH.,#11267);
#11267 = SURFACE_SIDE_STYLE('',(#11268));
#11268 = SURFACE_STYLE_FILL_AREA(#11269);
#11269 = FILL_AREA_STYLE('',(#11270));
#11270 = FILL_AREA_STYLE_COLOUR('',#11192);
#11271 = OVER_RIDING_STYLED_ITEM('overriding color',(#11272),#7990,
  #11178);
#11272 = PRESENTATION_STYLE_ASSIGNMENT((#11273));
#11273 = SURFACE_STYLE_USAGE(.BOTH.,#11274);
#11274 = SURFACE_SIDE_STYLE('',(#11275));
#11275 = SURFACE_STYLE_FILL_AREA(#11276);
#11276 = FILL_AREA_STYLE('',(#11277));
#11277 = FILL_AREA_STYLE_COLOUR('',#11249);
#11278 = OVER_RIDING_STYLED_ITEM('overriding color',(#11279),#8026,
  #11178);
#11279 = PRESENTATION_STYLE_ASSIGNMENT((#11280));
#11280 = SURFACE_STYLE_USAGE(.BOTH.,#11281);
#11281 = SURFACE_SIDE_STYLE('',(#11282));
#11282 = SURFACE_STYLE_FILL_AREA(#11283);
#11283 = FILL_AREA_STYLE('',(#11284));
#11284 = FILL_AREA_STYLE_COLOUR('',#11192);
#11285 = OVER_RIDING_STYLED_ITEM('overriding color',(#11286),#8066,
  #11178);
#11286 = PRESENTATION_STYLE_ASSIGNMENT((#11287));
#11287 = SURFACE_STYLE_USAGE(.BOTH.,#11288);
#11288 = SURFACE_SIDE_STYLE('',(#11289));
#11289 = SURFACE_STYLE_FILL_AREA(#11290);
#11290 = FILL_AREA_STYLE('',(#11291));
#11291 = FILL_AREA_STYLE_COLOUR('',#11192);
#11292 = OVER_RIDING_STYLED_ITEM('overriding color',(#11293),#8106,
  #11178);
#11293 = PRESENTATION_STYLE_ASSIGNMENT((#11294));
#11294 = SURFACE_STYLE_USAGE(.BOTH.,#11295);
#11295 = SURFACE_SIDE_STYLE('',(#11296));
#11296 = SURFACE_STYLE_FILL_AREA(#11297);
#11297 = FILL_AREA_STYLE('',(#11298));
#11298 = FILL_AREA_STYLE_COLOUR('',#11192);
#11299 = OVER_RIDING_STYLED_ITEM('overriding color',(#11300),#8146,
  #11178);
#11300 = PRESENTATION_STYLE_ASSIGNMENT((#11301));
#11301 = SURFACE_STYLE_USAGE(.BOTH.,#11302);
#11302 = SURFACE_SIDE_STYLE('',(#11303));
#11303 = SURFACE_STYLE_FILL_AREA(#11304);
#11304 = FILL_AREA_STYLE('',(#11305));
#11305 = FILL_AREA_STYLE_COLOUR('',#11192);
#11306 = OVER_RIDING_STYLED_ITEM('overriding color',(#11307),#8186,
  #11178);
#11307 = PRESENTATION_STYLE_ASSIGNMENT((#11308));
#11308 = SURFACE_STYLE_USAGE(.BOTH.,#11309);
#11309 = SURFACE_SIDE_STYLE('',(#11310));
#11310 = SURFACE_STYLE_FILL_AREA(#11311);
#11311 = FILL_AREA_STYLE('',(#11312));
#11312 = FILL_AREA_STYLE_COLOUR('',#11192);
#11313 = OVER_RIDING_STYLED_ITEM('overriding color',(#11314),#8226,
  #11178);
#11314 = PRESENTATION_STYLE_ASSIGNMENT((#11315));
#11315 = SURFACE_STYLE_USAGE(.BOTH.,#11316);
#11316 = SURFACE_SIDE_STYLE('',(#11317));
#11317 = SURFACE_STYLE_FILL_AREA(#11318);
#11318 = FILL_AREA_STYLE('',(#11319));
#11319 = FILL_AREA_STYLE_COLOUR('',#11192);
#11320 = OVER_RIDING_STYLED_ITEM('overriding color',(#11321),#8266,
  #11178);
#11321 = PRESENTATION_STYLE_ASSIGNMENT((#11322));
#11322 = SURFACE_STYLE_USAGE(.BOTH.,#11323);
#11323 = SURFACE_SIDE_STYLE('',(#11324));
#11324 = SURFACE_STYLE_FILL_AREA(#11325);
#11325 = FILL_AREA_STYLE('',(#11326));
#11326 = FILL_AREA_STYLE_COLOUR('',#11249);
#11327 = OVER_RIDING_STYLED_ITEM('overriding color',(#11328),#8288,
  #11178);
#11328 = PRESENTATION_STYLE_ASSIGNMENT((#11329));
#11329 = SURFACE_STYLE_USAGE(.BOTH.,#11330);
#11330 = SURFACE_SIDE_STYLE('',(#11331));
#11331 = SURFACE_STYLE_FILL_AREA(#11332);
#11332 = FILL_AREA_STYLE('',(#11333));
#11333 = FILL_AREA_STYLE_COLOUR('',#11192);
#11334 = OVER_RIDING_STYLED_ITEM('overriding color',(#11335),#8312,
  #11178);
#11335 = PRESENTATION_STYLE_ASSIGNMENT((#11336));
#11336 = SURFACE_STYLE_USAGE(.BOTH.,#11337);
#11337 = SURFACE_SIDE_STYLE('',(#11338));
#11338 = SURFACE_STYLE_FILL_AREA(#11339);
#11339 = FILL_AREA_STYLE('',(#11340));
#11340 = FILL_AREA_STYLE_COLOUR('',#11192);
#11341 = OVER_RIDING_STYLED_ITEM('overriding color',(#11342),#8335,
  #11178);
#11342 = PRESENTATION_STYLE_ASSIGNMENT((#11343));
#11343 = SURFACE_STYLE_USAGE(.BOTH.,#11344);
#11344 = SURFACE_SIDE_STYLE('',(#11345));
#11345 = SURFACE_STYLE_FILL_AREA(#11346);
#11346 = FILL_AREA_STYLE('',(#11347));
#11347 = FILL_AREA_STYLE_COLOUR('',#11192);
#11348 = OVER_RIDING_STYLED_ITEM('overriding color',(#11349),#8358,
  #11178);
#11349 = PRESENTATION_STYLE_ASSIGNMENT((#11350));
#11350 = SURFACE_STYLE_USAGE(.BOTH.,#11351);
#11351 = SURFACE_SIDE_STYLE('',(#11352));
#11352 = SURFACE_STYLE_FILL_AREA(#11353);
#11353 = FILL_AREA_STYLE('',(#11354));
#11354 = FILL_AREA_STYLE_COLOUR('',#11192);
#11355 = OVER_RIDING_STYLED_ITEM('overriding color',(#11356),#8376,
  #11178);
#11356 = PRESENTATION_STYLE_ASSIGNMENT((#11357));
#11357 = SURFACE_STYLE_USAGE(.BOTH.,#11358);
#11358 = SURFACE_SIDE_STYLE('',(#11359));
#11359 = SURFACE_STYLE_FILL_AREA(#11360);
#11360 = FILL_AREA_STYLE('',(#11361));
#11361 = FILL_AREA_STYLE_COLOUR('',#11192);
#11362 = OVER_RIDING_STYLED_ITEM('overriding color',(#11363),#8394,
  #11178);
#11363 = PRESENTATION_STYLE_ASSIGNMENT((#11364));
#11364 = SURFACE_STYLE_USAGE(.BOTH.,#11365);
#11365 = SURFACE_SIDE_STYLE('',(#11366));
#11366 = SURFACE_STYLE_FILL_AREA(#11367);
#11367 = FILL_AREA_STYLE('',(#11368));
#11368 = FILL_AREA_STYLE_COLOUR('',#11192);
#11369 = OVER_RIDING_STYLED_ITEM('overriding color',(#11370),#8418,
  #11178);
#11370 = PRESENTATION_STYLE_ASSIGNMENT((#11371));
#11371 = SURFACE_STYLE_USAGE(.BOTH.,#11372);
#11372 = SURFACE_SIDE_STYLE('',(#11373));
#11373 = SURFACE_STYLE_FILL_AREA(#11374);
#11374 = FILL_AREA_STYLE('',(#11375));
#11375 = FILL_AREA_STYLE_COLOUR('',#11192);
#11376 = OVER_RIDING_STYLED_ITEM('overriding color',(#11377),#8436,
  #11178);
#11377 = PRESENTATION_STYLE_ASSIGNMENT((#11378));
#11378 = SURFACE_STYLE_USAGE(.BOTH.,#11379);
#11379 = SURFACE_SIDE_STYLE('',(#11380));
#11380 = SURFACE_STYLE_FILL_AREA(#11381);
#11381 = FILL_AREA_STYLE('',(#11382));
#11382 = FILL_AREA_STYLE_COLOUR('',#11192);
#11383 = OVER_RIDING_STYLED_ITEM('overriding color',(#11384),#8454,
  #11178);
#11384 = PRESENTATION_STYLE_ASSIGNMENT((#11385));
#11385 = SURFACE_STYLE_USAGE(.BOTH.,#11386);
#11386 = SURFACE_SIDE_STYLE('',(#11387));
#11387 = SURFACE_STYLE_FILL_AREA(#11388);
#11388 = FILL_AREA_STYLE('',(#11389));
#11389 = FILL_AREA_STYLE_COLOUR('',#11192);
#11390 = OVER_RIDING_STYLED_ITEM('overriding color',(#11391),#8480,
  #11178);
#11391 = PRESENTATION_STYLE_ASSIGNMENT((#11392));
#11392 = SURFACE_STYLE_USAGE(.BOTH.,#11393);
#11393 = SURFACE_SIDE_STYLE('',(#11394));
#11394 = SURFACE_STYLE_FILL_AREA(#11395);
#11395 = FILL_AREA_STYLE('',(#11396));
#11396 = FILL_AREA_STYLE_COLOUR('',#11192);
#11397 = OVER_RIDING_STYLED_ITEM('overriding color',(#11398),#8497,
  #11178);
#11398 = PRESENTATION_STYLE_ASSIGNMENT((#11399));
#11399 = SURFACE_STYLE_USAGE(.BOTH.,#11400);
#11400 = SURFACE_SIDE_STYLE('',(#11401));
#11401 = SURFACE_STYLE_FILL_AREA(#11402);
#11402 = FILL_AREA_STYLE('',(#11403));
#11403 = FILL_AREA_STYLE_COLOUR('',#11192);
#11404 = OVER_RIDING_STYLED_ITEM('overriding color',(#11405),#8514,
  #11178);
#11405 = PRESENTATION_STYLE_ASSIGNMENT((#11406));
#11406 = SURFACE_STYLE_USAGE(.BOTH.,#11407);
#11407 = SURFACE_SIDE_STYLE('',(#11408));
#11408 = SURFACE_STYLE_FILL_AREA(#11409);
#11409 = FILL_AREA_STYLE('',(#11410));
#11410 = FILL_AREA_STYLE_COLOUR('',#11192);
#11411 = OVER_RIDING_STYLED_ITEM('overriding color',(#11412),#8531,
  #11178);
#11412 = PRESENTATION_STYLE_ASSIGNMENT((#11413));
#11413 = SURFACE_STYLE_USAGE(.BOTH.,#11414);
#11414 = SURFACE_SIDE_STYLE('',(#11415));
#11415 = SURFACE_STYLE_FILL_AREA(#11416);
#11416 = FILL_AREA_STYLE('',(#11417));
#11417 = FILL_AREA_STYLE_COLOUR('',#11192);
#11418 = OVER_RIDING_STYLED_ITEM('overriding color',(#11419),#8548,
  #11178);
#11419 = PRESENTATION_STYLE_ASSIGNMENT((#11420));
#11420 = SURFACE_STYLE_USAGE(.BOTH.,#11421);
#11421 = SURFACE_SIDE_STYLE('',(#11422));
#11422 = SURFACE_STYLE_FILL_AREA(#11423);
#11423 = FILL_AREA_STYLE('',(#11424));
#11424 = FILL_AREA_STYLE_COLOUR('',#11192);
#11425 = OVER_RIDING_STYLED_ITEM('overriding color',(#11426),#8594,
  #11178);
#11426 = PRESENTATION_STYLE_ASSIGNMENT((#11427));
#11427 = SURFACE_STYLE_USAGE(.BOTH.,#11428);
#11428 = SURFACE_SIDE_STYLE('',(#11429));
#11429 = SURFACE_STYLE_FILL_AREA(#11430);
#11430 = FILL_AREA_STYLE('',(#11431));
#11431 = FILL_AREA_STYLE_COLOUR('',#11192);
#11432 = OVER_RIDING_STYLED_ITEM('overriding color',(#11433),#8612,
  #11178);
#11433 = PRESENTATION_STYLE_ASSIGNMENT((#11434));
#11434 = SURFACE_STYLE_USAGE(.BOTH.,#11435);
#11435 = SURFACE_SIDE_STYLE('',(#11436));
#11436 = SURFACE_STYLE_FILL_AREA(#11437);
#11437 = FILL_AREA_STYLE('',(#11438));
#11438 = FILL_AREA_STYLE_COLOUR('',#11192);
#11439 = OVER_RIDING_STYLED_ITEM('overriding color',(#11440),#8630,
  #11178);
#11440 = PRESENTATION_STYLE_ASSIGNMENT((#11441));
#11441 = SURFACE_STYLE_USAGE(.BOTH.,#11442);
#11442 = SURFACE_SIDE_STYLE('',(#11443));
#11443 = SURFACE_STYLE_FILL_AREA(#11444);
#11444 = FILL_AREA_STYLE('',(#11445));
#11445 = FILL_AREA_STYLE_COLOUR('',#11192);
#11446 = OVER_RIDING_STYLED_ITEM('overriding color',(#11447),#8684,
  #11178);
#11447 = PRESENTATION_STYLE_ASSIGNMENT((#11448));
#11448 = SURFACE_STYLE_USAGE(.BOTH.,#11449);
#11449 = SURFACE_SIDE_STYLE('',(#11450));
#11450 = SURFACE_STYLE_FILL_AREA(#11451);
#11451 = FILL_AREA_STYLE('',(#11452));
#11452 = FILL_AREA_STYLE_COLOUR('',#11192);
#11453 = OVER_RIDING_STYLED_ITEM('overriding color',(#11454),#8695,
  #11178);
#11454 = PRESENTATION_STYLE_ASSIGNMENT((#11455));
#11455 = SURFACE_STYLE_USAGE(.BOTH.,#11456);
#11456 = SURFACE_SIDE_STYLE('',(#11457));
#11457 = SURFACE_STYLE_FILL_AREA(#11458);
#11458 = FILL_AREA_STYLE('',(#11459));
#11459 = FILL_AREA_STYLE_COLOUR('',#11192);
#11460 = OVER_RIDING_STYLED_ITEM('overriding color',(#11461),#8706,
  #11178);
#11461 = PRESENTATION_STYLE_ASSIGNMENT((#11462));
#11462 = SURFACE_STYLE_USAGE(.BOTH.,#11463);
#11463 = SURFACE_SIDE_STYLE('',(#11464));
#11464 = SURFACE_STYLE_FILL_AREA(#11465);
#11465 = FILL_AREA_STYLE('',(#11466));
#11466 = FILL_AREA_STYLE_COLOUR('',#11192);
#11467 = OVER_RIDING_STYLED_ITEM('overriding color',(#11468),#8729,
  #11178);
#11468 = PRESENTATION_STYLE_ASSIGNMENT((#11469));
#11469 = SURFACE_STYLE_USAGE(.BOTH.,#11470);
#11470 = SURFACE_SIDE_STYLE('',(#11471));
#11471 = SURFACE_STYLE_FILL_AREA(#11472);
#11472 = FILL_AREA_STYLE('',(#11473));
#11473 = FILL_AREA_STYLE_COLOUR('',#11192);
#11474 = OVER_RIDING_STYLED_ITEM('overriding color',(#11475),#8760,
  #11178);
#11475 = PRESENTATION_STYLE_ASSIGNMENT((#11476));
#11476 = SURFACE_STYLE_USAGE(.BOTH.,#11477);
#11477 = SURFACE_SIDE_STYLE('',(#11478));
#11478 = SURFACE_STYLE_FILL_AREA(#11479);
#11479 = FILL_AREA_STYLE('',(#11480));
#11480 = FILL_AREA_STYLE_COLOUR('',#11192);
#11481 = OVER_RIDING_STYLED_ITEM('overriding color',(#11482),#8783,
  #11178);
#11482 = PRESENTATION_STYLE_ASSIGNMENT((#11483));
#11483 = SURFACE_STYLE_USAGE(.BOTH.,#11484);
#11484 = SURFACE_SIDE_STYLE('',(#11485));
#11485 = SURFACE_STYLE_FILL_AREA(#11486);
#11486 = FILL_AREA_STYLE('',(#11487));
#11487 = FILL_AREA_STYLE_COLOUR('',#11192);
#11488 = OVER_RIDING_STYLED_ITEM('overriding color',(#11489),#8806,
  #11178);
#11489 = PRESENTATION_STYLE_ASSIGNMENT((#11490));
#11490 = SURFACE_STYLE_USAGE(.BOTH.,#11491);
#11491 = SURFACE_SIDE_STYLE('',(#11492));
#11492 = SURFACE_STYLE_FILL_AREA(#11493);
#11493 = FILL_AREA_STYLE('',(#11494));
#11494 = FILL_AREA_STYLE_COLOUR('',#11192);
#11495 = OVER_RIDING_STYLED_ITEM('overriding color',(#11496),#8862,
  #11178);
#11496 = PRESENTATION_STYLE_ASSIGNMENT((#11497));
#11497 = SURFACE_STYLE_USAGE(.BOTH.,#11498);
#11498 = SURFACE_SIDE_STYLE('',(#11499));
#11499 = SURFACE_STYLE_FILL_AREA(#11500);
#11500 = FILL_AREA_STYLE('',(#11501));
#11501 = FILL_AREA_STYLE_COLOUR('',#11192);
#11502 = OVER_RIDING_STYLED_ITEM('overriding color',(#11503),#8880,
  #11178);
#11503 = PRESENTATION_STYLE_ASSIGNMENT((#11504));
#11504 = SURFACE_STYLE_USAGE(.BOTH.,#11505);
#11505 = SURFACE_SIDE_STYLE('',(#11506));
#11506 = SURFACE_STYLE_FILL_AREA(#11507);
#11507 = FILL_AREA_STYLE('',(#11508));
#11508 = FILL_AREA_STYLE_COLOUR('',#11192);
#11509 = OVER_RIDING_STYLED_ITEM('overriding color',(#11510),#8904,
  #11178);
#11510 = PRESENTATION_STYLE_ASSIGNMENT((#11511));
#11511 = SURFACE_STYLE_USAGE(.BOTH.,#11512);
#11512 = SURFACE_SIDE_STYLE('',(#11513));
#11513 = SURFACE_STYLE_FILL_AREA(#11514);
#11514 = FILL_AREA_STYLE('',(#11515));
#11515 = FILL_AREA_STYLE_COLOUR('',#11192);
#11516 = OVER_RIDING_STYLED_ITEM('overriding color',(#11517),#8922,
  #11178);
#11517 = PRESENTATION_STYLE_ASSIGNMENT((#11518));
#11518 = SURFACE_STYLE_USAGE(.BOTH.,#11519);
#11519 = SURFACE_SIDE_STYLE('',(#11520));
#11520 = SURFACE_STYLE_FILL_AREA(#11521);
#11521 = FILL_AREA_STYLE('',(#11522));
#11522 = FILL_AREA_STYLE_COLOUR('',#11192);
#11523 = OVER_RIDING_STYLED_ITEM('overriding color',(#11524),#8978,
  #11178);
#11524 = PRESENTATION_STYLE_ASSIGNMENT((#11525));
#11525 = SURFACE_STYLE_USAGE(.BOTH.,#11526);
#11526 = SURFACE_SIDE_STYLE('',(#11527));
#11527 = SURFACE_STYLE_FILL_AREA(#11528);
#11528 = FILL_AREA_STYLE('',(#11529));
#11529 = FILL_AREA_STYLE_COLOUR('',#11192);
#11530 = OVER_RIDING_STYLED_ITEM('overriding color',(#11531),#9030,
  #11178);
#11531 = PRESENTATION_STYLE_ASSIGNMENT((#11532));
#11532 = SURFACE_STYLE_USAGE(.BOTH.,#11533);
#11533 = SURFACE_SIDE_STYLE('',(#11534));
#11534 = SURFACE_STYLE_FILL_AREA(#11535);
#11535 = FILL_AREA_STYLE('',(#11536));
#11536 = FILL_AREA_STYLE_COLOUR('',#11192);
#11537 = OVER_RIDING_STYLED_ITEM('overriding color',(#11538),#9047,
  #11178);
#11538 = PRESENTATION_STYLE_ASSIGNMENT((#11539));
#11539 = SURFACE_STYLE_USAGE(.BOTH.,#11540);
#11540 = SURFACE_SIDE_STYLE('',(#11541));
#11541 = SURFACE_STYLE_FILL_AREA(#11542);
#11542 = FILL_AREA_STYLE('',(#11543));
#11543 = FILL_AREA_STYLE_COLOUR('',#11192);
#11544 = OVER_RIDING_STYLED_ITEM('overriding color',(#11545),#9064,
  #11178);
#11545 = PRESENTATION_STYLE_ASSIGNMENT((#11546));
#11546 = SURFACE_STYLE_USAGE(.BOTH.,#11547);
#11547 = SURFACE_SIDE_STYLE('',(#11548));
#11548 = SURFACE_STYLE_FILL_AREA(#11549);
#11549 = FILL_AREA_STYLE('',(#11550));
#11550 = FILL_AREA_STYLE_COLOUR('',#11192);
#11551 = OVER_RIDING_STYLED_ITEM('overriding color',(#11552),#9081,
  #11178);
#11552 = PRESENTATION_STYLE_ASSIGNMENT((#11553));
#11553 = SURFACE_STYLE_USAGE(.BOTH.,#11554);
#11554 = SURFACE_SIDE_STYLE('',(#11555));
#11555 = SURFACE_STYLE_FILL_AREA(#11556);
#11556 = FILL_AREA_STYLE('',(#11557));
#11557 = FILL_AREA_STYLE_COLOUR('',#11192);
#11558 = OVER_RIDING_STYLED_ITEM('overriding color',(#11559),#9098,
  #11178);
#11559 = PRESENTATION_STYLE_ASSIGNMENT((#11560));
#11560 = SURFACE_STYLE_USAGE(.BOTH.,#11561);
#11561 = SURFACE_SIDE_STYLE('',(#11562));
#11562 = SURFACE_STYLE_FILL_AREA(#11563);
#11563 = FILL_AREA_STYLE('',(#11564));
#11564 = FILL_AREA_STYLE_COLOUR('',#11192);
#11565 = OVER_RIDING_STYLED_ITEM('overriding color',(#11566),#9116,
  #11178);
#11566 = PRESENTATION_STYLE_ASSIGNMENT((#11567));
#11567 = SURFACE_STYLE_USAGE(.BOTH.,#11568);
#11568 = SURFACE_SIDE_STYLE('',(#11569));
#11569 = SURFACE_STYLE_FILL_AREA(#11570);
#11570 = FILL_AREA_STYLE('',(#11571));
#11571 = FILL_AREA_STYLE_COLOUR('',#11192);
#11572 = OVER_RIDING_STYLED_ITEM('overriding color',(#11573),#9134,
  #11178);
#11573 = PRESENTATION_STYLE_ASSIGNMENT((#11574));
#11574 = SURFACE_STYLE_USAGE(.BOTH.,#11575);
#11575 = SURFACE_SIDE_STYLE('',(#11576));
#11576 = SURFACE_STYLE_FILL_AREA(#11577);
#11577 = FILL_AREA_STYLE('',(#11578));
#11578 = FILL_AREA_STYLE_COLOUR('',#11192);
#11579 = OVER_RIDING_STYLED_ITEM('overriding color',(#11580),#9152,
  #11178);
#11580 = PRESENTATION_STYLE_ASSIGNMENT((#11581));
#11581 = SURFACE_STYLE_USAGE(.BOTH.,#11582);
#11582 = SURFACE_SIDE_STYLE('',(#11583));
#11583 = SURFACE_STYLE_FILL_AREA(#11584);
#11584 = FILL_AREA_STYLE('',(#11585));
#11585 = FILL_AREA_STYLE_COLOUR('',#11192);
#11586 = OVER_RIDING_STYLED_ITEM('overriding color',(#11587),#9170,
  #11178);
#11587 = PRESENTATION_STYLE_ASSIGNMENT((#11588));
#11588 = SURFACE_STYLE_USAGE(.BOTH.,#11589);
#11589 = SURFACE_SIDE_STYLE('',(#11590));
#11590 = SURFACE_STYLE_FILL_AREA(#11591);
#11591 = FILL_AREA_STYLE('',(#11592));
#11592 = FILL_AREA_STYLE_COLOUR('',#11192);
#11593 = OVER_RIDING_STYLED_ITEM('overriding color',(#11594),#9187,
  #11178);
#11594 = PRESENTATION_STYLE_ASSIGNMENT((#11595));
#11595 = SURFACE_STYLE_USAGE(.BOTH.,#11596);
#11596 = SURFACE_SIDE_STYLE('',(#11597));
#11597 = SURFACE_STYLE_FILL_AREA(#11598);
#11598 = FILL_AREA_STYLE('',(#11599));
#11599 = FILL_AREA_STYLE_COLOUR('',#11192);
#11600 = OVER_RIDING_STYLED_ITEM('overriding color',(#11601),#9204,
  #11178);
#11601 = PRESENTATION_STYLE_ASSIGNMENT((#11602));
#11602 = SURFACE_STYLE_USAGE(.BOTH.,#11603);
#11603 = SURFACE_SIDE_STYLE('',(#11604));
#11604 = SURFACE_STYLE_FILL_AREA(#11605);
#11605 = FILL_AREA_STYLE('',(#11606));
#11606 = FILL_AREA_STYLE_COLOUR('',#11192);
#11607 = OVER_RIDING_STYLED_ITEM('overriding color',(#11608),#9216,
  #11178);
#11608 = PRESENTATION_STYLE_ASSIGNMENT((#11609));
#11609 = SURFACE_STYLE_USAGE(.BOTH.,#11610);
#11610 = SURFACE_SIDE_STYLE('',(#11611));
#11611 = SURFACE_STYLE_FILL_AREA(#11612);
#11612 = FILL_AREA_STYLE('',(#11613));
#11613 = FILL_AREA_STYLE_COLOUR('',#11249);
#11614 = OVER_RIDING_STYLED_ITEM('overriding color',(#11615),#9230,
  #11178);
#11615 = PRESENTATION_STYLE_ASSIGNMENT((#11616));
#11616 = SURFACE_STYLE_USAGE(.BOTH.,#11617);
#11617 = SURFACE_SIDE_STYLE('',(#11618));
#11618 = SURFACE_STYLE_FILL_AREA(#11619);
#11619 = FILL_AREA_STYLE('',(#11620));
#11620 = FILL_AREA_STYLE_COLOUR('',#11249);
#11621 = OVER_RIDING_STYLED_ITEM('overriding color',(#11622),#9244,
  #11178);
#11622 = PRESENTATION_STYLE_ASSIGNMENT((#11623));
#11623 = SURFACE_STYLE_USAGE(.BOTH.,#11624);
#11624 = SURFACE_SIDE_STYLE('',(#11625));
#11625 = SURFACE_STYLE_FILL_AREA(#11626);
#11626 = FILL_AREA_STYLE('',(#11627));
#11627 = FILL_AREA_STYLE_COLOUR('',#11249);
#11628 = OVER_RIDING_STYLED_ITEM('overriding color',(#11629),#9258,
  #11178);
#11629 = PRESENTATION_STYLE_ASSIGNMENT((#11630));
#11630 = SURFACE_STYLE_USAGE(.BOTH.,#11631);
#11631 = SURFACE_SIDE_STYLE('',(#11632));
#11632 = SURFACE_STYLE_FILL_AREA(#11633);
#11633 = FILL_AREA_STYLE('',(#11634));
#11634 = FILL_AREA_STYLE_COLOUR('',#11249);
#11635 = STYLED_ITEM('color',(#11636),#9272);
#11636 = PRESENTATION_STYLE_ASSIGNMENT((#11637));
#11637 = SURFACE_STYLE_USAGE(.BOTH.,#11638);
#11638 = SURFACE_SIDE_STYLE('',(#11639));
#11639 = SURFACE_STYLE_FILL_AREA(#11640);
#11640 = FILL_AREA_STYLE('',(#11641));
#11641 = FILL_AREA_STYLE_COLOUR('',#11041);
#11642 = STYLED_ITEM('color',(#11643),#9851);
#11643 = PRESENTATION_STYLE_ASSIGNMENT((#11644));
#11644 = SURFACE_STYLE_USAGE(.BOTH.,#11645);
#11645 = SURFACE_SIDE_STYLE('',(#11646));
#11646 = SURFACE_STYLE_FILL_AREA(#11647);
#11647 = FILL_AREA_STYLE('',(#11648));
#11648 = FILL_AREA_STYLE_COLOUR('',#11041);
#11649 = STYLED_ITEM('color',(#11650),#10628);
#11650 = PRESENTATION_STYLE_ASSIGNMENT((#11651));
#11651 = SURFACE_STYLE_USAGE(.BOTH.,#11652);
#11652 = SURFACE_SIDE_STYLE('',(#11653));
#11653 = SURFACE_STYLE_FILL_AREA(#11654);
#11654 = FILL_AREA_STYLE('',(#11655));
#11655 = FILL_AREA_STYLE_COLOUR('',#11041);
#11656 = MECHANICAL_DESIGN_GEOMETRIC_PRESENTATION_REPRESENTATION('',(
    #11657),#652);
#11657 = STYLED_ITEM('color',(#11658),#502);
#11658 = PRESENTATION_STYLE_ASSIGNMENT((#11659,#11664));
#11659 = SURFACE_STYLE_USAGE(.BOTH.,#11660);
#11660 = SURFACE_SIDE_STYLE('',(#11661));
#11661 = SURFACE_STYLE_FILL_AREA(#11662);
#11662 = FILL_AREA_STYLE('',(#11663));
#11663 = FILL_AREA_STYLE_COLOUR('',#11174);
#11664 = CURVE_STYLE('',#11665,POSITIVE_LENGTH_MEASURE(0.1),#11174);
#11665 = DRAUGHTING_PRE_DEFINED_CURVE_FONT('continuous');
ENDSEC;
END-ISO-10303-21;
